domain,categories,reason
cbetn.com,bank,Gambling-risk term: bet
thecbet.com,bank,Gambling-risk term: bet
banque-casino.fr,bank,Gambling-risk term: casino
betterbanks.com,bank,Gambling-risk term: bet
casinoretraitinstantane.fr,jobsearch,Gambling-risk term: casino
casinomadness.fr,jobsearch,Gambling-risk term: casino
betagammacomputing.com,jobsearch,Gambling-risk term: bet
fastslotsbonus.fr,jobsearch,"Gambling-risk term: slot, slots"
betbobguvenilirmi.com,jobsearch,Gambling-risk term: bet
fatpiratecasinos.fr,jobsearch,"Gambling-risk term: casino, casinos"
betonredcasinofr.fr,jobsearch,"Gambling-risk term: bet, casino"
casinoepic.fr,jobsearch,Gambling-risk term: casino
casinodracula.fr,jobsearch,Also found in gambling blocklist
goldenvegascasinoapp.fr,jobsearch,Gambling-risk term: casino
autoslot88aaa.com,jobsearch,Gambling-risk term: slot
donbets.fr,jobsearch,Gambling-risk term: bet
freespinsslotsuk.com,jobsearch,"Gambling-risk term: slot, slots"
casinotortugafr.fr,jobsearch,Gambling-risk term: casino
casinomaxi-tiger.vip,jobsearch,Gambling-risk term: casino
betaland.live,jobsearch,Gambling-risk term: bet
clickwaliyabet.com,jobsearch,Gambling-risk term: bet
bankonbets.fr,jobsearch,Gambling-risk term: bet
blockspinscasino.fr,jobsearch,Gambling-risk term: casino
buy.jprintwerbetechnik.shop,jobsearch,Gambling-risk term: bet
casinolo1.fr,jobsearch,Gambling-risk term: casino
goldenbetfr.fr,jobsearch,Gambling-risk term: bet
bdmbet2.fr,jobsearch,Also found in gambling blocklist
casinoextra1.fr,jobsearch,Gambling-risk term: casino
burancasinopromocode.fr,jobsearch,Gambling-risk term: casino
extracasinofrance.fr,jobsearch,Gambling-risk term: casino
bigbeta.cool,jobsearch,Gambling-risk term: bet
casinogoldenpanda.fr,jobsearch,Gambling-risk term: casino
blackdiamondcasino.fr,jobsearch,Gambling-risk term: casino
golden-bets24.site,jobsearch,Gambling-risk term: bet
casinofrance55.fr,jobsearch,Gambling-risk term: casino
casinoluckyblock.fr,jobsearch,Gambling-risk term: casino
bet25casino.fr,jobsearch,"Gambling-risk term: bet, casino"
betprimeiro.fr,jobsearch,Gambling-risk term: bet
fun88asia1.com,jobsearch,Also found in gambling blocklist
banzaicasino365.fr,jobsearch,Gambling-risk term: casino
estrelabet.fr,jobsearch,Gambling-risk term: bet
chudjenbet99.com,jobsearch,Gambling-risk term: bet
bravobet.fr,jobsearch,Gambling-risk term: bet
blindluckcasino.fr,jobsearch,Gambling-risk term: casino
casinorainbet.fr,jobsearch,"Gambling-risk term: bet, casino"
goldexcasinos.fr,jobsearch,"Gambling-risk term: casino, casinos"
casinoexperttopfr.fr,jobsearch,Gambling-risk term: casino
bankonbetcasinoapp.fr,jobsearch,"Gambling-risk term: bet, casino"
bets10-art.com,jobsearch,Gambling-risk term: bet
casoocasino.fr,jobsearch,Gambling-risk term: casino
betifycasinoo.fr,jobsearch,"Gambling-risk term: bet, casino"
betsinx.top,jobsearch,Gambling-risk term: bet
gqbetcasino.fr,jobsearch,"Gambling-risk term: bet, casino"
betbrightcasino.fr,jobsearch,"Gambling-risk term: bet, casino"
casinozercasinoo.fr,jobsearch,Gambling-risk term: casino
betn1casino777.fr,jobsearch,"Gambling-risk term: bet, casino"
beta-spectre.com,jobsearch,Gambling-risk term: bet
casinomaxi-nisan.vip,jobsearch,Gambling-risk term: casino
casinoprivefrance.fr,jobsearch,Gambling-risk term: casino
beta.oneclick-beauty.com,jobsearch,Gambling-risk term: bet
betathermeg.com,jobsearch,Gambling-risk term: bet
casinosimsinos.fr,jobsearch,"Gambling-risk term: casino, casinos"
azurcasinoo.fr,jobsearch,Gambling-risk term: casino
casinacasino.fr,jobsearch,Gambling-risk term: casino
brunocasinobet.fr,jobsearch,"Gambling-risk term: bet, casino"
catittembetaft.info,jobsearch,Gambling-risk term: bet
betnews24.com,jobsearch,Gambling-risk term: bet
baxterbet1.fr,jobsearch,Gambling-risk term: bet
bet365-910.com,jobsearch,Gambling-risk term: bet
casinocoolzino.fr,jobsearch,Gambling-risk term: casino
bingoalcasinoapp.fr,jobsearch,"Gambling-risk term: bingo, casino"
casinosmadnix.fr,jobsearch,"Gambling-risk term: casino, casinos"
betpandacasino777.fr,jobsearch,"Gambling-risk term: bet, casino"
cobetsale.com,jobsearch,Gambling-risk term: bet
casinoclassic1.fr,jobsearch,Gambling-risk term: casino
casinosjulius.fr,jobsearch,"Gambling-risk term: casino, casinos"
casinoscratchmania.fr,jobsearch,"Gambling-risk term: casino, casinos"
betirocasino.fr,jobsearch,"Gambling-risk term: bet, casino"
bankonbetcasinopromocode.fr,jobsearch,"Gambling-risk term: bet, casino"
bettyazari.com,jobsearch,Gambling-risk term: bet
goldenpanda2.fr,jobsearch,Also found in gambling blocklist
casinotouch.fr,jobsearch,Gambling-risk term: casino
casinomartin.fr,jobsearch,Gambling-risk term: casino
casinovegasino.fr,jobsearch,Gambling-risk term: casino
bethesdacommunity.org,jobsearch,Gambling-risk term: bet
casinospistolo.fr,jobsearch,"Gambling-risk term: casino, casinos"
casinosamazing.fr,jobsearch,"Gambling-risk term: casino, casinos"
bet88we.com,jobsearch,Gambling-risk term: bet
cadoolacasinoapp.fr,jobsearch,Gambling-risk term: casino
fun581.com,jobsearch,Also found in gambling blocklist
casinosfatboss.fr,jobsearch,"Gambling-risk term: casino, casinos"
cadoolacasino.fr,jobsearch,Gambling-risk term: casino
betbob100.com,jobsearch,Gambling-risk term: bet
easiabet.com,jobsearch,Gambling-risk term: bet
betealektrik.com,jobsearch,Gambling-risk term: bet
flash-casinos.net,jobsearch,"Gambling-risk term: casino, casinos"
genybets.fr,jobsearch,Gambling-risk term: bet
casinosspinbara.fr,jobsearch,"Gambling-risk term: casino, casinos"
cashedcasinofr.fr,jobsearch,Gambling-risk term: casino
fun580.com,jobsearch,Also found in gambling blocklist
glad.jprintwerbetechnik.shop,jobsearch,Gambling-risk term: bet
grosvenorcasino.fr,jobsearch,Gambling-risk term: casino
betalco.biz,jobsearch,Gambling-risk term: bet
casinomillionz.fr,jobsearch,Gambling-risk term: casino
casinobit.fr,jobsearch,Gambling-risk term: casino
getslots.fr,jobsearch,"Gambling-risk term: slot, slots"
axecasino.fr,jobsearch,Gambling-risk term: casino
grandzcasino777.fr,jobsearch,Gambling-risk term: casino
brutalcasinos.fr,jobsearch,"Gambling-risk term: casino, casinos"
betfair.com.in.satfair.com.in,jobsearch,Gambling-risk term: bet
granotubet.rest,jobsearch,Gambling-risk term: bet
betzinocasinofrance.fr,jobsearch,"Gambling-risk term: bet, casino"
exclusivecasinologin.fr,jobsearch,Gambling-risk term: casino
bees10-bahiscasino.com,jobsearch,"Gambling-risk term: bahis, casino"
dragonpoker.online,jobsearch,Gambling-risk term: poker
casinosspinanga.fr,jobsearch,"Gambling-risk term: casino, casinos"
betterzone.info,jobsearch,Gambling-risk term: bet
divaspincasino.fr,jobsearch,Gambling-risk term: casino
exclusivecasinoapp777.fr,jobsearch,Gambling-risk term: casino
gratowincasino.fr,jobsearch,Gambling-risk term: casino
cigaroslotajartp2.xyz,jobsearch,Gambling-risk term: slot
bandarwinsbobet.com,jobsearch,Gambling-risk term: bet
casinomillioner.fr,jobsearch,Gambling-risk term: casino
grandpashabet-2217.com,jobsearch,Gambling-risk term: bet
cazeuscasinos.fr,jobsearch,"Gambling-risk term: casino, casinos"
casinohappyhugo.fr,jobsearch,Gambling-risk term: casino
gacorportbet88.space,jobsearch,Gambling-risk term: bet
bet365943.com,jobsearch,Gambling-risk term: bet
duospincasino.fr,jobsearch,Gambling-risk term: casino
bc.ai,jobsearch,Also found in gambling blocklist
fastslotscasino888.fr,jobsearch,"Gambling-risk term: casino, slot, slots"
bonusbetcasinobonus.fr,jobsearch,"Gambling-risk term: bet, casino"
casinoslab.fr,jobsearch,"Gambling-risk term: casino, casinos"
discowincasino.fr,jobsearch,Gambling-risk term: casino
bet365v6.cc,jobsearch,Gambling-risk term: bet
bdmbetcasinofrance.fr,jobsearch,"Gambling-risk term: bet, casino"
casinobdmbets.fr,jobsearch,"Gambling-risk term: bet, casino"
casinosbetify.fr,jobsearch,"Gambling-risk term: bet, casino, casinos"
betpandacasinoapp.fr,jobsearch,"Gambling-risk term: bet, casino"
goldenvegascasinologin.fr,jobsearch,Gambling-risk term: casino
cashedcasinos.fr,jobsearch,"Gambling-risk term: casino, casinos"
beta-aspect-tech.com,jobsearch,Gambling-risk term: bet
casinospinsy.fr,jobsearch,"Gambling-risk term: casino, casinos"
casinoquickwin.fr,jobsearch,Gambling-risk term: casino
casinomad.fr,jobsearch,Gambling-risk term: casino
casinomasxi909.com,jobsearch,Gambling-risk term: casino
betcic.fr,jobsearch,Gambling-risk term: bet
cloverspincasino.fr,jobsearch,Gambling-risk term: casino
fortunacasino.fr,jobsearch,Also found in gambling blocklist
hahaslot77ke2.pages.dev,jobsearch,Gambling-risk term: slot
betifyfr.fr,jobsearch,Gambling-risk term: bet
bitcoinisthebettermoney.com,jobsearch,Gambling-risk term: bet
betarshallow.icu,jobsearch,Gambling-risk term: bet
casinowonaco.fr,jobsearch,Gambling-risk term: casino
gmc00slot.online,jobsearch,Gambling-risk term: slot
betbhaibetting.com,jobsearch,"Gambling-risk term: bet, betting"
dudespincasino.fr,jobsearch,Gambling-risk term: casino
casinokingmaker.fr,jobsearch,Gambling-risk term: casino
bettyhershberger.shop,jobsearch,Gambling-risk term: bet
bet63090.com,jobsearch,Gambling-risk term: bet
casinocareers.com,jobsearch,Also found in gambling blocklist
casinopartouchefrance.fr,jobsearch,Gambling-risk term: casino
casinobarrieree.fr,jobsearch,Gambling-risk term: casino
goldbetcasino.fr,jobsearch,"Gambling-risk term: bet, casino"
bet63ttt.com,jobsearch,Gambling-risk term: bet
cashedcasinobonus.fr,jobsearch,Gambling-risk term: casino
betemartelouugene.webflow.io,jobsearch,Gambling-risk term: bet
clawlivebet.fr,jobsearch,Gambling-risk term: bet
drakecasino.fr,jobsearch,Gambling-risk term: casino
fixbet-aff.vip,jobsearch,Gambling-risk term: bet
gamacasino.fr,jobsearch,Gambling-risk term: casino
familyneverbetrays.com,jobsearch,Gambling-risk term: bet
casinoprivefr.fr,jobsearch,Gambling-risk term: casino
betroen-vixmar.com,jobsearch,Gambling-risk term: bet
burancasinologin.fr,jobsearch,Gambling-risk term: casino
casinorobocat.fr,jobsearch,Gambling-risk term: casino
betifycasinos.fr,jobsearch,"Gambling-risk term: bet, casino, casinos"
casinomagius.fr,jobsearch,Gambling-risk term: casino
fixbet-safe.vip,jobsearch,Gambling-risk term: bet
gamblezencasino.fr,jobsearch,Gambling-risk term: casino
betplanet.site,jobsearch,Gambling-risk term: bet
casinadocasino.fr,jobsearch,Gambling-risk term: casino
betonredcasinofrance.fr,jobsearch,"Gambling-risk term: bet, casino"
beonbet.fr,jobsearch,Gambling-risk term: bet
casinoclicpromo.fr,jobsearch,Gambling-risk term: casino
casinomanga.fr,jobsearch,Gambling-risk term: casino
casumocasino.fr,jobsearch,Gambling-risk term: casino
bettereverydaylife.shop,jobsearch,Gambling-risk term: bet
clapscasino.fr,jobsearch,Gambling-risk term: casino
casinosmafia.fr,jobsearch,"Gambling-risk term: casino, casinos"
galabetgunceladresi.net,jobsearch,Gambling-risk term: bet
feelbetterspace.top,jobsearch,Gambling-risk term: bet
betfurycasino.fr,jobsearch,"Gambling-risk term: bet, casino"
bonusbetcasinoapp.fr,jobsearch,"Gambling-risk term: bet, casino"
casinocresus.fr,jobsearch,Gambling-risk term: casino
brunocasinoenligne.fr,jobsearch,Gambling-risk term: casino
casinowinmachance.fr,jobsearch,Gambling-risk term: casino
bet-zone365.site,jobsearch,Gambling-risk term: bet
fyrebet.net,jobsearch,Gambling-risk term: bet
boomerangbetcasino.fr,jobsearch,"Gambling-risk term: bet, casino"
g9betmax.site,jobsearch,Gambling-risk term: bet
betzonefr.fr,jobsearch,Gambling-risk term: bet
awalslot11.top,jobsearch,Gambling-risk term: slot
betfootballdung.com,jobsearch,Gambling-risk term: bet
djbet88.com,jobsearch,Gambling-risk term: bet
dioxa-betrix-ai.com,jobsearch,Gambling-risk term: bet
gransinoscasino.fr,jobsearch,Gambling-risk term: casino
beta.taonutpad.pages.dev,jobsearch,Gambling-risk term: bet
grandzcasinoapp.fr,jobsearch,Gambling-risk term: casino
casinomaxsi906.com,jobsearch,Gambling-risk term: casino
betprognoz.pro,jobsearch,Gambling-risk term: bet
casinoclicbonus.fr,jobsearch,Gambling-risk term: casino
exclusivecasinobonus.fr,jobsearch,Gambling-risk term: casino
captainslotsfr.fr,jobsearch,"Gambling-risk term: slot, slots"
casiniacasinologin.fr,jobsearch,Gambling-risk term: casino
eurolottocasino.fr,jobsearch,Gambling-risk term: casino
casinorodeoslot.fr,jobsearch,"Gambling-risk term: casino, slot"
dioxabetrixapp.net,jobsearch,Gambling-risk term: bet
chaussureslottusse.fr,jobsearch,Gambling-risk term: slot
betiro.fr,jobsearch,Gambling-risk term: bet
bet420.cc,jobsearch,Gambling-risk term: bet
betsyrothstein.com,jobsearch,Gambling-risk term: bet
goldenvegascasinobonus.fr,jobsearch,Gambling-risk term: casino
betoranjecasino.fr,jobsearch,"Gambling-risk term: bet, casino"
casinozercasinos.fr,jobsearch,"Gambling-risk term: casino, casinos"
betthlehemschools.org,jobsearch,Gambling-risk term: bet
bdmbetscasino.fr,jobsearch,"Gambling-risk term: bet, casino"
grandpashabet-bravo.live,jobsearch,Gambling-risk term: bet
driplayo.niteowlcasino.com,jobsearch,Gambling-risk term: casino
betnpyd.goldsales.sbs,jobsearch,Gambling-risk term: bet
casinovalyss.fr,jobsearch,Gambling-risk term: casino
fun88asia.com,jobsearch,Also found in gambling blocklist
chuanbet.com,jobsearch,Gambling-risk term: bet
bettywinerin.live,jobsearch,Gambling-risk term: bet
betfair.com,"games, jobsearch",Already verified gambling
fortuneclockcasino.fr,jobsearch,Gambling-risk term: casino
beta.formationalstatisticesdomainnameservers3.pages.dev,jobsearch,Gambling-risk term: bet
fun88.com,jobsearch,Also found in gambling blocklist
casinolegalenligne.fr,jobsearch,Gambling-risk term: casino
casinobetify1.fr,jobsearch,"Gambling-risk term: bet, casino"
gobbet-zoyra.store,jobsearch,Gambling-risk term: bet
binobetcasino.fr,jobsearch,"Gambling-risk term: bet, casino"
betonredcasino1.fr,jobsearch,"Gambling-risk term: bet, casino"
bigclashcasinos.fr,jobsearch,"Gambling-risk term: casino, casinos"
casinogame770.fr,jobsearch,Gambling-risk term: casino
gunsbetcasino.fr,jobsearch,"Gambling-risk term: bet, casino"
funtibet.com,jobsearch,Gambling-risk term: bet
cazeuscasinofr.fr,jobsearch,Gambling-risk term: casino
bethpagecommunity.net,jobsearch,Gambling-risk term: bet
betriotcasinofrance.fr,jobsearch,"Gambling-risk term: bet, casino"
bdmbetcasinoo.fr,jobsearch,"Gambling-risk term: bet, casino"
casinointernettspill.com,jobsearch,Gambling-risk term: casino
bbva-bet.com,jobsearch,Gambling-risk term: bet
bonusbetcasinologin.fr,jobsearch,"Gambling-risk term: bet, casino"
betibet.fr,jobsearch,Gambling-risk term: bet
casinocorgibet.fr,jobsearch,"Gambling-risk term: bet, casino"
casinovegashero.fr,jobsearch,Gambling-risk term: casino
bet2indo.net,jobsearch,Gambling-risk term: bet
bonusbetcasinobonus777.fr,jobsearch,"Gambling-risk term: bet, casino"
casinobetclic.fr,jobsearch,"Gambling-risk term: bet, casino"
bofcasino.fr,jobsearch,Gambling-risk term: casino
bet365-485.com,jobsearch,Gambling-risk term: bet
boomerangcasinologin.fr,jobsearch,Gambling-risk term: casino
chipscasino.fr,jobsearch,Gambling-risk term: casino
cabarinocasino.fr,jobsearch,Gambling-risk term: casino
burbetexplatform.com,jobsearch,Gambling-risk term: bet
casinoinfinityy.fr,jobsearch,Gambling-risk term: casino
ceo.jprintwerbetechnik.shop,jobsearch,Gambling-risk term: bet
casinocasoo.fr,jobsearch,Gambling-risk term: casino
bet365huangguang3.com,jobsearch,Gambling-risk term: bet
casinolab1.fr,jobsearch,Gambling-risk term: casino
epicjackcasino.fr,jobsearch,Gambling-risk term: casino
goldenvegascasinode777.fr,jobsearch,Gambling-risk term: casino
betifycasinos1.fr,jobsearch,"Gambling-risk term: bet, casino, casinos"
bugildbett.top,jobsearch,Gambling-risk term: bet
casinozerofficiel.fr,jobsearch,Gambling-risk term: casino
goldspincasino.fr,jobsearch,Gambling-risk term: casino
etherylcasino.fr,jobsearch,Gambling-risk term: casino
casinoigobet.fr,jobsearch,"Gambling-risk term: bet, casino"
coincasinopro.fr,jobsearch,Gambling-risk term: casino
betway.com,jobsearch,Already verified gambling
casinometropol-salvador.vip,jobsearch,Gambling-risk term: casino
better-pick.com,jobsearch,Gambling-risk term: bet
betifycasinoenligne.fr,jobsearch,"Gambling-risk term: bet, casino"
betzinocasinos.fr,jobsearch,"Gambling-risk term: bet, casino, casinos"
bet365-400.com,jobsearch,Gambling-risk term: bet
casinofastslots.fr,jobsearch,"Gambling-risk term: casino, slot, slots"
casinolabfrance.fr,jobsearch,Gambling-risk term: casino
elizabeth-6-jackson-98.pages.dev,jobsearch,Gambling-risk term: bet
fun808.com,jobsearch,Also found in gambling blocklist
dicebet.quest,jobsearch,Gambling-risk term: bet
casinometropol-fiber.vip,jobsearch,Gambling-risk term: casino
casinoclicmobile777.fr,jobsearch,Gambling-risk term: casino
celsiuscasinobonus.fr,jobsearch,Gambling-risk term: casino
casinonightenligne.fr,jobsearch,Gambling-risk term: casino
fnrxm.bestbetter.sbs,jobsearch,Gambling-risk term: bet
casinoenlignne.fr,jobsearch,Gambling-risk term: casino
brutalcasino.fr,jobsearch,Gambling-risk term: casino
casinomaxi-slot.vip,jobsearch,"Gambling-risk term: casino, slot"
bets263.online,jobsearch,Gambling-risk term: bet
betifyjeu.fr,jobsearch,Gambling-risk term: bet
awalslot.shop,jobsearch,"Gambling-risk term: slot, slots"
betfurycasinobet.fr,jobsearch,"Gambling-risk term: bet, casino"
bets10-ongiris.com,jobsearch,Gambling-risk term: bet
casinobonuszone.fr,jobsearch,Gambling-risk term: casino
betflixautos.net,jobsearch,Gambling-risk term: bet
francebetwinner.fr,jobsearch,Gambling-risk term: bet
casinozercasino1.fr,jobsearch,Gambling-risk term: casino
godofcasino1.fr,jobsearch,Gambling-risk term: casino
bombslot42.lat,jobsearch,Gambling-risk term: slot
casinoscresus.fr,jobsearch,"Gambling-risk term: casino, casinos"
betbetter.online,jobsearch,Gambling-risk term: bet
casino770slot.fr,jobsearch,"Gambling-risk term: casino, slot"
betriots.fr,jobsearch,Gambling-risk term: bet
chilebetaconip.con-ip.com,jobsearch,Gambling-risk term: bet
casinora1.fr,jobsearch,Gambling-risk term: casino
casinosinstant.fr,jobsearch,"Gambling-risk term: casino, casinos"
divasluckcasino.fr,jobsearch,Gambling-risk term: casino
betcloc.fr,jobsearch,Gambling-risk term: bet
elizabethsanta.shop,jobsearch,Gambling-risk term: bet
bdmbetcasinofr.fr,jobsearch,"Gambling-risk term: bet, casino"
betzone-24.site,jobsearch,Gambling-risk term: bet
betexia.com,jobsearch,Gambling-risk term: bet
bingo-time.ru,jobsearch,Gambling-risk term: bingo
cherrygoldcasino.fr,jobsearch,Gambling-risk term: casino
freespincasinopromocode.fr,jobsearch,Gambling-risk term: casino
betandreas-azer-bet.top,jobsearch,Gambling-risk term: bet
betssoncasino.fr,jobsearch,"Gambling-risk term: bet, casino"
betario.shop,jobsearch,Also found in gambling blocklist
betovo.fr,jobsearch,Gambling-risk term: bet
fatpiratecasino777.fr,jobsearch,Gambling-risk term: casino
goldenpandacasinoonline.fr,jobsearch,Gambling-risk term: casino
bdmbetfr.fr,jobsearch,Gambling-risk term: bet
betifybonus.fr,jobsearch,Gambling-risk term: bet
gamblingdeposit.com,jobsearch,Gambling-risk term: gambling
casinoocresussfrance.fr,jobsearch,Gambling-risk term: casino
casino-online.sman2sukawati.sch.id,jobsearch,Gambling-risk term: casino
casinototal.fr,jobsearch,Gambling-risk term: casino
beta-listings.com,jobsearch,Gambling-risk term: bet
bets10-fight.vip,jobsearch,Gambling-risk term: bet
driftslot-fej.site,jobsearch,Gambling-risk term: slot
betfurycasinofrance.fr,jobsearch,"Gambling-risk term: bet, casino"
cashimashicasinobonus777.fr,jobsearch,Gambling-risk term: casino
bingoalcasinobonus.fr,jobsearch,"Gambling-risk term: bingo, casino"
frumzicasinos.fr,jobsearch,"Gambling-risk term: casino, casinos"
gjxu.betindex.sbs,jobsearch,Gambling-risk term: bet
casinogodofcoins.fr,jobsearch,Gambling-risk term: casino
celsiuscasinopromo.fr,jobsearch,Gambling-risk term: casino
coinpokercasino.fr,jobsearch,"Gambling-risk term: casino, poker"
casinosintense.fr,jobsearch,"Gambling-risk term: casino, casinos"
grandzcasinologin.fr,jobsearch,Gambling-risk term: casino
freespincasinologin.fr,jobsearch,Gambling-risk term: casino
dragoniacasino.fr,jobsearch,Gambling-risk term: casino
betbyweb.com,jobsearch,Gambling-risk term: bet
goldenbetcasinos.fr,jobsearch,"Gambling-risk term: bet, casino, casinos"
frumzibet.fr,jobsearch,Gambling-risk term: bet
casinoobetifyfrance.fr,jobsearch,"Gambling-risk term: bet, casino"
casinoobetify1.fr,jobsearch,"Gambling-risk term: bet, casino"
etjvs.bestbetter.sbs,jobsearch,Gambling-risk term: bet
bingoalcasinologin.fr,jobsearch,"Gambling-risk term: bingo, casino"
casinolucky8.fr,jobsearch,Gambling-risk term: casino
casombiecasinocodepromo.fr,jobsearch,Gambling-risk term: casino
bogartcasino.fr,jobsearch,Gambling-risk term: casino
casinolyenligne.fr,jobsearch,Gambling-risk term: casino
cloudbetcasino.fr,jobsearch,"Gambling-risk term: bet, casino"
buildbettertables.com,jobsearch,Gambling-risk term: bet
fezbetcasino.fr,jobsearch,"Gambling-risk term: bet, casino"
gsparks.pointpokers.com,jobsearch,Gambling-risk term: poker
casinoocresuss1.fr,jobsearch,Gambling-risk term: casino
axecasino1.com,jobsearch,Also found in gambling blocklist
betabangladesh.com,jobsearch,Gambling-risk term: bet
durangocoachbethwalker.com,jobsearch,Gambling-risk term: bet
casinononstop.fr,jobsearch,Gambling-risk term: casino
bonusdecasinoenligne.fr,jobsearch,Gambling-risk term: casino
elizabethgolf.shop,jobsearch,Gambling-risk term: bet
brunocasinologin.fr,jobsearch,Gambling-risk term: casino
betnacional.com,jobsearch,Also found in gambling blocklist
casinobetonred.fr,jobsearch,"Gambling-risk term: bet, casino"
goldentigercasino.fr,jobsearch,Gambling-risk term: casino
freespincasinodeposit.fr,jobsearch,Gambling-risk term: casino
bestbettersolutions.com,jobsearch,Gambling-risk term: bet
bonusbetcasinologin777.fr,jobsearch,"Gambling-risk term: bet, casino"
bethall1.fr,jobsearch,Gambling-risk term: bet
boomzinocasino.fr,jobsearch,Gambling-risk term: casino
donbetcasinoapp.fr,jobsearch,"Gambling-risk term: bet, casino"
betpandacasinologin.fr,jobsearch,"Gambling-risk term: bet, casino"
casinowildrobin.fr,jobsearch,Gambling-risk term: casino
casinotalismania.fr,jobsearch,Gambling-risk term: casino
casibomonline.casino,jobsearch,Gambling-risk term: casino
betal-urfo.ru,jobsearch,Gambling-risk term: bet
bet36536533.com,jobsearch,Gambling-risk term: bet
casinohorus.fr,jobsearch,Gambling-risk term: casino
cashimashicasinologin.fr,jobsearch,Gambling-risk term: casino
bethallcasino.fr,jobsearch,"Gambling-risk term: bet, casino"
betycasino.fr,jobsearch,"Gambling-risk term: bet, casino"
casinocasombie.fr,jobsearch,Gambling-risk term: casino
diabetesstrength.com,jobsearch,Gambling-risk term: bet
burbetex-platform.com,jobsearch,Gambling-risk term: bet
cloudbetcasinobonus.fr,jobsearch,"Gambling-risk term: bet, casino"
casino-online-top193.top,jobsearch,Gambling-risk term: casino
casinomoxi891.com,jobsearch,Gambling-risk term: casino
bet88ga.com,jobsearch,Gambling-risk term: bet
casinabetify.fr,jobsearch,Gambling-risk term: bet
betifyjeux.fr,jobsearch,Gambling-risk term: bet
fixbet-vate.vip,jobsearch,Gambling-risk term: bet
casinoallyspin.fr,jobsearch,Gambling-risk term: casino
casinometropol-lucky.vip,jobsearch,Gambling-risk term: casino
blacklabelcasino.fr,jobsearch,Also found in gambling blocklist
casinos770.fr,jobsearch,"Gambling-risk term: casino, casinos"
betbutaaktiv.com,jobsearch,Gambling-risk term: bet
betitoncasino.fr,jobsearch,"Gambling-risk term: bet, casino"
betfury.fr,jobsearch,Gambling-risk term: bet
casinoinfinite777.fr,jobsearch,Gambling-risk term: casino
betterbody-online.com,jobsearch,Gambling-risk term: bet
fjpalz.betsales.top,jobsearch,Gambling-risk term: bet
beribetnol.pw,jobsearch,Gambling-risk term: bet
betvirustest.tk,jobsearch,Gambling-risk term: bet
cashtigerslots777.com,jobsearch,"Gambling-risk term: slot, slots"
fun688.com,jobsearch,Also found in gambling blocklist
fastslotscasinoonline.fr,jobsearch,"Gambling-risk term: casino, slot, slots"
godofcasinopromocode.fr,jobsearch,Gambling-risk term: casino
betandreas-azer-777.top,jobsearch,Gambling-risk term: bet
gokongcasinocasino.fr,jobsearch,Gambling-risk term: casino
casinosspinmama.fr,jobsearch,"Gambling-risk term: casino, casinos"
burancasinoonline777.fr,jobsearch,Gambling-risk term: casino
color.jprintwerbetechnik.shop,jobsearch,Gambling-risk term: bet
cloudbetcasino777.fr,jobsearch,"Gambling-risk term: bet, casino"
betorycasino.fr,jobsearch,"Gambling-risk term: bet, casino"
grandxcasino.fr,jobsearch,Gambling-risk term: casino
br4bet.top,jobsearch,Gambling-risk term: bet
betifycasinofrance.fr,jobsearch,"Gambling-risk term: bet, casino"
betelleavesbd.org,jobsearch,Gambling-risk term: bet
betrivieracasino.fr,jobsearch,"Gambling-risk term: bet, casino"
goldenpandacasinofr.fr,jobsearch,Gambling-risk term: casino
dnopd.slotbkk.ru.com,jobsearch,Gambling-risk term: slot
azurcasinomoncompte.fr,jobsearch,Gambling-risk term: casino
bet365-272.com,jobsearch,Gambling-risk term: bet
elitecasinofr.fr,jobsearch,Gambling-risk term: casino
forbet-poland.com,jobsearch,Gambling-risk term: bet
fastslots1.fr,jobsearch,"Gambling-risk term: slot, slots"
goldengeniecasino.fr,jobsearch,Gambling-risk term: casino
bc108.net,jobsearch,Also found in gambling blocklist
betonred1.fr,jobsearch,Gambling-risk term: bet
greatwincasinoapp.fr,jobsearch,Gambling-risk term: casino
hblz.bestbetter.sbs,jobsearch,Gambling-risk term: bet
betbobguncel.com,jobsearch,Gambling-risk term: bet
fatbosscasinofrance.fr,jobsearch,Gambling-risk term: casino
casinohermesfrance.fr,jobsearch,Gambling-risk term: casino
circuscasino1.fr,jobsearch,Gambling-risk term: casino
goldenminacasino.fr,jobsearch,Gambling-risk term: casino
betandreas-azer-spin.top,jobsearch,Gambling-risk term: bet
casino-legrand.info,jobsearch,Gambling-risk term: casino
betterful.top,jobsearch,Gambling-risk term: bet
bofcasino1.fr,jobsearch,Gambling-risk term: casino
casinofatpirate.fr,jobsearch,Gambling-risk term: casino
casinofrancebest.fr,jobsearch,Gambling-risk term: casino
halobet-login.click,jobsearch,Gambling-risk term: bet
fdjcasino.fr,jobsearch,Gambling-risk term: casino
betpandacasino.fr,jobsearch,"Gambling-risk term: bet, casino"
egabet.net,jobsearch,Gambling-risk term: bet
casinozerlogin.fr,jobsearch,Gambling-risk term: casino
casinopaysafecard.fr,jobsearch,Gambling-risk term: casino
bingosuperkids.com,jobsearch,Gambling-risk term: bingo
beta.lelivreur09.com,jobsearch,Gambling-risk term: bet
birth.jprintwerbetechnik.shop,jobsearch,Gambling-risk term: bet
bettyasha.com,jobsearch,Gambling-risk term: bet
goldzinocasino.fr,jobsearch,Gambling-risk term: casino
bigdollarcasino.fr,jobsearch,Gambling-risk term: casino
casinocresussfrance.fr,jobsearch,Gambling-risk term: casino
betscloud.us,jobsearch,Gambling-risk term: bet
casinocliclogin.fr,jobsearch,Gambling-risk term: casino
casinosroobet.fr,jobsearch,"Gambling-risk term: bet, casino, casinos"
boxspring-betten-outlet.com,jobsearch,Gambling-risk term: bet
betn1casinomobile.fr,jobsearch,"Gambling-risk term: bet, casino"
hellspincasino.fr,jobsearch,Gambling-risk term: casino
betblastcasinos.fr,jobsearch,"Gambling-risk term: bet, casino, casinos"
casinofrumzi.fr,jobsearch,Gambling-risk term: casino
erikelisabetta.info,jobsearch,Gambling-risk term: bet
divaspincasinos.fr,jobsearch,"Gambling-risk term: casino, casinos"
casinoleonbet.fr,jobsearch,"Gambling-risk term: bet, casino"
bestwardrobe.top,jobsearch,Gambling-risk term: bet
br.netbet.com,jobsearch,Also found in gambling blocklist
campeonbet.fr,jobsearch,Gambling-risk term: bet
casinomaxsi908.com,jobsearch,Gambling-risk term: casino
betasia-vc.com,jobsearch,Gambling-risk term: bet
casinoposido.fr,jobsearch,Also found in gambling blocklist
boocasino.fr,jobsearch,Gambling-risk term: casino
bevegascasino.fr,jobsearch,Gambling-risk term: casino
casinosbetzino.fr,jobsearch,"Gambling-risk term: bet, casino, casinos"
boomerangcasino1.fr,jobsearch,Gambling-risk term: casino
casinogxmble.fr,jobsearch,Gambling-risk term: casino
bankonbetcasinosports.fr,jobsearch,"Gambling-risk term: bet, casino, casinos"
boomcasino.fr,jobsearch,Gambling-risk term: casino
fastslotscasino777.fr,jobsearch,"Gambling-risk term: casino, slot, slots"
donbetcasinologin.fr,jobsearch,"Gambling-risk term: bet, casino"
beonbetcasino.fr,jobsearch,"Gambling-risk term: bet, casino"
greatwincasinobonus777.fr,jobsearch,Gambling-risk term: casino
casinoblitzfrance.fr,jobsearch,Gambling-risk term: casino
glowinslot.org,jobsearch,Gambling-risk term: slot
fixbet-vale.vip,jobsearch,Gambling-risk term: bet
group.goocasino.org,jobsearch,Gambling-risk term: casino
boomerangscasino.fr,jobsearch,Gambling-risk term: casino
gebetszeiten.fr,jobsearch,Gambling-risk term: bet
goldenpandacasinopromocode.fr,jobsearch,Gambling-risk term: casino
betstep.site,jobsearch,Gambling-risk term: bet
betwinnerfrance.fr,jobsearch,Gambling-risk term: bet
casinonnetropoll856.com,jobsearch,Gambling-risk term: casino
betonbwin.fr,jobsearch,Gambling-risk term: bet
burancasinobonus.fr,jobsearch,Gambling-risk term: casino
casinoolimpe.fr,jobsearch,Gambling-risk term: casino
betnova21.site,jobsearch,Gambling-risk term: bet
casinovasy.fr,jobsearch,Gambling-risk term: casino
bingoroll3.net,jobsearch,Gambling-risk term: bingo
burancasino.fr,jobsearch,Gambling-risk term: casino
brunocasinoapp.fr,jobsearch,Gambling-risk term: casino
casinozero.fr,jobsearch,Gambling-risk term: casino
betandreas-azer-fate.top,jobsearch,Gambling-risk term: bet
betebet-gir.vip,jobsearch,Gambling-risk term: bet
casinozerbet.fr,jobsearch,"Gambling-risk term: bet, casino"
betoranje.fr,jobsearch,Gambling-risk term: bet
flagmancasino.fr,jobsearch,Gambling-risk term: casino
betifycasinofr.fr,jobsearch,"Gambling-risk term: bet, casino"
betblastfr.fr,jobsearch,Gambling-risk term: bet
betterusps.com,jobsearch,Gambling-risk term: bet
cloudbetcasinoapp.fr,jobsearch,"Gambling-risk term: bet, casino"
casinosimsino1.fr,jobsearch,"Gambling-risk term: casino, casinos"
bulk-actions-for-nested-tracks.pr.dsc.party,jobsearch,Also found in gambling blocklist
cashpotcasino.fr,jobsearch,Gambling-risk term: casino
bubblesbets.com,jobsearch,Gambling-risk term: bet
fplbetty.com,jobsearch,Gambling-risk term: bet
betsymalia.shop,jobsearch,Gambling-risk term: bet
bet365-447.com,jobsearch,Gambling-risk term: bet
carbethoxy.sbs,jobsearch,Gambling-risk term: bet
casinoclicmobile.fr,jobsearch,Gambling-risk term: casino
bettimevip.game,jobsearch,Gambling-risk term: bet
betterphoto.biz,jobsearch,Gambling-risk term: bet
goldenstarcasino.fr,jobsearch,Gambling-risk term: casino
casinoluckytreasure.fr,jobsearch,Gambling-risk term: casino
casinosevolve.fr,jobsearch,"Gambling-risk term: casino, casinos"
casinogoldenbet.fr,jobsearch,"Gambling-risk term: bet, casino"
betfair.re,jobsearch,Gambling-risk term: bet
casinoextraonline.fr,jobsearch,Gambling-risk term: casino
godofcasinobonus777.fr,jobsearch,Gambling-risk term: casino
casinoboomerang.fr,jobsearch,Also found in gambling blocklist
elitecasino.fr,jobsearch,Gambling-risk term: casino
donbetcasinofreespins.fr,jobsearch,"Gambling-risk term: bet, casino"
casinowinningz.fr,jobsearch,Also found in gambling blocklist
hagerbetfilms.com,jobsearch,Gambling-risk term: bet
bagvibe.top,jobsearch,Gambling-risk term: bet
bahiscom-vip.live,jobsearch,Gambling-risk term: bahis
casinozers.fr,jobsearch,Gambling-risk term: casino
candybetcasino.fr,jobsearch,"Gambling-risk term: bet, casino"
boombet.top,jobsearch,Gambling-risk term: bet
celsiuscasinofr.fr,jobsearch,Gambling-risk term: casino
casino770fr.fr,jobsearch,Gambling-risk term: casino
casoolacasinos.fr,jobsearch,"Gambling-risk term: casino, casinos"
betbookie.info,jobsearch,Gambling-risk term: bet
bet365-278.com,jobsearch,Gambling-risk term: bet
betonredjouer.fr,jobsearch,Gambling-risk term: bet
for-bet.pl,jobsearch,Gambling-risk term: bet
concubethu.pro,jobsearch,Gambling-risk term: bet
bets10-casper.net,jobsearch,Gambling-risk term: bet
bettsonn.fr,jobsearch,Gambling-risk term: bet
goldenpandacasino1.fr,jobsearch,Gambling-risk term: casino
casinoaphrodite.fr,jobsearch,Gambling-risk term: casino
be-postbe.top,jobsearch,Gambling-risk term: bet
healbetter.life,jobsearch,Gambling-risk term: bet
friends1bet.com,jobsearch,Gambling-risk term: bet
casinozerlogin365.fr,jobsearch,Gambling-risk term: casino
casinomaxi-record.vip,jobsearch,Gambling-risk term: casino
casiniacasinopromocode.fr,jobsearch,Gambling-risk term: casino
casinoroby.fr,jobsearch,Gambling-risk term: casino
betzinocasino1.fr,jobsearch,"Gambling-risk term: bet, casino"
europefortunecasino.fr,jobsearch,Gambling-risk term: casino
casinoscoolzino.fr,jobsearch,"Gambling-risk term: casino, casinos"
casino777.ac.ug,jobsearch,Gambling-risk term: casino
casinometropol-vip.live,jobsearch,Gambling-risk term: casino
azurcasinoconnexion.fr,jobsearch,Gambling-risk term: casino
casiniacasinoapp.fr,jobsearch,Gambling-risk term: casino
bet24casino.fr,jobsearch,"Gambling-risk term: bet, casino"
casinozerr.fr,jobsearch,Gambling-risk term: casino
feelbetterfast.co.za,jobsearch,Also found in gambling blocklist
genieplaycasino.fr,jobsearch,Gambling-risk term: casino
bets.com.br,jobsearch,Gambling-risk term: bet
frumzicasino1.fr,jobsearch,Gambling-risk term: casino
cashedcasinoavis777.fr,jobsearch,Gambling-risk term: casino
cipungbet77.org,jobsearch,Gambling-risk term: bet
betterscratch.fr,jobsearch,Gambling-risk term: bet
casombiecasino777.fr,jobsearch,Gambling-risk term: casino
casinomorospin.fr,jobsearch,Gambling-risk term: casino
casinosimsino.fr,jobsearch,"Gambling-risk term: casino, casinos"
empirecasinos.fr,jobsearch,"Gambling-risk term: casino, casinos"
donbett.fr,jobsearch,Gambling-risk term: bet
freeslotsau.online,jobsearch,"Gambling-risk term: slot, slots"
dioxabetrixapp.com,jobsearch,Gambling-risk term: bet
casino-italiani-online.com,jobsearch,Gambling-risk term: casino
cigaroslot852aja.xyz,jobsearch,Gambling-risk term: slot
dinocasino.fr,jobsearch,Gambling-risk term: casino
casinocoolzino1.fr,jobsearch,Gambling-risk term: casino
betflux.site,jobsearch,Gambling-risk term: bet
casinoroobet.fr,jobsearch,"Gambling-risk term: bet, casino"
cashedcasinofrance.fr,jobsearch,Gambling-risk term: casino
exclusivecasinobonuscode.fr,jobsearch,Gambling-risk term: casino
better-by-less.shop,jobsearch,Gambling-risk term: bet
betnator.site,jobsearch,Gambling-risk term: bet
betfurycasinogaming.fr,jobsearch,"Gambling-risk term: bet, casino"
epcocbetongmb.com,jobsearch,Gambling-risk term: bet
bet88ve.com,jobsearch,Gambling-risk term: bet
celsiuscasinologin.fr,jobsearch,Gambling-risk term: casino
diabetes.vn.ua,jobsearch,Gambling-risk term: bet
evvivabetcasino.fr,jobsearch,"Gambling-risk term: bet, casino"
cincinbetcasino.fr,jobsearch,"Gambling-risk term: bet, casino"
drivecasino.fr,jobsearch,Gambling-risk term: casino
betcio-swep.vip,jobsearch,Gambling-risk term: bet
evvivabet.fr,jobsearch,Gambling-risk term: bet
frbetzino.fr,jobsearch,Gambling-risk term: bet
bingogrocery.com,jobsearch,Gambling-risk term: bingo
euromooncasino.fr,jobsearch,Gambling-risk term: casino
casin0xcasino.fr,jobsearch,Gambling-risk term: casino
betforcegir.site,jobsearch,Gambling-risk term: bet
fun118.com,jobsearch,Also found in gambling blocklist
casinospinmillion.fr,jobsearch,Also found in gambling blocklist
billybets1.fr,jobsearch,Gambling-risk term: bet
extracasinos.fr,jobsearch,"Gambling-risk term: casino, casinos"
bets10-defense.com,jobsearch,Gambling-risk term: bet
goalbet24.fr,jobsearch,Gambling-risk term: bet
betifycasino4.fr,jobsearch,"Gambling-risk term: bet, casino"
discasino1.fr,jobsearch,Gambling-risk term: casino
blindluckcasinos.fr,jobsearch,"Gambling-risk term: casino, casinos"
casinotropeziapalace.fr,jobsearch,Gambling-risk term: casino
betrmf.kslab.ru.com,jobsearch,Gambling-risk term: bet
cazeuscasino.fr,jobsearch,Gambling-risk term: casino
casinogoldspin.fr,jobsearch,Gambling-risk term: casino
gratoramacasino3.fr,jobsearch,Gambling-risk term: casino
evobetcasino.fr,jobsearch,"Gambling-risk term: bet, casino"
dlsf.betshort.sbs,jobsearch,Gambling-risk term: bet
bet365-ru.fr,jobsearch,Gambling-risk term: bet
betjet365.site,jobsearch,Gambling-risk term: bet
dkselvbetjening.com,jobsearch,Gambling-risk term: bet
betterworldshelter.com,jobsearch,Gambling-risk term: bet
envoysbeta.coalforgetactical.com,jobsearch,Gambling-risk term: bet
boomsbetcasinos.fr,jobsearch,"Gambling-risk term: bet, casino, casinos"
casinoist.fr,jobsearch,Gambling-risk term: casino
celsiuscasino777.fr,jobsearch,Gambling-risk term: casino
betify.wf,jobsearch,Gambling-risk term: bet
grandzcasinosfrance.fr,jobsearch,"Gambling-risk term: casino, casinos"
azurslotscasino.fr,jobsearch,"Gambling-risk term: casino, slot, slots"
betteradssoftware.com,jobsearch,Gambling-risk term: bet
casinoninlay.fr,jobsearch,Gambling-risk term: casino
beteheviyecaxo.today,jobsearch,Gambling-risk term: bet
fgfoxcasino.fr,jobsearch,Gambling-risk term: casino
bets10-pro-girisi.com,jobsearch,Gambling-risk term: bet
bethrobins.shop,jobsearch,Gambling-risk term: bet
casinogtbet.fr,jobsearch,"Gambling-risk term: bet, casino"
betclc.fr,jobsearch,Gambling-risk term: bet
casombiecasinoapp.fr,jobsearch,Gambling-risk term: casino
charoulette.fr,jobsearch,Gambling-risk term: roulette
betlo.online,jobsearch,Gambling-risk term: bet
betpro7x.site,jobsearch,Gambling-risk term: bet
beta.7evenluckgames.vip,jobsearch,Gambling-risk term: bet
exclusivecasinodeposit777.fr,jobsearch,Gambling-risk term: casino
casiniacasinobonus.fr,jobsearch,Gambling-risk term: casino
casinodivaspin.fr,jobsearch,Gambling-risk term: casino
casinoloots.fr,jobsearch,Gambling-risk term: casino
betn1casinobonus.fr,jobsearch,"Gambling-risk term: bet, casino"
betaaspect.org,jobsearch,Gambling-risk term: bet
betx247.site,jobsearch,Gambling-risk term: bet
cadoolacasinomobile.fr,jobsearch,Gambling-risk term: casino
brunocasinopromo.fr,jobsearch,Gambling-risk term: casino
betospin.fr,jobsearch,Gambling-risk term: bet
banalotto.fr,jobsearch,Also found in gambling blocklist
brazbet.online,jobsearch,Gambling-risk term: bet
ekorushbeta.com,jobsearch,Gambling-risk term: bet
betorspin220.com,jobsearch,Gambling-risk term: bet
casinopistolo.fr,jobsearch,Gambling-risk term: casino
gmx24bet.site,jobsearch,Gambling-risk term: bet
casinocrazytime.fr,jobsearch,Gambling-risk term: casino
gunsbet.fr,jobsearch,Gambling-risk term: bet
discasino777.fr,jobsearch,Gambling-risk term: casino
fusionbets.fr,jobsearch,Gambling-risk term: bet
bethelastjedi.com,jobsearch,Gambling-risk term: bet
betbobgiris.com,jobsearch,Gambling-risk term: bet
betsafy.com,jobsearch,Gambling-risk term: bet
cashedcasinologin.fr,jobsearch,Gambling-risk term: casino
goldenvegascasinopromocode.fr,jobsearch,Gambling-risk term: casino
candybets.fr,jobsearch,Gambling-risk term: bet
celsiuscasino3.fr,jobsearch,Gambling-risk term: casino
beta-aspect.com,jobsearch,Gambling-risk term: bet
citydisco.bet,jobsearch,Gambling-risk term: bet
brunocasinobonus.fr,jobsearch,Gambling-risk term: casino
casinomegadice.fr,jobsearch,Gambling-risk term: casino
bingolpres.com,jobsearch,Gambling-risk term: bingo
europeencasino.fr,jobsearch,Gambling-risk term: casino
casinobassbet.fr,jobsearch,"Gambling-risk term: bet, casino"
easy.jprintwerbetechnik.shop,jobsearch,Gambling-risk term: bet
extrabet-trgiris25.com,jobsearch,Gambling-risk term: bet
drivebetter-ace.fyi,jobsearch,Gambling-risk term: bet
bet88so.com,jobsearch,Gambling-risk term: bet
cleobetrafr.fr,jobsearch,Gambling-risk term: bet
bettabeings.com,jobsearch,Gambling-risk term: bet
bet365982.com,jobsearch,Gambling-risk term: bet
betbobzamani.com,jobsearch,Gambling-risk term: bet
casinomalina.fr,jobsearch,Gambling-risk term: casino
bjackpot.site,jobsearch,Gambling-risk term: jackpot
casinoshinywilds.fr,jobsearch,"Gambling-risk term: casino, casinos"
casinoneosurf.fr,jobsearch,Gambling-risk term: casino
betroom24.fr,jobsearch,Gambling-risk term: bet
casombiecasinooffres.fr,jobsearch,Gambling-risk term: casino
coelabetoregranteke.info,jobsearch,Gambling-risk term: bet
banzaislot.fr,jobsearch,Gambling-risk term: slot
diyabetiz.com,jobsearch,Gambling-risk term: bet
chericasinofrance.fr,jobsearch,Gambling-risk term: casino
betninjacasino.fr,jobsearch,"Gambling-risk term: bet, casino"
betbona.fr,jobsearch,Gambling-risk term: bet
fezbetcasinosport.fr,jobsearch,"Gambling-risk term: bet, casino, casinos"
casperbets.fr,jobsearch,Gambling-risk term: bet
bet365634.com,jobsearch,Gambling-risk term: bet
clubcasinoo.fr,jobsearch,Gambling-risk term: casino
casinomonsterwin.fr,jobsearch,Gambling-risk term: casino
greenluckcasino.fr,jobsearch,Gambling-risk term: casino
chaussureslotus.fr,jobsearch,Gambling-risk term: slot
casinostep.site,jobsearch,"Gambling-risk term: casino, casinos"
fezbetcasinobonus.fr,jobsearch,"Gambling-risk term: bet, casino"
casinos-hub.com,jobsearch,"Gambling-risk term: casino, casinos"
godofcasinologin.fr,jobsearch,Gambling-risk term: casino
buck.jprintwerbetechnik.shop,jobsearch,Gambling-risk term: bet
casinonirvana.fr,jobsearch,Gambling-risk term: casino
betelpeabody.org,jobsearch,Gambling-risk term: bet
befinancesterugbetaling.site,jobsearch,Gambling-risk term: bet
billybet.fr,jobsearch,Gambling-risk term: bet
casinodragonia.fr,jobsearch,Gambling-risk term: casino
beton7.net,jobsearch,Gambling-risk term: bet
can.jprintwerbetechnik.shop,jobsearch,Gambling-risk term: bet
fairfieldforward.org.vpnslotfafa88.shop,jobsearch,Gambling-risk term: slot
goldenbett.fr,jobsearch,Gambling-risk term: bet
casinoenlingefr.fr,jobsearch,Gambling-risk term: casino
divaspinscasino.fr,jobsearch,Gambling-risk term: casino
discasino.fr,jobsearch,Gambling-risk term: casino
bitslercasino.fr,jobsearch,Gambling-risk term: casino
betz-777.site,jobsearch,Gambling-risk term: bet
gratoramacasino1.fr,jobsearch,Gambling-risk term: casino
betbob116.com,jobsearch,Gambling-risk term: bet
fembetivil.com,jobsearch,Gambling-risk term: bet
casinofreshbet.fr,jobsearch,"Gambling-risk term: bet, casino"
beta.theeyestyles.com,jobsearch,Gambling-risk term: bet
betking.re,jobsearch,Gambling-risk term: bet
bet365.com,"games, jobsearch",Already verified gambling
cashimashicasino777.fr,jobsearch,Gambling-risk term: casino
casinofunbet.fr,jobsearch,"Gambling-risk term: bet, casino"
casinospinit.fr,jobsearch,"Gambling-risk term: casino, casinos"
casinonightfrance.fr,jobsearch,Also found in gambling blocklist
gxbetcasino.fr,jobsearch,"Gambling-risk term: bet, casino"
betkin.fr,jobsearch,Gambling-risk term: bet
bethesuper-naturalyou.com,jobsearch,Gambling-risk term: bet
betgate.site,jobsearch,Gambling-risk term: bet
bankonbetcasinobonus.fr,jobsearch,"Gambling-risk term: bet, casino"
casinojulius.fr,jobsearch,Gambling-risk term: casino
balkanbet.fr,jobsearch,Gambling-risk term: bet
azurslotcasinos.fr,jobsearch,"Gambling-risk term: casino, casinos, slot"
bdmbetmoncompte.fr,jobsearch,Gambling-risk term: bet
bitcasinos.fr,jobsearch,"Gambling-risk term: casino, casinos"
greatwincasinobonus.fr,jobsearch,Gambling-risk term: casino
casinogroup.fr,jobsearch,Gambling-risk term: casino
goldexcasino.fr,jobsearch,Gambling-risk term: casino
bets10giris.bet,jobsearch,Gambling-risk term: bet
donbetcasinowin.fr,jobsearch,"Gambling-risk term: bet, casino"
fun555.com,jobsearch,Also found in gambling blocklist
bonuscasinoexpert.fr,jobsearch,Gambling-risk term: casino
bet365o.cm,jobsearch,Gambling-risk term: bet
ggbets.fr,jobsearch,Gambling-risk term: bet
casinopokiez.com,jobsearch,Gambling-risk term: casino
betn1casinodownload.fr,jobsearch,"Gambling-risk term: bet, casino"
casinosvegasplus.fr,jobsearch,"Gambling-risk term: casino, casinos"
betifycasina.fr,jobsearch,Gambling-risk term: bet
casinoenlignenouveau.fr,jobsearch,Gambling-risk term: casino
betfurycasinoapp.fr,jobsearch,"Gambling-risk term: bet, casino"
circuscasinoenligne.fr,jobsearch,Gambling-risk term: casino
casinojuanlespins.fr,jobsearch,Gambling-risk term: casino
betandreas-azer-bliss.top,jobsearch,Gambling-risk term: bet
betme88.online,jobsearch,Gambling-risk term: bet
bet365-online.fr,jobsearch,Gambling-risk term: bet
ebhf.bestbetter.sbs,jobsearch,Gambling-risk term: bet
gdjackpot.store,jobsearch,Gambling-risk term: jackpot
freshwardrobe.top,jobsearch,Gambling-risk term: bet
bet3651122.com,jobsearch,Gambling-risk term: bet
betzone911.site,jobsearch,Gambling-risk term: bet
casinobanzaii.fr,jobsearch,Gambling-risk term: casino
duzvh.bestbetter.sbs,jobsearch,Gambling-risk term: bet
caxinocasino.fr,jobsearch,Gambling-risk term: casino
evolvecasinos.fr,jobsearch,"Gambling-risk term: casino, casinos"
casinopampago.fr,jobsearch,Gambling-risk term: casino
gxmblecasinos.fr,jobsearch,"Gambling-risk term: casino, casinos"
casinosambaslots.fr,jobsearch,"Gambling-risk term: casino, casinos, slot, slots"
casinopurple.fr,jobsearch,Gambling-risk term: casino
casiniacasinobet.fr,jobsearch,"Gambling-risk term: bet, casino"
betsonn.fr,jobsearch,Gambling-risk term: bet
freespincasinobonus.fr,jobsearch,Gambling-risk term: casino
florybeto.com,jobsearch,Gambling-risk term: bet
chericasinofr.fr,jobsearch,Gambling-risk term: casino
bbbet365.com,jobsearch,Gambling-risk term: bet
casinometropol-sanat.vip,jobsearch,Gambling-risk term: casino
bassbetcasinos.fr,jobsearch,"Gambling-risk term: bet, casino, casinos"
betzinofr.fr,jobsearch,Gambling-risk term: bet
cadoolacasinologin.fr,jobsearch,Gambling-risk term: casino
casinoatlanticitybet.pe,jobsearch,"Gambling-risk term: bet, casino"
betterfashionengine.com,jobsearch,Gambling-risk term: bet
geantcasino1.fr,jobsearch,Gambling-risk term: casino
goodmancasino.fr,jobsearch,Gambling-risk term: casino
cadoolacasinobonus777.fr,jobsearch,Gambling-risk term: casino
casinobetify.fr,jobsearch,"Gambling-risk term: bet, casino"
greatwincasinospins.fr,jobsearch,"Gambling-risk term: casino, casinos"
goldenpandacasinobonus.fr,jobsearch,Gambling-risk term: casino
bet3333.bet,jobsearch,Gambling-risk term: bet
azurcasinofr.fr,jobsearch,Gambling-risk term: casino
casinovacasino.fr,jobsearch,Gambling-risk term: casino
fatpiratecasino1.fr,jobsearch,Gambling-risk term: casino
casinoinstant1.fr,jobsearch,Gambling-risk term: casino
browinnercasinos.fr,jobsearch,"Gambling-risk term: casino, casinos"
betn1casinologin.fr,jobsearch,"Gambling-risk term: bet, casino"
everythingtobetrendy.com,jobsearch,Gambling-risk term: bet
casinoking77.site,jobsearch,Gambling-risk term: casino
elizabethwrigleyfield.com,jobsearch,Gambling-risk term: bet
casinowildsultan.fr,jobsearch,Gambling-risk term: casino
bingoalcasinopromocode.fr,jobsearch,"Gambling-risk term: bingo, casino"
betifylogin.fr,jobsearch,Gambling-risk term: bet
boomerangcasinoslot.fr,jobsearch,"Gambling-risk term: casino, casinos, slot"
bettertomorrowjob.com,jobsearch,Gambling-risk term: bet
fastslotcasino.fr,jobsearch,"Gambling-risk term: casino, slot"
betbobgiris.org,jobsearch,Gambling-risk term: bet
betfluxx.site,jobsearch,Gambling-risk term: bet
betactecto.com,jobsearch,Gambling-risk term: bet
easy-bank-beta.vercel.app,jobsearch,Gambling-risk term: bet
cazeuscasinofrance.fr,jobsearch,Gambling-risk term: casino
casinok1.fr,jobsearch,Gambling-risk term: casino
bets10-lives.com,jobsearch,Gambling-risk term: bet
betterbusinessservices.net,jobsearch,Gambling-risk term: bet
fezbetcasinoapp.fr,jobsearch,"Gambling-risk term: bet, casino"
fixbet-safes.vip,jobsearch,Gambling-risk term: bet
casinosavaspin.fr,jobsearch,"Gambling-risk term: casino, casinos"
hazirbetonsantrali.com,jobsearch,Gambling-risk term: bet
bestcasinostop.fr,jobsearch,"Gambling-risk term: casino, casinos"
hazcasino1.fr,jobsearch,Gambling-risk term: casino
bet365ty15.com,jobsearch,Gambling-risk term: bet
casinoliraspin.fr,jobsearch,Gambling-risk term: casino
boomerangcasino.fr,jobsearch,Gambling-risk term: casino
coccobetcasino.fr,jobsearch,"Gambling-risk term: bet, casino"
betbob101.com,jobsearch,Gambling-risk term: bet
ezzcasino.fr,jobsearch,Gambling-risk term: casino
bdmbetfrance.fr,jobsearch,Gambling-risk term: bet
geancasino.fr,jobsearch,Gambling-risk term: casino
fixcasino.fr,jobsearch,Gambling-risk term: casino
casino1win.fr,jobsearch,Gambling-risk term: casino
casinoazurfr.fr,jobsearch,Gambling-risk term: casino
cabet61.com,jobsearch,Gambling-risk term: bet
chericasinos.fr,jobsearch,"Gambling-risk term: casino, casinos"
casinovegasplus.fr,jobsearch,Gambling-risk term: casino
bet83036.com,jobsearch,Gambling-risk term: bet
casinonv.fr,jobsearch,Gambling-risk term: casino
awalslot3.top,jobsearch,Gambling-risk term: slot
casinoalexanderfr.fr,jobsearch,Gambling-risk term: casino
casinosra.fr,jobsearch,"Gambling-risk term: casino, casinos"
bet365664.com,jobsearch,Gambling-risk term: bet
better-1win.com,jobsearch,Gambling-risk term: bet
grandzcasinobonus.fr,jobsearch,Gambling-risk term: casino
dragoniacasinos.fr,jobsearch,"Gambling-risk term: casino, casinos"
cloudbetcasinopromocode.fr,jobsearch,"Gambling-risk term: bet, casino"
casinoandfriends.fr,jobsearch,Gambling-risk term: casino
casinoclic1.fr,jobsearch,Gambling-risk term: casino
evolvecasino.fr,jobsearch,Gambling-risk term: casino
betexpress.fr,jobsearch,Gambling-risk term: bet
goldenpandacasinologin365.fr,jobsearch,Gambling-risk term: casino
circusbetcasino.fr,jobsearch,"Gambling-risk term: bet, casino"
bet88nr.com,jobsearch,Gambling-risk term: bet
goldenvegascasino.fr,jobsearch,Gambling-risk term: casino
casinos247.fr,jobsearch,"Gambling-risk term: casino, casinos"
cloudbetcasinologin.fr,jobsearch,"Gambling-risk term: bet, casino"
betteronsite.com,jobsearch,Gambling-risk term: bet
fatbosscasinos.fr,jobsearch,"Gambling-risk term: casino, casinos"
bet365735.com,jobsearch,Gambling-risk term: bet
casinorocket.fr,jobsearch,Gambling-risk term: casino
casinocandyspinz.fr,jobsearch,Gambling-risk term: casino
bet88zi.com,jobsearch,Gambling-risk term: bet
bet88ce.com,jobsearch,Gambling-risk term: bet
casinomajesticslots.fr,jobsearch,"Gambling-risk term: casino, slot, slots"
casinonapoleon.fr,jobsearch,Gambling-risk term: casino
drbetulaksoy.com,jobsearch,Gambling-risk term: bet
duxcasino.fr,jobsearch,Gambling-risk term: casino
c168.casino,jobsearch,Gambling-risk term: casino
betifyreview.fr,jobsearch,Gambling-risk term: bet
casinocazeus.fr,jobsearch,Gambling-risk term: casino
glamwardrobe.top,jobsearch,Gambling-risk term: bet
casinocasinozer.fr,jobsearch,Gambling-risk term: casino
dtrh.bestbetter.sbs,jobsearch,Gambling-risk term: bet
casinobankrolltracker.com,jobsearch,Gambling-risk term: casino
casinoonlineautorizzati.net,jobsearch,Gambling-risk term: casino
casinometropol-record.vip,jobsearch,Gambling-risk term: casino
casinoamunra.fr,jobsearch,Also found in gambling blocklist
casinoslotrush.fr,jobsearch,"Gambling-risk term: casino, casinos, slot"
brunocasinoconnexion.fr,jobsearch,Gambling-risk term: casino
betawebapi.com,jobsearch,Gambling-risk term: bet
coccobet.fr,jobsearch,Gambling-risk term: bet
betirs.com,jobsearch,Gambling-risk term: bet
betete.space,jobsearch,Gambling-risk term: bet
bommerangcasino.fr,jobsearch,Gambling-risk term: casino
banzaiicasino.fr,jobsearch,Also found in gambling blocklist
betcube.site,jobsearch,Gambling-risk term: bet
bet9ja.re,jobsearch,Gambling-risk term: bet
betzologirisadresi.com,jobsearch,Gambling-risk term: bet
casinoparisvip.fr,jobsearch,Gambling-risk term: casino
bet88cf.com,jobsearch,Gambling-risk term: bet
digitaljackpot.fr,jobsearch,Gambling-risk term: jackpot
azurcasinofrance.fr,jobsearch,Gambling-risk term: casino
godofcasinoavis365.fr,jobsearch,Gambling-risk term: casino
elizabethhewitt.org,jobsearch,Gambling-risk term: bet
benuabet1e.website,jobsearch,Gambling-risk term: bet
betzinoscasino.fr,jobsearch,"Gambling-risk term: bet, casino"
casinotrouville.fr,jobsearch,Gambling-risk term: casino
goldenbetscasino.fr,jobsearch,"Gambling-risk term: bet, casino"
casinozercasina.fr,jobsearch,Gambling-risk term: casino
betasolidtech.net,jobsearch,Gambling-risk term: bet
bitstrikecasino.fr,jobsearch,Gambling-risk term: casino
boomerangcasinobonus.fr,jobsearch,Gambling-risk term: casino
casinozercasinofr.fr,jobsearch,Gambling-risk term: casino
emay-beton.com,jobsearch,Gambling-risk term: bet
casinosbesttop.fr,jobsearch,"Gambling-risk term: casino, casinos"
betseyjohnsonparis.fr,jobsearch,Gambling-risk term: bet
clawbetlive.fr,jobsearch,Gambling-risk term: bet
gacorportbet88.store,jobsearch,Gambling-risk term: bet
fastslotscasino.fr,jobsearch,"Gambling-risk term: casino, slot, slots"
betlivecasino.fr,jobsearch,"Gambling-risk term: bet, casino"
betrebels.fr,jobsearch,Gambling-risk term: bet
casinomaxi-salvador.vip,jobsearch,Gambling-risk term: casino
gloryachieve.com,jobsearch,Also found in gambling blocklist
dlxjackpotin.com,jobsearch,Gambling-risk term: jackpot
betist-giristr.com,jobsearch,Gambling-risk term: bet
doffi.clubetrovare.com,jobsearch,Gambling-risk term: bet
betandreas-azer-wish.top,jobsearch,Gambling-risk term: bet
betifulstars.top,jobsearch,Gambling-risk term: bet
diabetfree.shop,jobsearch,Gambling-risk term: bet
bet3650.cm,jobsearch,Gambling-risk term: bet
cazeusscasino.fr,jobsearch,Gambling-risk term: casino
casino770com.fr,jobsearch,Gambling-risk term: casino
europe777casino.fr,jobsearch,Gambling-risk term: casino
betmgmfr.fr,jobsearch,Gambling-risk term: bet
bet6305365.com,jobsearch,Gambling-risk term: bet
bangercasino.fr,jobsearch,Gambling-risk term: casino
halobet.in,jobsearch,Gambling-risk term: bet
casinotopliste.fr,jobsearch,Gambling-risk term: casino
bets10-giryeni.com,jobsearch,Gambling-risk term: bet
celsiuscasino1.fr,jobsearch,Also found in gambling blocklist
betabot.pw,jobsearch,Gambling-risk term: bet
e2jamnw7ff.jojobet-resmigiris.org,jobsearch,Also found in gambling blocklist
betzinofrance.fr,jobsearch,Gambling-risk term: bet
betcio-found.vip,jobsearch,Gambling-risk term: bet
frumzicasinofr.fr,jobsearch,Gambling-risk term: casino
casinosdragonia.fr,jobsearch,"Gambling-risk term: casino, casinos"
betonbrother.com,jobsearch,Gambling-risk term: bet
casinonevadawin.fr,jobsearch,Gambling-risk term: casino
betseyjjohnson.com,jobsearch,Gambling-risk term: bet
emphatakpn.bet,jobsearch,Gambling-risk term: bet
galacticbets.fr,jobsearch,Gambling-risk term: bet
casinobanque.fr,jobsearch,Gambling-risk term: casino
bet88va.com,jobsearch,Gambling-risk term: bet
fashionbettysam.com,jobsearch,Gambling-risk term: bet
baxterbetcasinos.fr,jobsearch,"Gambling-risk term: bet, casino, casinos"
googlevideo.bet,jobsearch,Gambling-risk term: bet
betonredcasinos.fr,jobsearch,"Gambling-risk term: bet, casino, casinos"
balancedjboth.pointpokers.com,jobsearch,Gambling-risk term: poker
azinocasinoclub.ru,jobsearch,Gambling-risk term: casino
bisoncasino.fr,jobsearch,Gambling-risk term: casino
bonus-casino.eu,jobsearch,Also found in gambling blocklist
fwmog.betnumber.sbs,jobsearch,Gambling-risk term: bet
betcoincasino.fr,jobsearch,"Gambling-risk term: bet, casino"
goldenpandacasinoo.fr,jobsearch,Gambling-risk term: casino
grandzcasinobet.fr,jobsearch,"Gambling-risk term: bet, casino"
banner.macaubets.org,jobsearch,Gambling-risk term: bet
betistacasino.fr,jobsearch,"Gambling-risk term: bet, casino"
freybet.top,jobsearch,Gambling-risk term: bet
betzolo.casino,jobsearch,"Gambling-risk term: bet, casino"
extracasinoo.fr,jobsearch,Gambling-risk term: casino
betcli.fr,jobsearch,Gambling-risk term: bet
bdmbet4.fr,jobsearch,Gambling-risk term: bet
fastslotscasinoo.fr,jobsearch,"Gambling-risk term: casino, slot, slots"
betnanoxx.top,jobsearch,Gambling-risk term: bet
extracasinofr.fr,jobsearch,Gambling-risk term: casino
felicebetcasino.fr,jobsearch,"Gambling-risk term: bet, casino"
boabetcasino.fr,jobsearch,"Gambling-risk term: bet, casino"
fezbetcasinopromocode.fr,jobsearch,"Gambling-risk term: bet, casino"
frcasinozer.fr,jobsearch,Gambling-risk term: casino
casinokeno.fr,jobsearch,Gambling-risk term: casino
brunocasino3.fr,jobsearch,Gambling-risk term: casino
eucasino.fr,jobsearch,Gambling-risk term: casino
casinoolymp.fr,jobsearch,Gambling-risk term: casino
gambacasino.fr,jobsearch,Gambling-risk term: casino
bingobongo.xyz,jobsearch,Gambling-risk term: bingo
fixbet-laud.vip,jobsearch,Gambling-risk term: bet
bitcoinrush.io,jobsearch,Also found in gambling blocklist
coinminercasino.fr,jobsearch,Gambling-risk term: casino
hahaslot77.pages.dev,jobsearch,Gambling-risk term: slot
casinodonbet.fr,jobsearch,"Gambling-risk term: bet, casino"
betongvicomark.com,jobsearch,Gambling-risk term: bet
bethalls.fr,jobsearch,Gambling-risk term: bet
betonreds1.fr,jobsearch,Gambling-risk term: bet
greatwincasinologin.fr,jobsearch,Gambling-risk term: casino
bettylovesjames.com,jobsearch,Gambling-risk term: bet
coincasino.fr,jobsearch,Gambling-risk term: casino
casinosg.fr,jobsearch,"Gambling-risk term: casino, casinos"
betbob2.com,jobsearch,Gambling-risk term: bet
bets10-richilegir.net,jobsearch,Gambling-risk term: bet
betfred.fr,jobsearch,Gambling-risk term: bet
golisimocasinos.fr,jobsearch,"Gambling-risk term: casino, casinos"
casinozercasino.fr,jobsearch,Gambling-risk term: casino
casinowilddice.fr,jobsearch,Gambling-risk term: casino
cadoolacasinopromocode.fr,jobsearch,Gambling-risk term: casino
claudiabetancurlora09.con-ip.com,jobsearch,Gambling-risk term: bet
bdmbet3.fr,jobsearch,Gambling-risk term: bet
casinospies.com,jobsearch,"Gambling-risk term: casino, casinos"
godofcasinos.fr,jobsearch,"Gambling-risk term: casino, casinos"
casinolunubet.fr,jobsearch,"Gambling-risk term: bet, casino"
casinocresussfrance1.fr,jobsearch,Gambling-risk term: casino
boomerangcasinoapp.fr,jobsearch,Gambling-risk term: casino
betifyapplication.fr,jobsearch,Gambling-risk term: bet
betsul.com,jobsearch,Also found in gambling blocklist
candy.jprintwerbetechnik.shop,jobsearch,Gambling-risk term: bet
casinogoldrun.fr,jobsearch,Gambling-risk term: casino
casinoslegiano.fr,jobsearch,"Gambling-risk term: casino, casinos"
casinosky.fr,jobsearch,"Gambling-risk term: casino, casinos"
betpanda.fr,jobsearch,Gambling-risk term: bet
azurslot.fr,jobsearch,Gambling-risk term: slot
casinohermes.fr,jobsearch,Gambling-risk term: casino
godofcasinoapp.fr,jobsearch,Gambling-risk term: casino
betpandacasinobonus.fr,jobsearch,"Gambling-risk term: bet, casino"
casinocasinova.fr,jobsearch,Gambling-risk term: casino
gamble-bets.com,jobsearch,Gambling-risk term: bet
fixbet-dunk.vip,jobsearch,Gambling-risk term: bet
bet88zu.com,jobsearch,Gambling-risk term: bet
blastyadjust.philadelphiasportbetting.com,jobsearch,"Gambling-risk term: bet, betting"
freespincasinoapp.fr,jobsearch,Gambling-risk term: casino
casinobetriot.fr,jobsearch,"Gambling-risk term: bet, casino"
betaspectre.net,jobsearch,Gambling-risk term: bet
bdmbetcasino1.fr,jobsearch,"Gambling-risk term: bet, casino"
erzgf.bestbetter.sbs,jobsearch,Gambling-risk term: bet
betblastes.fr,jobsearch,Gambling-risk term: bet
bettonline.net,jobsearch,Gambling-risk term: bet
bet88tm.com,jobsearch,Also found in gambling blocklist
casinoclicapp.fr,jobsearch,Gambling-risk term: casino
chargenbanana.delawaresportsbet.com,jobsearch,Gambling-risk term: bet
dublinbet.fr,jobsearch,Gambling-risk term: bet
bet63bbb.com,jobsearch,Gambling-risk term: bet
bombasticcasino.fr,jobsearch,Gambling-risk term: casino
casinounique1.fr,jobsearch,Gambling-risk term: casino
casinoplay.fr,jobsearch,Gambling-risk term: casino
casinofantastik.fr,jobsearch,Gambling-risk term: casino
betify3.fr,jobsearch,Gambling-risk term: bet
billionairespincasino.fr,jobsearch,Gambling-risk term: casino
casinocoinpoker.fr,jobsearch,"Gambling-risk term: casino, poker"
betifycasinoofrance1.fr,jobsearch,"Gambling-risk term: bet, casino"
casinometropol-leader.vip,jobsearch,Gambling-risk term: casino
buumbet.net,jobsearch,Gambling-risk term: bet
casinocresuss.fr,jobsearch,Gambling-risk term: casino
betifycasinologin.fr,jobsearch,"Gambling-risk term: bet, casino"
fambetscasino.fr,jobsearch,"Gambling-risk term: bet, casino"
bingo-time.store,jobsearch,Gambling-risk term: bingo
canlimobilsohbet.com,jobsearch,Gambling-risk term: bet
burancasinoapp.fr,jobsearch,Gambling-risk term: casino
betonsports247.com,jobsearch,Gambling-risk term: bet
draculacasinocasino.fr,jobsearch,Gambling-risk term: casino
betblastcasino.fr,jobsearch,"Gambling-risk term: bet, casino"
celsiuscasinoapp.fr,jobsearch,Gambling-risk term: casino
casinomegawin.fr,jobsearch,Gambling-risk term: casino
avocasino.fr,jobsearch,Gambling-risk term: casino
chumbacasinos.fr,jobsearch,"Gambling-risk term: casino, casinos"
betta1mware.com,jobsearch,Gambling-risk term: bet
dumanbet-vip.live,jobsearch,Gambling-risk term: bet
goldenpandacasinoapp777.fr,jobsearch,Gambling-risk term: casino
betsamigo.fr,jobsearch,Gambling-risk term: bet
bet365-tf.com,jobsearch,Gambling-risk term: bet
cloudbet-soft.com,jobsearch,Also found in gambling blocklist
casinoinfinite.fr,jobsearch,Gambling-risk term: casino
casinoocresuss.fr,jobsearch,Gambling-risk term: casino
cashimashicasinoapp.fr,jobsearch,Gambling-risk term: casino
auth.slot69q.org,jobsearch,Gambling-risk term: slot
cmgw.menangkartutop.com,jobsearch,Also found in gambling blocklist
cashedcasinoapp.fr,jobsearch,Gambling-risk term: casino
exobeton.com,jobsearch,Gambling-risk term: bet
casino-pin-up.online,jobsearch,Gambling-risk term: casino
giris-holiganbet.com,jobsearch,Gambling-risk term: bet
glorygoon.com,jobsearch,Also found in gambling blocklist
buenamarbetaconip.con-ip.com,jobsearch,Gambling-risk term: bet
casinoenlignner.fr,jobsearch,Gambling-risk term: casino
dublinbetcasinos.fr,jobsearch,"Gambling-risk term: bet, casino, casinos"
betpandacasinopromocode.fr,jobsearch,"Gambling-risk term: bet, casino"
buffbetcasino.fr,jobsearch,"Gambling-risk term: bet, casino"
betterbusinessva.com,jobsearch,Gambling-risk term: bet
betn1casinoapp.fr,jobsearch,"Gambling-risk term: bet, casino"
dripcasino1.fr,jobsearch,Gambling-risk term: casino
casinobarrieretoulouse.fr,jobsearch,Gambling-risk term: casino
betstorm24.site,jobsearch,Gambling-risk term: bet
gameofbetx.top,jobsearch,Gambling-risk term: bet
casinoobetify.fr,jobsearch,"Gambling-risk term: bet, casino"
bet88ec.com,jobsearch,Also found in gambling blocklist
bitstarzcasino.fr,jobsearch,Gambling-risk term: casino
bettime90vip.online,jobsearch,Gambling-risk term: bet
banca-f8bet.online,jobsearch,Gambling-risk term: bet
casinoenligneretraitimmediate.fr,jobsearch,Gambling-risk term: casino
bdmbetcasinoenligne.fr,jobsearch,"Gambling-risk term: bet, casino"
dropbetcasino.fr,jobsearch,"Gambling-risk term: bet, casino"
betacaffitoshop.com,jobsearch,Gambling-risk term: bet
boomerangcasinobet.fr,jobsearch,"Gambling-risk term: bet, casino"
goldenplaycasino.fr,jobsearch,Gambling-risk term: casino
casinoorca.fr,jobsearch,Gambling-risk term: casino
betonredfrance.fr,jobsearch,Gambling-risk term: bet
betriximpactreview.com,jobsearch,Gambling-risk term: bet
fezbetcasinologin.fr,jobsearch,"Gambling-risk term: bet, casino"
buytop.goodverbet.click,jobsearch,Gambling-risk term: bet
cashedcasinobonuscode.fr,jobsearch,Gambling-risk term: casino
fatpiratecasinofr.fr,jobsearch,Gambling-risk term: casino
betjump.site,jobsearch,Gambling-risk term: bet
casinoolympe.fr,jobsearch,Gambling-risk term: casino
bdmbetcasinofrance1.fr,jobsearch,"Gambling-risk term: bet, casino"
emb-shaa-54eb.etsbnauojrh.workers.dev,jobsearch,Gambling-risk term: bet
cincinbet.fr,jobsearch,Gambling-risk term: bet
casombiecasinobonus.fr,jobsearch,Gambling-risk term: casino
donbetcasinopromo.fr,jobsearch,"Gambling-risk term: bet, casino"
finaltable.poker,jobsearch,Gambling-risk term: poker
betteraf.com,jobsearch,Gambling-risk term: bet
betaoptimexfreze.com,jobsearch,Gambling-risk term: bet
groupbeta.org,jobsearch,Gambling-risk term: bet
bovegascasino.fr,jobsearch,Gambling-risk term: casino
betillion.fr,jobsearch,Gambling-risk term: bet
casinomaxi-site.vip,jobsearch,Gambling-risk term: casino
betbob7.com,jobsearch,Gambling-risk term: bet
betsan01.top,jobsearch,Gambling-risk term: bet
bankonbetcasinologin.fr,jobsearch,"Gambling-risk term: bet, casino"
casinoverde.fr,jobsearch,Also found in gambling blocklist
betongnhemientrung.com,jobsearch,Gambling-risk term: bet
beta-registration-portal.esd.wa.gov,jobsearch,Gambling-risk term: bet
bet365365.app,jobsearch,Gambling-risk term: bet
betifycasino3.fr,jobsearch,"Gambling-risk term: bet, casino"
betaavocado.cyou,jobsearch,Gambling-risk term: bet
bet83052.com,jobsearch,Gambling-risk term: bet
betterinsight.lat,jobsearch,Gambling-risk term: bet
fortunacasinofrance.fr,jobsearch,Gambling-risk term: casino
dioxa-betrix.pro,jobsearch,Gambling-risk term: bet
bingoalcasinobet.fr,jobsearch,"Gambling-risk term: bet, bingo, casino"
gbet.us,jobsearch,Gambling-risk term: bet
classicslotsapp.com,jobsearch,"Gambling-risk term: slot, slots"
gamdomcasino.fr,jobsearch,Gambling-risk term: casino
betandreas-azer-one.top,jobsearch,Gambling-risk term: bet
casinospinaura.fr,jobsearch,"Gambling-risk term: casino, casinos"
betsyriot.org,jobsearch,Gambling-risk term: bet
betlic.fr,jobsearch,Gambling-risk term: bet
casinoenargentreel.fr,jobsearch,Gambling-risk term: casino
hatrubet.info,jobsearch,Gambling-risk term: bet
betsybrownlee.shop,jobsearch,Gambling-risk term: bet
betmastercasino.fr,jobsearch,"Gambling-risk term: bet, casino"
bettron.site,jobsearch,Gambling-risk term: bet
betfurycasinologin.fr,jobsearch,"Gambling-risk term: bet, casino"
casinoneft.website,jobsearch,Gambling-risk term: casino
goldenpandacasinodeposit.fr,jobsearch,Gambling-risk term: casino
bingobongo.space,jobsearch,Gambling-risk term: bingo
bigggcasino.fr,jobsearch,Gambling-risk term: casino
azurslotcasino.fr,jobsearch,"Gambling-risk term: casino, slot"
etateiumbetuq.pro,jobsearch,Gambling-risk term: bet
betsclic.fr,jobsearch,Gambling-risk term: bet
bebetou.com,press,Gambling-risk term: bet
arbetarbladet.se,press,Gambling-risk term: bet
betaseries.com,press,Gambling-risk term: bet
bethanyclipper.com,press,Gambling-risk term: bet
bethelcitizen.com,press,Gambling-risk term: bet
zaubette.eklablog.com,child,Gambling-risk term: bet
gameslotonilein.com,games,Gambling-risk term: slot
ctlottery.org,games,Also found in gambling blocklist
betpratygamegold.com,games,Gambling-risk term: bet
wsop.com,games,Already verified gambling
casinoregina.com,games,Also found in gambling blocklist
playercasino.top,games,Gambling-risk term: casino
playcasino.com,games,Gambling-risk term: casino
yourbingohall.com,games,Gambling-risk term: bingo
freelotto.com,games,Also found in gambling blocklist
professional-poker.com,games,Gambling-risk term: poker
playwinningpoker.com,games,Also found in gambling blocklist
mstuff.s5.com,games,Also found in gambling blocklist
stlouisbingo.com,games,Gambling-risk term: bingo
gambling-and-casino.com,games,"Gambling-risk term: casino, gambling"
bingochatter.com,games,Gambling-risk term: bingo
gamemun.bet,games,Gambling-risk term: bet
bingogamingnews.com,games,Gambling-risk term: bingo
planetsoldier.com,games,Also found in gambling blocklist
thepokertimer.com,games,Gambling-risk term: poker
onlinecasinoslotsgame.com,games,"Gambling-risk term: casino, casinos, slot, slots"
casinoplaytoearn.shop,games,Gambling-risk term: casino
starburst-slotgame.com,games,Gambling-risk term: slot
sizzling-hot-play.com,games,Also found in gambling blocklist
onlinepokerrealmoney.co.uk,games,Gambling-risk term: poker
gatesofolympus-slotgame.com,games,Gambling-risk term: slot
bingoplayer.ca,games,Gambling-risk term: bingo
gamexslots.com,games,"Gambling-risk term: slot, slots"
slotjava.com,games,Gambling-risk term: slot
roulette-player.com,games,Gambling-risk term: roulette
mostbetplay.com,games,Gambling-risk term: bet
pronosoft.com,games,Also found in gambling blocklist
customshowerbingo.com,games,Gambling-risk term: bingo
planetunreal.com,games,Also found in gambling blocklist
tk88.game,games,Also found in gambling blocklist
casinobablogames.com,games,Gambling-risk term: casino
ballsbetgames.com,games,Gambling-risk term: bet
everestpoker.com,games,Also found in gambling blocklist
playdoitmxcasino.top,games,Gambling-risk term: casino
jeudunet.com,games,Also found in gambling blocklist
blackjackscience.com,games,Gambling-risk term: blackjack
kylottery.com,games,Also found in gambling blocklist
partnerbcgame.com,games,Also found in gambling blocklist
unreelslots.com,games,"Gambling-risk term: slot, slots"
casinopartynights.com,games,Gambling-risk term: casino
topcasino.games,games,Also found in gambling blocklist
bettorsworld.com,games,Gambling-risk term: bet
masterpokersoftware.com,games,Gambling-risk term: poker
onlinecasinogamespcx.com,games,Gambling-risk term: casino
casino-xbet-game.ru,games,"Gambling-risk term: bet, casino"
wagerline.com,games,Gambling-risk term: wager
plwinslotgames.com,games,Gambling-risk term: slot
playcasinomiami.com,games,Gambling-risk term: casino
gamebookers.com,games,Already verified gambling
slot.game,games,Gambling-risk term: slot
bookies.com.au,games,Also found in gambling blocklist
racingbetter.co.uk,games,Gambling-risk term: bet
24hr-slots.co.uk,games,"Gambling-risk term: slot, slots"
palacecasino.com,games,Gambling-risk term: casino
1win-casino-play.ru,games,Gambling-risk term: casino
jackpotmagazine.com,games,Gambling-risk term: jackpot
gamix.fr,games,Also found in gambling blocklist
beth.games,games,Gambling-risk term: bet
slotsplaycasino.shop,games,Also found in gambling blocklist
mostbet-games.com,games,Gambling-risk term: bet
meccabingo.com,games,Already verified gambling
arslotplay.com,games,Gambling-risk term: slot
bingoconnection.ca,games,Gambling-risk term: bingo
slotsqueen.com,games,"Gambling-risk term: slot, slots"
casinogamesww.com,games,Gambling-risk term: casino
jumpmangaming.com,games,Also found in gambling blocklist
10bet.com,games,Also found in gambling blocklist
totomaster.com,games,Also found in gambling blocklist
clan-moa.5u.com,games,Also found in gambling blocklist
slotsmamma.com,games,"Gambling-risk term: slot, slots"
azslot.com,games,Gambling-risk term: slot
heybingo.com,games,Gambling-risk term: bingo
sandiacasino.com,games,Also found in gambling blocklist
microgaming.com,games,Also found in gambling blocklist
playfrank.com,games,Already verified gambling
gameduell.com,games,Also found in gambling blocklist
slot-machine-games.net,games,Gambling-risk term: slot
robertturnerpoker.wordpress.com,games,Gambling-risk term: poker
readybetgo.com,games,Gambling-risk term: bet
gbet.com,games,Gambling-risk term: bet
hollywoodcasinotunica.com,games,Gambling-risk term: casino
valottery.com,games,Also found in gambling blocklist
casino-automatengames.com,games,Gambling-risk term: casino
silverplaycasino.top,games,Also found in gambling blocklist
freeslots.com.au,games,"Gambling-risk term: slot, slots"
slotmachinebasics.com,games,Gambling-risk term: slot
rocketplay13.com,games,Also found in gambling blocklist
ps2.cheatfreak.com,games,Also found in gambling blocklist
pgslotgame.vip,games,Gambling-risk term: slot
colvillecasinos.com,games,Also found in gambling blocklist
game-1win-casino.ru,games,Gambling-risk term: casino
irishpokerboards.com,games,Gambling-risk term: poker
pokersharkpool.com,games,Gambling-risk term: poker
allgamesbeta.wordpress.com,games,Gambling-risk term: bet
lrgames.s5.com,games,Also found in gambling blocklist
ticasino.com,games,Also found in gambling blocklist
dplay.casino,games,Gambling-risk term: casino
regentplaycasino.top,games,Also found in gambling blocklist
slot1234.game,games,Gambling-risk term: slot
tmtplay.casino,games,Gambling-risk term: casino
failbettergames.com,games,Gambling-risk term: bet
jeuxbingo.com,games,Gambling-risk term: bingo
xbet-play-casino.ru,games,"Gambling-risk term: bet, casino"
sportsinteraction.com,games,Also found in gambling blocklist
hipodromosanisidro.com,games,Also found in gambling blocklist
evoplayslot.vip,games,Gambling-risk term: slot
fairplaycasino.top,games,Gambling-risk term: casino
ijustwanttoplaypoker.com,games,Gambling-risk term: poker
proplayredstarpoker.ru,games,Gambling-risk term: poker
video-poker-strategy.net,games,Gambling-risk term: poker
eurocazino.com,games,Also found in gambling blocklist
sevenclanscasino.com,games,Gambling-risk term: casino
gametwist-casino.click,games,Gambling-risk term: casino
playcasinos.ca,games,"Gambling-risk term: casino, casinos"
roulette-simulator.info,games,Gambling-risk term: roulette
samslots.com,games,"Gambling-risk term: slot, slots"
prowagersystems.com,games,Gambling-risk term: wager
coronetbingo.com,games,Gambling-risk term: bingo
betplay138.com,games,Gambling-risk term: bet
playfortuna.com,games,Also found in gambling blocklist
bwin.com.ar,games,Also found in gambling blocklist
bcgamecasino.pw,games,Gambling-risk term: casino
cowboyscasino.ca,games,Gambling-risk term: casino
trainsimdepot.5u.com,games,Also found in gambling blocklist
aucasino.games,games,Gambling-risk term: casino
seangraham.com,games,Also found in gambling blocklist
gamblingindustryassociation.com,games,Gambling-risk term: gambling
playcasinoonline.ca,games,Gambling-risk term: casino
rouletteforum.cc,games,Gambling-risk term: roulette
coloradocasinoguide.info,games,Gambling-risk term: casino
biggamecasino.top,games,Also found in gambling blocklist
vlsroulette.com,games,Gambling-risk term: roulette
amazingcheaproulettegamez.com,games,Gambling-risk term: roulette
fancasinogames.com,games,Gambling-risk term: casino
lotterypost.com,games,Also found in gambling blocklist
belterracasino.com,games,Also found in gambling blocklist
pgsoft-games.com,games,Also found in gambling blocklist
new-casino.games,games,Gambling-risk term: casino
realjudicasinogame.com,games,Gambling-risk term: casino
freeslots-online.net,games,"Gambling-risk term: slot, slots"
pokertodo.com,games,Gambling-risk term: poker
videopokerreview.com,games,Gambling-risk term: poker
betweenle.com,games,Gambling-risk term: bet
bjsbingo.co.uk,games,Gambling-risk term: bingo
bcgamecasino.top,games,Gambling-risk term: casino
casinorama.com,games,Also found in gambling blocklist
paradise-casinos.com,games,"Gambling-risk term: casino, casinos"
riversidecasinoandresort.com,games,Also found in gambling blocklist
bet-at-home.com,games,Already verified gambling
pokerforum.ca,games,Gambling-risk term: poker
jackpots.ch,games,Gambling-risk term: jackpot
cahuillacasino.com,games,Gambling-risk term: casino
blackjackreview.com,games,Also found in gambling blocklist
platinumplaycasino.top,games,Gambling-risk term: casino
golfsidebets.com,games,Gambling-risk term: bet
axelgame.free.fr,games,Also found in gambling blocklist
tangslotpanungame.com,games,Gambling-risk term: slot
cubetimer.com,games,Gambling-risk term: bet
playbetter.com,games,Gambling-risk term: bet
game-1xbet-ar.com,games,Gambling-risk term: bet
domgamecasino.top,games,Also found in gambling blocklist
pokerresultsmanager.com,games,Gambling-risk term: poker
sexygame-finnbet.com,games,Gambling-risk term: bet
pgslot-game.io,games,Gambling-risk term: slot
healthlottery.co.uk,games,Already verified gambling
cliffcastlecasinohotel.com,games,Also found in gambling blocklist
allwingamecasino.com,games,Gambling-risk term: casino
northstarcasinoresort.com,games,Gambling-risk term: casino
goldeneaglecasino.com,games,Gambling-risk term: casino
casinobestgamez.com,games,Gambling-risk term: casino
greatamericancasino.com,games,Gambling-risk term: casino
flalottery.com,games,Also found in gambling blocklist
parttimepoker.com,games,Also found in gambling blocklist
free-slots.games,games,"Gambling-risk term: slot, slots"
slotvegas.co.uk,games,Gambling-risk term: slot
playslotgcas.com,games,Gambling-risk term: slot
onlinecasinoplay24.com,games,Gambling-risk term: casino
umichiganpoker.com,games,Gambling-risk term: poker
christchurchcasino.nz,games,Gambling-risk term: casino
paradicecasino.com,games,Gambling-risk term: casino
poker-flash.eu,games,Gambling-risk term: poker
playggokpoker.ru,games,Gambling-risk term: poker
craps.com,games,Also found in gambling blocklist
teambingo.com,games,Gambling-risk term: bingo
casinosecretplay.jp,games,"Gambling-risk term: casino, casinos"
slotsexpress.com,games,"Gambling-risk term: slot, slots"
betteringamericanpoetry.com,games,Gambling-risk term: bet
triplecrowncasinos.com,games,"Gambling-risk term: casino, casinos"
igamingaffiliateprograms.com,games,Gambling-risk term: igaming
nhlottery.com,games,Also found in gambling blocklist
winbet99play.com,games,Gambling-risk term: bet
pokerrules.net,games,Gambling-risk term: poker
livecasinopartners.com,games,Gambling-risk term: casino
acecasinorentals.com,games,Gambling-risk term: casino
pokerjunkie.com,games,Also found in gambling blocklist
all-online-casino-games.com,games,Gambling-risk term: casino
bestgamesslots.com,games,"Gambling-risk term: slot, slots"
dewabetplay.com,games,Gambling-risk term: bet
casinogamedeals.net,games,Gambling-risk term: casino
grandvictoriacasino.com,games,Also found in gambling blocklist
absoluflash.com,games,Also found in gambling blocklist
mansioncasino.com,games,Also found in gambling blocklist
tulalipresortcasino.com,games,Also found in gambling blocklist
hawkplay.org,games,Also found in gambling blocklist
lofi-gaming.org.uk,games,Gambling-risk term: igaming
ebetting101.com,games,"Gambling-risk term: bet, betting"
pin-up-casino-play-for-money.com,games,Gambling-risk term: casino
jackpotjunction.com,games,Gambling-risk term: jackpot
slotxo.game,games,Gambling-risk term: slot
betangel.com,games,Gambling-risk term: bet
jokerplayslots.net,games,"Gambling-risk term: slot, slots"
lottery.sd.gov,games,Also found in gambling blocklist
swinomishcasinoandlodge.com,games,Gambling-risk term: casino
kickapoo-casino.com,games,Gambling-risk term: casino
tables-de-poker.fr,games,Gambling-risk term: poker
chinookwindscasino.com,games,Also found in gambling blocklist
roulettesecretsuncovered.co.uk,games,Gambling-risk term: roulette
pgslotgame.gg,games,Gambling-risk term: slot
jeuxdecasinogratuit.xyz,games,Gambling-risk term: casino
riverrockcasino.com,games,Gambling-risk term: casino
game-aviator-mostbet.ru,games,Gambling-risk term: bet
bvspoker.com,games,Gambling-risk term: poker
ohiolottery.com,games,Also found in gambling blocklist
thesimsstory.s5.com,games,Also found in gambling blocklist
pkvgames.bet,games,Gambling-risk term: bet
gamblingonlinemagazine.com,games,Gambling-risk term: gambling
slotmachinesystems.net,games,Gambling-risk term: slot
roulettesystems.org,games,Gambling-risk term: roulette
anime-game-osts.com,games,Also found in gambling blocklist
senecaniagaracasino.com,games,Also found in gambling blocklist
gameslotgacor.id,games,Gambling-risk term: slot
aviator-game-1xbet.ru,games,Gambling-risk term: bet
playonlinecasinogame.shop,games,Gambling-risk term: casino
pokerology.com,games,Gambling-risk term: poker
wintingo.com,games,Also found in gambling blocklist
illinoislottery.com,games,Also found in gambling blocklist
tristinspage.s5.com,games,Also found in gambling blocklist
theedgepoker.com,games,Also found in gambling blocklist
casiplay.com,games,Also found in gambling blocklist
ripper-casino.games,games,Also found in gambling blocklist
bethesda.net,games,Gambling-risk term: bet
gamblinginfo.com,games,Gambling-risk term: gambling
hellcase.com,games,Also found in gambling blocklist
1win-casino-games.ru,games,Gambling-risk term: casino
acpokerguide.com,games,Gambling-risk term: poker
letsplaypoker.com,games,Gambling-risk term: poker
rummycircle.com,games,Also found in gambling blocklist
galottery.com,games,Also found in gambling blocklist
rouletterus.com,games,Gambling-risk term: roulette
casinopartiesphoenix.com,games,Gambling-risk term: casino
freepoker.net,games,Gambling-risk term: poker
usapokerplayer.com,games,Gambling-risk term: poker
spinpalace.com,games,Also found in gambling blocklist
blackjacklife.com,games,Gambling-risk term: blackjack
bingoentertainment.com,games,Gambling-risk term: bingo
queenplay.com,games,Already verified gambling
gamdom.com,games,Also found in gambling blocklist
castlecasino.com,games,Also found in gambling blocklist
affiliatebingo.com,games,Gambling-risk term: bingo
playpokerslot.com,games,"Gambling-risk term: poker, slot"
blackjack.org,games,Gambling-risk term: blackjack
menomineecasinoresort.com,games,Gambling-risk term: casino
sunnyplayercasino.top,games,Gambling-risk term: casino
playnowonlinecasino.com,games,Gambling-risk term: casino
cardplayer.com,games,Also found in gambling blocklist
interwetten.com,games,Also found in gambling blocklist
blackjackcourse.com,games,Gambling-risk term: blackjack
ruonlineggpokerplayok.ru,games,Gambling-risk term: poker
vulkancasinogames.com,games,Gambling-risk term: casino
jeuxgratuits.casino,games,Gambling-risk term: casino
intellipoker.es,games,Gambling-risk term: poker
aviator-games.casino,games,Gambling-risk term: casino
clanlethal.s5.com,games,Also found in gambling blocklist
casinolifegame.shop,games,Also found in gambling blocklist
masslottery.com,games,Gambling-risk term: slot
casinocity.com,games,Also found in gambling blocklist
playcasinomrbet.com,games,"Gambling-risk term: bet, casino"
pokerrpg.com,games,Gambling-risk term: poker
mrplay-casino.top,games,Also found in gambling blocklist
betshop.com,games,Gambling-risk term: bet
bettingpartners.com,games,Also found in gambling blocklist
pokerprofessor.com,games,Gambling-risk term: poker
roulette-uk.com,games,Gambling-risk term: roulette
starcasino.com,games,Also found in gambling blocklist
american-chance-casinos.com,games,"Gambling-risk term: casino, casinos"
pokerstrategy.com,games,Gambling-risk term: poker
intercasino.com,games,Also found in gambling blocklist
red-dog-casino-play.com,games,Gambling-risk term: casino
igame.com,games,Also found in gambling blocklist
cheapxslotgamez.com,games,Gambling-risk term: slot
owlcatgames.com,games,Also found in gambling blocklist
vegasinsider.com,games,Also found in gambling blocklist
paddypower.com,games,Already verified gambling
bplaysantafecasino.top,games,Also found in gambling blocklist
slotsgamesx.com,games,"Gambling-risk term: slot, slots"
americancasinoguide.com,games,Also found in gambling blocklist
freeslotsgames.icu,games,"Gambling-risk term: slot, slots"
bet365affiliates.com,games,Also found in gambling blocklist
soaringeaglecasino.com,games,Also found in gambling blocklist
theatlanticcitycasinos.com,games,"Gambling-risk term: casino, casinos"
jeux-gratuits-casino.com,games,Gambling-risk term: casino
mohawkcasino.com,games,Also found in gambling blocklist
readymadecasinos.com,games,Also found in gambling blocklist
casino-madagascar.com,games,Gambling-risk term: casino
stationslotgame.net,games,Gambling-risk term: slot
majorwager.com,games,Gambling-risk term: wager
residentslot-play.com,games,Gambling-risk term: slot
gamblingaffiliateprograms.co.uk,games,Gambling-risk term: gambling
videopokerhelp.net,games,Gambling-risk term: poker
pin-up-casino-game.xyz,games,Gambling-risk term: casino
aviatorgame.net,games,Also found in gambling blocklist
azcasinoknights.com,games,Gambling-risk term: casino
vegasjackpotgold.com,games,Gambling-risk term: jackpot
slotpg.games,games,Gambling-risk term: slot
attheraces.com,games,Also found in gambling blocklist
abgamescasino.com,games,Gambling-risk term: casino
odawacasino.com,games,Also found in gambling blocklist
blackjackinfo.com,games,Also found in gambling blocklist
gamblinglicenses.com,games,Gambling-risk term: gambling
zcasinobh.com,games,Gambling-risk term: casino
casinonightgames.com,games,Gambling-risk term: casino
africanbettingclan.com,games,"Gambling-risk term: bet, betting"
casino-vulkan-games.one,games,Gambling-risk term: casino
holdempokerskills.com,games,Gambling-risk term: poker
buzzwordbingogame.com,games,Gambling-risk term: bingo
bcgamecasino.fun,games,Gambling-risk term: casino
skydancercasino.com,games,Gambling-risk term: casino
halaplay.com,games,Also found in gambling blocklist
bingoinfo.com,games,Gambling-risk term: bingo
divusgustossanctus.s5.com,games,Also found in gambling blocklist
parieurs-sportifs.com,games,Also found in gambling blocklist
bingo.cdyn.com,games,Gambling-risk term: bingo
winninghorsebets.com,games,Gambling-risk term: bet
topbestcasinogames.shop,games,Also found in gambling blocklist
topcasinosenligne.com,games,"Gambling-risk term: casino, casinos"
nichepoker.net,games,Gambling-risk term: poker
pgslot-game.app,games,Gambling-risk term: slot
playprofessionalcasino.com,games,Gambling-risk term: casino
casinoqueen.com,games,Gambling-risk term: casino
1xbetcasinogames.ru,games,"Gambling-risk term: bet, casino"
casinotojobetgames.net,games,"Gambling-risk term: bet, casino"
betdevil.com,games,Gambling-risk term: bet
reclan.5u.com,games,Also found in gambling blocklist
gamee.com,games,Also found in gambling blocklist
taptap.io,games,Also found in gambling blocklist
crashcasinogame.net,games,Also found in gambling blocklist
brplayredstarpoker.com,games,Gambling-risk term: poker
riverbelle.com,games,Also found in gambling blocklist
gameduell.fr,games,Also found in gambling blocklist
pgslot-games.com,games,Gambling-risk term: slot
betagamess.gq,games,Gambling-risk term: bet
animetion.5u.com,games,Also found in gambling blocklist
legaluspokersites.com,games,Gambling-risk term: poker
casino-caribbean.net,games,Gambling-risk term: casino
onlineplayerscasino.com,games,Gambling-risk term: casino
advantagesportsbetting.com,games,"Gambling-risk term: bet, betting"
chessandpoker.com,games,Gambling-risk term: poker
mansionpoker.com,games,Also found in gambling blocklist
playamocasino.top,games,Also found in gambling blocklist
solverde.pt,games,Also found in gambling blocklist
betfirms.com,games,Gambling-risk term: bet
pokersyte.com,games,Also found in gambling blocklist
rt66casino.com,games,Also found in gambling blocklist
cheapxblackjackgamez.com,games,Also found in gambling blocklist
casinosonlineusaplay.com,games,Also found in gambling blocklist
betsoftgaming.com,games,Gambling-risk term: bet
playhugelottos.com,games,Also found in gambling blocklist
casinovenezia.it,games,Also found in gambling blocklist
o8poker.com,games,Gambling-risk term: poker
predictroulette.com,games,Gambling-risk term: roulette
edgewatercasino.ca,games,Gambling-risk term: casino
mostbet-game.in,games,Gambling-risk term: bet
poker.org.uk,games,Gambling-risk term: poker
nelottery.com,games,Also found in gambling blocklist
fruitparty-slotgame.com,games,Gambling-risk term: slot
decasino.com,games,Gambling-risk term: casino
slotsdirect.com,games,"Gambling-risk term: slot, slots"
lucky7casino.com,games,Gambling-risk term: casino
fulltiltpoker.net,games,Gambling-risk term: poker
play-mostbet-az.com,games,Gambling-risk term: bet
pin-up-casino-play-for-money-official.com,games,Gambling-risk term: casino
norad.5u.com,games,Also found in gambling blocklist
ezpokernotes.com,games,Gambling-risk term: poker
roulettesystem.org,games,Gambling-risk term: roulette
bc-game-casino.online,games,Gambling-risk term: casino
onlineplayyapokerag.com,games,Gambling-risk term: poker
pokersharpener.com,games,Gambling-risk term: poker
postcodelottery.co.uk,games,Already verified gambling
ufabet123.games,games,Gambling-risk term: bet
gamezy.com,games,Also found in gambling blocklist
betrayal.io,games,Gambling-risk term: bet
superslot.game,games,Gambling-risk term: slot
casinoconsult.com,games,Gambling-risk term: casino
slotjili.games,games,Gambling-risk term: slot
cheapxpokergamez.com,games,Gambling-risk term: poker
pokerogue.net,games,Gambling-risk term: poker
fondduluthcasino.com,games,Gambling-risk term: casino
888ptonlinepokerplay.com,games,Gambling-risk term: poker
homepokergames.com,games,Also found in gambling blocklist
pembslottery.co.uk,games,Gambling-risk term: slot
mnlottery.com,games,Also found in gambling blocklist
pokerogue.io,games,Gambling-risk term: poker
affiliatesfastlanebetting.com,games,"Gambling-risk term: bet, betting"
amazingcasinolivecardgamez.com,games,Gambling-risk term: casino
slot5000.game,games,Gambling-risk term: slot
playalberta.ca,games,Also found in gambling blocklist
skyvegas.com,games,Already verified gambling
thebingoaffiliates.com,games,Gambling-risk term: bingo
newretrocasino-play.ru,games,Gambling-risk term: casino
poker-king.com,games,Also found in gambling blocklist
caesarsgames.com,games,Also found in gambling blocklist
slotmachinegameinfo.com,games,Gambling-risk term: slot
casinolockbetgame.shop,games,Also found in gambling blocklist
slotsdetails.com,games,"Gambling-risk term: slot, slots"
eaglemtncasino.com,games,Gambling-risk term: casino
bacanaplaycasino.top,games,Gambling-risk term: casino
bwin.com,games,Already verified gambling
casinocenter.com,games,Also found in gambling blocklist
rollbit.com,games,Also found in gambling blocklist
luckystar.io,games,Also found in gambling blocklist
capitol-casino.com,games,Gambling-risk term: casino
jackpot-777.fr,games,Gambling-risk term: jackpot
playmillion.com,games,Also found in gambling blocklist
gameslotgacor.homes,games,Gambling-risk term: slot
onlineggpokerokplay.ru,games,Gambling-risk term: poker
liquidpoker.net,games,Gambling-risk term: poker
enjoycasinogame.net,games,Gambling-risk term: casino
goldenheartsgames.com,games,Also found in gambling blocklist
bingocams.com,games,Gambling-risk term: bingo
csgoempire.com,games,Also found in gambling blocklist
lesjeuxgratuits.com,games,Also found in gambling blocklist
downstreamcasino.com,games,Also found in gambling blocklist
proplayggpokerua.com,games,Gambling-risk term: poker
morongocasinoresort.com,games,Also found in gambling blocklist
pokerhandreplays.com,games,Gambling-risk term: poker
residentslotsplay.com,games,"Gambling-risk term: slot, slots"
wannamakeabet.com,games,Gambling-risk term: bet
slotxo-game.vip,games,Gambling-risk term: slot
allslotsgames.com,games,"Gambling-risk term: slot, slots"
pokernews.com,games,Also found in gambling blocklist
slotsbee.com,games,"Gambling-risk term: slot, slots"
wagerpartners.com,games,Gambling-risk term: wager
pokerhand.org,games,Gambling-risk term: poker
footballsportsbettingonline.com,games,"Gambling-risk term: bet, betting"
pin-up-casino-official-play.com,games,Gambling-risk term: casino
un-poker-gratuit.fr,games,Gambling-risk term: poker
rouletteforum.com,games,Gambling-risk term: roulette
pokercalculatoronline.com,games,Gambling-risk term: poker
casinoplaysocial.shop,games,Gambling-risk term: casino
slotsgames.dk,games,"Gambling-risk term: slot, slots"
floridacasinocompany.com,games,Gambling-risk term: casino
stcroixcasino.com,games,Gambling-risk term: casino
pokerassist.nl,games,Gambling-risk term: poker
snocasino.com,games,Also found in gambling blocklist
playcasino.cam,games,Gambling-risk term: casino
aroundthesims.com,games,Also found in gambling blocklist
sydneysbingolounge.com.au,games,Gambling-risk term: bingo
easyslot.games,games,Gambling-risk term: slot
molelakecasino.com,games,Gambling-risk term: casino
smcasino-game.com,games,Gambling-risk term: casino
88betplay.org,games,Gambling-risk term: bet
bettorstalk.com,games,Gambling-risk term: bet
betbrain.com,games,Also found in gambling blocklist
pggame365.agency,games,Also found in gambling blocklist
vegascasinoonline.com,games,Gambling-risk term: casino
casino-xbet-play.ru,games,"Gambling-risk term: bet, casino"
hollywoodcasinoaurora.com,games,Also found in gambling blocklist
playslotcasin.win,games,Gambling-risk term: slot
testyourpoker.com,games,Gambling-risk term: poker
myjackpot.fr,games,Gambling-risk term: jackpot
playyapokeronlineag.com,games,Gambling-risk term: poker
playtech-slot.org,games,Gambling-risk term: slot
murka.com,games,Also found in gambling blocklist
betplatinum.ag,games,Also found in gambling blocklist
acepokersolutions.com,games,Gambling-risk term: poker
casino-software-india.com,games,"Gambling-risk term: casino, casinos"
thegilpincasino.com,games,Gambling-risk term: casino
online-slots-games.net,games,"Gambling-risk term: slot, slots"
windrawwin.com,games,Also found in gambling blocklist
sexyav.grattage.com,games,Also found in gambling blocklist
betgames.tv,games,Also found in gambling blocklist
gamesgrid.com,games,Also found in gambling blocklist
crazeplay-casino.top,games,Gambling-risk term: casino
jackpotbetgame.com,games,"Gambling-risk term: bet, jackpot"
shenmue.s5.com,games,Also found in gambling blocklist
gwbet.com,games,Also found in gambling blocklist
diamondfuncasino.co.uk,games,Also found in gambling blocklist
playlivebingo.com,games,Gambling-risk term: bingo
themillcasino.com,games,Also found in gambling blocklist
playslot77jackpot.win,games,"Gambling-risk term: jackpot, slot"
onlineslots.org.uk,games,"Gambling-risk term: slot, slots"
bestcasinopartner.com,games,Gambling-risk term: casino
247playpoker.com,games,Gambling-risk term: poker
egamingonline.com,games,Also found in gambling blocklist
plus-casinogames.shop,games,Also found in gambling blocklist
020jkjk.com,games,Also found in gambling blocklist
reservecasinohotel.com,games,Gambling-risk term: casino
dynmap.ruslotro.com,games,Gambling-risk term: slot
goldenacorncasino.com,games,Gambling-risk term: casino
tropicanacasinos.com,games,"Gambling-risk term: casino, casinos"
casinocitypress.com,games,Gambling-risk term: casino
tombola.co.uk,games,Already verified gambling
showbettor.com,games,Gambling-risk term: bet
ufabetplay.com,games,Gambling-risk term: bet
jackpotters.com,games,Gambling-risk term: jackpot
onlinecasinoage.com,games,Gambling-risk term: casino
fullcontactpoker.com,games,Gambling-risk term: poker
bankofpoker.fr,games,Gambling-risk term: poker
kolwarehouse.5u.com,games,Also found in gambling blocklist
roulette-king.com,games,Gambling-risk term: roulette
pokerokplayrussia.ru,games,Gambling-risk term: poker
seaman.s5.com,games,Also found in gambling blocklist
megabingo.com.au,games,Gambling-risk term: bingo
sukabet.games,games,Gambling-risk term: bet
blackjacksys.com,games,Gambling-risk term: blackjack
play-1xbet-kz.ru,games,Gambling-risk term: bet
slotsjam.com,games,"Gambling-risk term: slot, slots"
roulette30.com,games,Gambling-risk term: roulette
betweenwaters.com,games,Gambling-risk term: bet
onlinecasinogames.co.nz,games,Gambling-risk term: casino
replaypoker.com,games,Gambling-risk term: poker
casinomarbella.com,games,Gambling-risk term: casino
gros-lots.fr,games,"Gambling-risk term: slot, slots"
foxygames.com,games,Also found in gambling blocklist
bingoware.sourceforge.net,games,Gambling-risk term: bingo
playdoitcasinomx.top,games,Gambling-risk term: casino
crashcasinogame.com,games,Also found in gambling blocklist
uspoker.com,games,Also found in gambling blocklist
betgamejackpot.com,games,"Gambling-risk term: bet, jackpot"
poker-vibe.com,games,Gambling-risk term: poker
phdream11.com,games,Also found in gambling blocklist
aviator-casino-game.com,games,Gambling-risk term: casino
diypokertour.com,games,Gambling-risk term: poker
odds.bestbetting.com,games,Also found in gambling blocklist
gamesandcasino.com,games,Gambling-risk term: casino
grandrivercasino.com,games,Gambling-risk term: casino
juegaenlinea.com,games,Also found in gambling blocklist
alwaysfuncasinos.com,games,"Gambling-risk term: casino, casinos"
fortunebeach.com,games,Also found in gambling blocklist
motorcitycasino.com,games,Also found in gambling blocklist
rocketplay.com,games,Also found in gambling blocklist
675bets.com,games,Also found in gambling blocklist
expekt.com,games,Also found in gambling blocklist
gamepoint.com,games,Also found in gambling blocklist
oneidacasino.net,games,Gambling-risk term: casino
malayslotgame.com,games,Gambling-risk term: slot
pgslotauto.game,games,Gambling-risk term: slot
bcgamecasino.website,games,Gambling-risk term: casino
b2bslots.com,games,"Gambling-risk term: slot, slots"
elbowrivercasino.com,games,Gambling-risk term: casino
blackjacktheforum.com,games,Gambling-risk term: blackjack
playamo.com,games,Also found in gambling blocklist
games-casino-xbet.ru,games,"Gambling-risk term: bet, casino"
playslot77x.com,games,Gambling-risk term: slot
dodgyonlinecasinohistory.net,games,Gambling-risk term: casino
videopokerschool.com,games,Gambling-risk term: poker
casinoibiza.com,games,Gambling-risk term: casino
pgslot-games.co,games,Gambling-risk term: slot
betson.com,"games, shopping",Gambling-risk term: bet
rosebudcasino.com,games,Gambling-risk term: casino
allgamesbeta.com,games,Gambling-risk term: bet
playslot888.com,games,Gambling-risk term: slot
casinogamesmachines.com,games,Gambling-risk term: casino
totesport.com,games,Also found in gambling blocklist
mrgreen.com,games,Also found in gambling blocklist
casinopauma.com,games,Gambling-risk term: casino
paynplaycasinos.nz,games,Also found in gambling blocklist
casocialcasinogames.com,games,Also found in gambling blocklist
blackjackguru.net,games,Gambling-risk term: blackjack
mohegansun.com,games,Also found in gambling blocklist
zeturf.com,games,Also found in gambling blocklist
mrbetfreeplay.com,games,Gambling-risk term: bet
soccertipsking.com,games,Also found in gambling blocklist
playwsop.com,games,Also found in gambling blocklist
jetons-de-poker.com,"games, shopping",Gambling-risk term: poker
bng.games,games,Also found in gambling blocklist
gamblingcompliance.com,games,Gambling-risk term: gambling
play-1xbet-casino.ru,games,"Gambling-risk term: bet, casino"
casinoknights.com,games,Gambling-risk term: casino
beatblackjack.org,games,Gambling-risk term: blackjack
betasia.com,games,Gambling-risk term: bet
royworks.5u.com,games,Also found in gambling blocklist
jetxbetgame.com,games,Gambling-risk term: bet
pokerroom.com,games,Gambling-risk term: poker
lees-bingo.co.uk,games,Gambling-risk term: bingo
thecasinoconnection.com,games,Gambling-risk term: casino
admiralgameslots.net,games,"Gambling-risk term: slot, slots"
casinogamesjkk.com,games,Gambling-risk term: casino
coloradolottery.com,games,Also found in gambling blocklist
games-1xbet-kz.ru,games,Gambling-risk term: bet
pkr.com,games,Also found in gambling blocklist
sportsbettingstats.com,games,"Gambling-risk term: bet, betting"
casino-to-go.co.uk,games,Gambling-risk term: casino
bethesdagamestudios.com,games,Gambling-risk term: bet
7starrewardscasino.com,games,Gambling-risk term: casino
playslot77gg.com,games,Gambling-risk term: slot
robison.casinocitytimes.com,games,Also found in gambling blocklist
high5games.com,games,Also found in gambling blocklist
luckyadmiral.com,games,Also found in gambling blocklist
casino-games-play.com,games,Gambling-risk term: casino
play-casino-1win.ru,games,Gambling-risk term: casino
amazingcasinocardgamez.com,games,Gambling-risk term: casino
colorslotsspingame.net,games,"Gambling-risk term: slot, slots"
32vegas.com,games,Also found in gambling blocklist
mrbetgames.com,games,Gambling-risk term: bet
2ksportsbet.com,games,Gambling-risk term: bet
betadwarf.com,games,Gambling-risk term: bet
gamesloth.com,games,Gambling-risk term: slot
slotxogame365.com,games,Gambling-risk term: slot
sunbingo.co.uk,games,Also found in gambling blocklist
casinogamesrealusa.com,games,Gambling-risk term: casino
virtualescasinogame.com,games,Gambling-risk term: casino
playtika.com,games,Also found in gambling blocklist
capitolbingo.co.uk,games,Gambling-risk term: bingo
gametwistcasino-es.top,games,Gambling-risk term: casino
islandviewcasino.com,games,Also found in gambling blocklist
cherokeecasino.com,games,Also found in gambling blocklist
pgslotgame.casino,games,"Gambling-risk term: casino, slot"
ogrebattle.s5.com,games,Also found in gambling blocklist
videoslotmachines.com,games,Gambling-risk term: slot
casinocardgamereviews.com,games,Gambling-risk term: casino
partypoker.com,games,Already verified gambling
chickenranchcasino.com,games,Gambling-risk term: casino
demoplayslots.com,games,"Gambling-risk term: slot, slots"
bingopalace.co.uk,games,Gambling-risk term: bingo
gamesslot.site,games,"Gambling-risk term: slot, slots"
3dgamers.com,games,Also found in gambling blocklist
intertops.eu,games,Also found in gambling blocklist
juegatusuerte.com,games,Also found in gambling blocklist
pokerfuse.com,games,Gambling-risk term: poker
crazeplaycasino.top,games,Gambling-risk term: casino
1xbet-play-casino.ru,games,Also found in gambling blocklist
bearrivercasino.com,games,Gambling-risk term: casino
bingoonline.com,games,Gambling-risk term: bingo
tga-casino-hotel-management.co.uk,games,Gambling-risk term: casino
slotlandentertainment.com,games,Gambling-risk term: slot
playruredstarpoker.ru,games,Gambling-risk term: poker
playzaxcasino.top,games,Gambling-risk term: casino
pokertells.com,games,Gambling-risk term: poker
playonlinecasinoaustralia.com,games,Gambling-risk term: casino
akaka.us-lot.org,games,Gambling-risk term: slot
igcplay88x.com,games,Also found in gambling blocklist
casinogametwist.click,games,Gambling-risk term: casino
88slotgame.com,games,Gambling-risk term: slot
dancingeaglecasino.com,games,Gambling-risk term: casino
internetvideopoker.org,games,Gambling-risk term: poker
betterbridge.com,games,Gambling-risk term: bet
russiaplaypokerking.ru,games,Gambling-risk term: poker
pokertracker.com,games,Gambling-risk term: poker
onlinepokerwinning.com,games,Gambling-risk term: poker
dunedincasino.co.nz,games,Gambling-risk term: casino
totocasinogame.com,games,Gambling-risk term: casino
unitedpokerforum.com,games,Gambling-risk term: poker
pokersharks.es,games,Gambling-risk term: poker
blackjack-info.net,games,Gambling-risk term: blackjack
kishibetsu.com,games,Gambling-risk term: bet
sanfelipecasino.com,games,Also found in gambling blocklist
truepokerdealer.com,games,Gambling-risk term: poker
mansion.com,games,Also found in gambling blocklist
casinobonusgames.ca,games,Gambling-risk term: casino
casinoonline.de,games,Also found in gambling blocklist
palacecasinohotel.com,games,Gambling-risk term: casino
kiowacasino.com,games,Gambling-risk term: casino
excitingcasinogamesonline.com,games,Gambling-risk term: casino
onlinepokernews.in,games,Gambling-risk term: poker
pokerogue.online,games,Gambling-risk term: poker
xplaybetco.top,games,Gambling-risk term: bet
casinogames-realmoney.com,games,Gambling-risk term: casino
apache-gold-casino.com,games,Gambling-risk term: casino
livecasinogamesjp.com,games,Gambling-risk term: casino
gameboyadvance.s5.com,games,Also found in gambling blocklist
refpa5139455.top,games,Also found in gambling blocklist
play2wincasino.com,games,Gambling-risk term: casino
acelivecasino.com,games,Also found in gambling blocklist
pridefulsloth.com,games,Gambling-risk term: slot
casinogamesinusa.com,games,Gambling-risk term: casino
pokerkingproplayrussia.ru,games,Gambling-risk term: poker
playsafecasino.ca,games,Gambling-risk term: casino
gatewaycasinos.com,games,Also found in gambling blocklist
onlinecasinogamesksm.com,games,Gambling-risk term: casino
emeraldrose.s5.com,games,Also found in gambling blocklist
betjoy.com,games,Gambling-risk term: bet
betus.com.pa,games,Also found in gambling blocklist
muckleshootcasino.com,games,Also found in gambling blocklist
game-casino-xbet.ru,games,"Gambling-risk term: bet, casino"
howtoplaypokerinfo.com,games,Gambling-risk term: poker
coinplay.com,games,Also found in gambling blocklist
regentplay.com,games,Already verified gambling
onlinebingo.eu,games,Gambling-risk term: bingo
interbets.com,games,Gambling-risk term: bet
casinoaffiliateprogram.com,games,Gambling-risk term: casino
pokermanila.com,games,Gambling-risk term: poker
casinonightfundraisers.com,games,Gambling-risk term: casino
blackjackplus.org,games,Gambling-risk term: blackjack
windowslotto.com,games,Gambling-risk term: slot
play-mostbet-kz.ru,games,Gambling-risk term: bet
spiritlakecasino.net,games,Gambling-risk term: casino
playpokeronlinegaming.com,games,Gambling-risk term: poker
sagame-casino.co,games,Gambling-risk term: casino
hotwatercasino.com,games,Also found in gambling blocklist
casino-1win-play.ru,games,Gambling-risk term: casino
thegoodgamblingguide.co.uk,games,Gambling-risk term: gambling
royalrivercasino.com,games,Gambling-risk term: casino
playslot77insv.com,games,Gambling-risk term: slot
mrplay.com,games,Already verified gambling
slots.cd,games,"Gambling-risk term: slot, slots"
bluechipcasino.com,games,Also found in gambling blocklist
betgameduck.com,games,Gambling-risk term: bet
roulettecomputerreviews.com,games,Gambling-risk term: roulette
freeslotsplanet.net,games,"Gambling-risk term: slot, slots"
firstgames.in,games,Also found in gambling blocklist
onlinecasinoslotsplay777.com,games,"Gambling-risk term: casino, casinos, slot, slots"
gameofcasinos.shop,games,Also found in gambling blocklist
ebetusa.com,games,Also found in gambling blocklist
oraclecasino.com,games,Gambling-risk term: casino
silverplaycasino.click,games,Gambling-risk term: casino
freecasinogames-ca.com,games,Gambling-risk term: casino
lakecitycasinos.com,games,"Gambling-risk term: casino, casinos"
casinogamepalace.com,games,Gambling-risk term: casino
playpropokerdomkz.com,games,Gambling-risk term: poker
tribetoy.com,games,Gambling-risk term: bet
globetrotter-games.com,games,Gambling-risk term: bet
casinorankingsystem.com,games,Gambling-risk term: casino
rouletteonnet.com,games,Gambling-risk term: roulette
bikcasinogamesonline.com,games,Also found in gambling blocklist
gameassists.co.uk,games,Also found in gambling blocklist
uniquecasinogame.com,games,Gambling-risk term: casino
1xbet-casino-play.ru,games,Also found in gambling blocklist
onlinecasinogamesusa.com,games,Gambling-risk term: casino
scc-bingo.com,games,Gambling-risk term: bingo
guildbetrayed.wowstead.com,games,Gambling-risk term: bet
game-slot999.com,games,Gambling-risk term: slot
greenplaycasino.top,games,Also found in gambling blocklist
pgslot-game.vip,games,Gambling-risk term: slot
bingoday.com,games,Gambling-risk term: bingo
csgoroll.com,games,Also found in gambling blocklist
1xbetcasinoplay.ru,games,"Gambling-risk term: bet, casino"
flashcasinosgames.com,games,"Gambling-risk term: casino, casinos"
playonlinegamblingrd.com,games,Gambling-risk term: gambling
bettheglobe.eu,games,Gambling-risk term: bet
closestcasino.com,games,Gambling-risk term: casino
playslots4realmoney.com,games,"Gambling-risk term: slot, slots"
gambling-gazette.com,games,Also found in gambling blocklist
slotplay138.com,games,Gambling-risk term: slot
suncasinos.com,games,"Gambling-risk term: casino, casinos"
thepokerbank.com,games,Gambling-risk term: poker
player88bet.space,games,Gambling-risk term: bet
onlinecasinogames777.com,games,Gambling-risk term: casino
adventurecompanygames.com,games,Also found in gambling blocklist
cartercasino.com,games,Gambling-risk term: casino
eohpoker.com,games,Gambling-risk term: poker
galabingo.com,games,Already verified gambling
bethsoft.com,games,Gambling-risk term: bet
spelpunt.nl,games,Also found in gambling blocklist
iwon.com,games,Also found in gambling blocklist
betshoot.com,games,Gambling-risk term: bet
1980-games.com,games,Also found in gambling blocklist
txlottery.org,games,Also found in gambling blocklist
flamingobingo.net,games,Gambling-risk term: bingo
nationalbingo.co.uk,games,Gambling-risk term: bingo
betplay.io,games,Also found in gambling blocklist
owlcat.games,games,Also found in gambling blocklist
bcgame.top,games,Also found in gambling blocklist
betplay569.com,games,Gambling-risk term: bet
broncobillyscasino.com,games,Gambling-risk term: casino
goldslotplay.com,games,Gambling-risk term: slot
123play.bet,games,Gambling-risk term: bet
darklegionz.s5.com,games,Also found in gambling blocklist
play-1xbet-fa.com,games,Gambling-risk term: bet
inbetweengames.com,games,Gambling-risk term: bet
888onlinepokerplaypt.com,games,Gambling-risk term: poker
colormyworld.s5.com,games,Also found in gambling blocklist
cdacasino.com,games,Also found in gambling blocklist
looksrater.io,games,Also found in gambling blocklist
casinodelsol.com,games,Also found in gambling blocklist
dicegamblinggames.com,games,Gambling-risk term: gambling
playingcasinosusa.com,games,"Gambling-risk term: casino, casinos"
mostbet-play.kz,games,Gambling-risk term: bet
vegasred.com,games,Also found in gambling blocklist
casinogamespro.com,games,Gambling-risk term: casino
worldcup-2006-betting.co.uk,games,"Gambling-risk term: bet, betting"
bestcasinoplayers.com,games,Gambling-risk term: casino
playpokerdomrussia.ru,games,Gambling-risk term: poker
bettingtalk.com,games,"Gambling-risk term: bet, betting"
games.co.uk,games,Also found in gambling blocklist
stargames.com,games,Also found in gambling blocklist
sportingindex.com,games,Also found in gambling blocklist
videopokercity.com,games,Gambling-risk term: poker
ptplayonline888poker.com,games,Gambling-risk term: poker
jeuxroulette.com,games,Gambling-risk term: roulette
betgameover.com,games,Gambling-risk term: bet
russiaplaypokerdom.com,games,Gambling-risk term: poker
logic-games.spb.ru,games,Also found in gambling blocklist
michiganlottery.com,games,Also found in gambling blocklist
simplepokerclock.com,games,Gambling-risk term: poker
joa-casino.com,games,Gambling-risk term: casino
sagame350.bet,games,Gambling-risk term: bet
pokerphile.net,games,Gambling-risk term: poker
grandcasinomn.com,games,Also found in gambling blocklist
playblackjack21.org,games,Also found in gambling blocklist
pacificpoker.com,games,Also found in gambling blocklist
highonpoker.com,games,Gambling-risk term: poker
playerspalacecasino.top,games,Also found in gambling blocklist
the-lottery.info,games,Also found in gambling blocklist
gametwist.com,games,Also found in gambling blocklist
resident-slot-play.com,games,Gambling-risk term: slot
poker-soft.com,games,Gambling-risk term: poker
pokergoodbeat.com,games,Gambling-risk term: poker
mostbet-game.kz,games,Gambling-risk term: bet
usacasinos.net,games,"Gambling-risk term: casino, casinos"
pokeratlas.com,games,Gambling-risk term: poker
mostbet-gamestr.com,games,Gambling-risk term: bet
worldwinner.com,games,Also found in gambling blocklist
gamesbras.com,games,Also found in gambling blocklist
game-pgslot.com,games,Gambling-risk term: slot
theasianpokertour.com,games,Gambling-risk term: poker
playrummy.com,games,Also found in gambling blocklist
casinoroyale.free.fr,games,Gambling-risk term: casino
sportbet.com,games,Also found in gambling blocklist
pgslot.games,games,Gambling-risk term: slot
pokerbooksdvd.com,games,Gambling-risk term: poker
lasvegassportsbetting.com,games,Also found in gambling blocklist
ace2three.com,games,Also found in gambling blocklist
slotxogame88.net,games,Gambling-risk term: slot
chumashcasino.com,games,Also found in gambling blocklist
greektowncasino.com,games,Also found in gambling blocklist
worldsportsbetting.co.za,games,Also found in gambling blocklist
betgrail.com,games,Gambling-risk term: bet
wagerweb.ag,games,Gambling-risk term: wager
laslots.com,games,"Gambling-risk term: slot, slots"
thenobhillcasino.com,games,Gambling-risk term: casino
decentral.games,games,Also found in gambling blocklist
paf.com,games,Also found in gambling blocklist
yourfuncasino.ro,games,Gambling-risk term: casino
mysportsbook.com,games,Gambling-risk term: sportsbook
luckyslotgames.net,games,Gambling-risk term: slot
delmarvacharitypoker.com,games,Gambling-risk term: poker
planetbingo.ca,games,Gambling-risk term: bingo
bpsgameserver.com,games,Also found in gambling blocklist
zyngapoker.com,games,Also found in gambling blocklist
slothill.com,games,Gambling-risk term: slot
palacasino.com,games,Also found in gambling blocklist
blackbearcasinohotel.com,games,Gambling-risk term: casino
amazingbackjackcasinogamez.com,games,Gambling-risk term: casino
pokerprolabs.com,games,Gambling-risk term: poker
casinonb.ca,games,Also found in gambling blocklist
greatblueheroncasino.com,games,Gambling-risk term: casino
bingobuddies.com,games,Gambling-risk term: bingo
sportsgambling.about.com,games,Gambling-risk term: gambling
megaslot.games,games,Gambling-risk term: slot
37games.com,games,Also found in gambling blocklist
summitcasino.com,games,Gambling-risk term: casino
bettingedge.com,games,"Gambling-risk term: bet, betting"
usasportsbettinglines.com,games,"Gambling-risk term: bet, betting"
mypokerplus.com,games,Gambling-risk term: poker
jeu-bingo.tf1.fr,games,Gambling-risk term: bingo
maingameslot.com,games,Gambling-risk term: slot
play-casino-vavada.online,games,Also found in gambling blocklist
poker.webware.ee,games,Gambling-risk term: poker
bc.game,games,Already verified gambling
betomorrow.com,games,Gambling-risk term: bet
hypersloth.co.uk,games,Gambling-risk term: slot
gambling-baccarat.com,games,Gambling-risk term: gambling
theblackjacksimulator.com,games,Gambling-risk term: blackjack
1xbet-games-kz.ru,games,Gambling-risk term: bet
game-superslot.com,games,Gambling-risk term: slot
joker123slotgame.com,games,Gambling-risk term: slot
xplaybet.top,games,Gambling-risk term: bet
galacasino.com,games,Also found in gambling blocklist
oddschecker.com,games,Also found in gambling blocklist
gameusaonlinepoker.com,games,Gambling-risk term: poker
pocket7games.com,games,Also found in gambling blocklist
vintage-casino.co.uk,games,Also found in gambling blocklist
plwinslotgames.online,games,Gambling-risk term: slot
alphabetagamer.com,games,Gambling-risk term: bet
squaregamer.com,games,Also found in gambling blocklist
paynplay-casino-us.top,games,Also found in gambling blocklist
blackjackdoc.com,games,Gambling-risk term: blackjack
videopoker247.com,games,Gambling-risk term: poker
casinobplaysantafe.top,games,Gambling-risk term: casino
kingscasino.com,games,Gambling-risk term: casino
foxwoods.com,games,Also found in gambling blocklist
mgmresorts.com,games,Also found in gambling blocklist
bingozone.com,games,Gambling-risk term: bingo
camelrockcasino.com,games,Gambling-risk term: casino
winrivercasino.com,games,Gambling-risk term: casino
betonbasket.com,games,Gambling-risk term: bet
idslotgames.com,games,Gambling-risk term: slot
pokertao.com,games,Gambling-risk term: poker
best-poker-rakeback.net,games,Gambling-risk term: poker
gimigames.com,games,Also found in gambling blocklist
featherfallscasino.com,games,Also found in gambling blocklist
valleyviewcasino.com,games,Also found in gambling blocklist
absolutist.com,games,Also found in gambling blocklist
superluckycasino.com,games,Gambling-risk term: casino
pokerforums.org,games,Gambling-risk term: poker
blackjackincolor.com,games,Gambling-risk term: blackjack
innersloth.com,games,Gambling-risk term: slot
ialottery.com,games,Also found in gambling blocklist
kentcasino.games,games,Gambling-risk term: casino
amazingroulettecheapgamez.com,games,Gambling-risk term: roulette
canadapoker.com,games,Gambling-risk term: poker
betnod.com,games,Gambling-risk term: bet
bingoday.ws,games,Gambling-risk term: bingo
thatsmybet.net,games,Gambling-risk term: bet
canyoncasino.com,games,Gambling-risk term: casino
ruplayggokpoker.ru,games,Gambling-risk term: poker
californiabingo.com,games,Gambling-risk term: bingo
247freepoker.com,games,Also found in gambling blocklist
top-casino-games-online.com,games,Gambling-risk term: casino
onlinepokerrealmoney.net,games,Gambling-risk term: poker
play-slots-online-casino.com,games,"Gambling-risk term: casino, slot, slots"
casinogameslotbet.net,games,"Gambling-risk term: bet, casino, slot"
roulette-analysis.org,games,Gambling-risk term: roulette
pokerknave.com,games,Gambling-risk term: poker
goldenjeux.net,games,Also found in gambling blocklist
proplayggpokerag.com,games,Gambling-risk term: poker
abeta.co.uk,games,Gambling-risk term: bet
instantactionsports.com,games,Also found in gambling blocklist
pokerlistings.com,games,Also found in gambling blocklist
betplay.com.co,games,Also found in gambling blocklist
online.gambling.org,games,Gambling-risk term: gambling
play-mostbet-now.ru,games,Gambling-risk term: bet
slotgametop.com,games,Gambling-risk term: slot
elbingo.com,games,Also found in gambling blocklist
multilineslotsonline.com,games,"Gambling-risk term: slot, slots"
crypto.games,games,Also found in gambling blocklist
play-1xbet-india.com,games,Gambling-risk term: bet
operahousecasino.co.uk,games,Gambling-risk term: casino
ggpokerokonlineplay.ru,games,Also found in gambling blocklist
mypokercoach.co.uk,games,Gambling-risk term: poker
isleofcapricasinos.com,games,Also found in gambling blocklist
gamesysgroup.com,games,Also found in gambling blocklist
da-vinci-roulette.com,games,Gambling-risk term: roulette
howzat.com,games,Also found in gambling blocklist
ambbet.game,games,Gambling-risk term: bet
slotgamemalaysia.com,games,Gambling-risk term: slot
betpggamesoftgold.com,games,Gambling-risk term: bet
boydgaming.com,games,Also found in gambling blocklist
fairwaycasino.com,games,Also found in gambling blocklist
casinomoosejaw.com,games,Gambling-risk term: casino
horseracingbets.co.uk,games,Gambling-risk term: bet
slotmachinemakers.com,games,Gambling-risk term: slot
virgingames.com,games,Also found in gambling blocklist
play-free-blackjack-games.com,games,Gambling-risk term: blackjack
casinoaffiliateprograms.com,games,Also found in gambling blocklist
slothmud.org,games,Gambling-risk term: slot
aquariuscasinoresort.com,games,Also found in gambling blocklist
sportswageringodds.com,games,Gambling-risk term: wager
pokerogue.org,games,Gambling-risk term: poker
pokerogue.cc,games,Gambling-risk term: poker
pokerdeal.org,games,Gambling-risk term: poker
gamingamerica.com,games,Also found in gambling blocklist
slotsxgames.com,games,"Gambling-risk term: slot, slots"
blackjackbomb.com,games,Gambling-risk term: blackjack
comicplay-casino.com,games,Also found in gambling blocklist
casinopartysacramento.com,games,Gambling-risk term: casino
familybingocenter.com,games,Gambling-risk term: bingo
mrplaycasino.top,games,Gambling-risk term: casino
24hbet.com,games,Gambling-risk term: bet
playcasinoscanada.com,games,Also found in gambling blocklist
pgslotvip.game,games,Gambling-risk term: slot
thegardenscasino.com,games,Gambling-risk term: casino
888.com,games,Already verified gambling
excellent-onlinecasinos.com,games,"Gambling-risk term: casino, casinos"
playredstarpokerbrasilia.com,games,Gambling-risk term: poker
slotgame168.net,games,Gambling-risk term: slot
augustinecasino.com,games,Also found in gambling blocklist
theseminolecasinos.com,games,"Gambling-risk term: casino, casinos"
learnproblackjack.com,games,Gambling-risk term: blackjack
pokerplayernewspaper.com,games,Gambling-risk term: poker
playpokerogue.com,games,Gambling-risk term: poker
wagerjunction.com,games,Gambling-risk term: wager
kslottery.com,games,Gambling-risk term: slot
gamblingplay247.com,games,Gambling-risk term: gambling
playcasino.co.za,games,Gambling-risk term: casino
playcasinosw.com,games,"Gambling-risk term: casino, casinos"
onlinebetaalplatform.nl,games,Gambling-risk term: bet
12betcasino.com,games,"Gambling-risk term: bet, casino"
walottery.com,games,Also found in gambling blocklist
ufaslotgame.com,games,Gambling-risk term: slot
choctawcasinos.com,games,Also found in gambling blocklist
casinoarizona.com,games,Also found in gambling blocklist
thephonecasino.com,games,Also found in gambling blocklist
playzillacasino.top,games,Gambling-risk term: casino
pokerini.com,games,Gambling-risk term: poker
gamblingdbs.com,games,Gambling-risk term: gambling
livecasinogames.com,games,Gambling-risk term: casino
melbournecupbetting.net,games,"Gambling-risk term: bet, betting"
casinorodos.gr,games,Gambling-risk term: casino
pokerplayersalliance.org,games,Gambling-risk term: poker
gameduell.de,games,Also found in gambling blocklist
betphoenix.ag,games,Also found in gambling blocklist
unrealclancjb.5u.com,games,Also found in gambling blocklist
pitrivercasino.com,games,Gambling-risk term: casino
pokertexasomaha.com,games,Gambling-risk term: poker
blackjackcenter.info,games,Gambling-risk term: blackjack
blackjackage.com,games,Gambling-risk term: blackjack
wam-poker.com,games,Also found in gambling blocklist
casinonovascotia.com,games,Gambling-risk term: casino
platinumplaycasino.com,games,Also found in gambling blocklist
xgamescasinox.com,games,Gambling-risk term: casino
casinoslotgames.ca,games,"Gambling-risk term: casino, casinos, slot"
rouletteedu.com,games,Gambling-risk term: roulette
playcasino-tr.com,games,Gambling-risk term: casino
wagertracker.com,games,Gambling-risk term: wager
play-starburst-slot.co.uk,games,Gambling-risk term: slot
play-1xbet-ar.com,games,Gambling-risk term: bet
playcharitypoker.net,games,Gambling-risk term: poker
casinogamesearch.net,games,Gambling-risk term: casino
casinos-sfc.com,games,"Gambling-risk term: casino, casinos"
simcasinogames.com,games,Gambling-risk term: casino
wildgoosecasino.com,games,Gambling-risk term: casino
everygame.eu,games,Also found in gambling blocklist
pokernewsdaily.com,games,Gambling-risk term: poker
pokermarines.com,games,Gambling-risk term: poker
probet.info,games,Gambling-risk term: bet
888gamescasino.com,games,Also found in gambling blocklist
sportsbook.com,games,Also found in gambling blocklist
casinohelsinki.fi,games,Gambling-risk term: casino
pokeraffiliatelistings.com,games,Gambling-risk term: poker
queenplaycasino.top,games,Also found in gambling blocklist
ibabingo.com,games,Gambling-risk term: bingo
playandwinslot.com,games,Gambling-risk term: slot
goldenwestcasino.net,games,Gambling-risk term: casino
casinovendors.com,games,Also found in gambling blocklist
depotcasino.com,games,Gambling-risk term: casino
casinogameden.com,games,Gambling-risk term: casino
pokerchips.com,games,Gambling-risk term: poker
play-1xbet-bangladesh.com,games,Gambling-risk term: bet
pokerscore.co.uk,games,Gambling-risk term: poker
bettingchat.com,games,"Gambling-risk term: bet, betting"
gamblerspalace.com,games,Also found in gambling blocklist
slotcity.co.uk,"games, shopping",Gambling-risk term: slot
wizardofodds.com,games,Also found in gambling blocklist
bellfruitcasino.com,games,Gambling-risk term: casino
vegas-sportsbetting.com,games,"Gambling-risk term: bet, betting"
blackjack-king.com,games,Gambling-risk term: blackjack
free-poker-games.com,games,Gambling-risk term: poker
ilovecasinogames.com,games,Gambling-risk term: casino
xbet-casino-play.ru,games,"Gambling-risk term: bet, casino"
vulkanbet-play.pl,games,Gambling-risk term: bet
partypoker.net,games,Gambling-risk term: poker
casinogamezstrategy.com,games,Also found in gambling blocklist
residentslotplay.com,games,Gambling-risk term: slot
bodog.eu,games,Also found in gambling blocklist
thisweekingambling.com,games,Gambling-risk term: gambling
lode88.ai,games,Also found in gambling blocklist
wplaycasino.click,games,Also found in gambling blocklist
bingo.com,games,Also found in gambling blocklist
gpwa.org,games,Also found in gambling blocklist
playingpokerusa.com,games,Gambling-risk term: poker
whiteoakcasino.com,games,Gambling-risk term: casino
playandearncasino.shop,games,"Gambling-risk term: casino, casinos"
spi-poker.sourceforge.net,games,Gambling-risk term: poker
world-cup-betting-2006.com,games,"Gambling-risk term: bet, betting"
play-1xbet-fr.com,games,Gambling-risk term: bet
playlink.me,games,Also found in gambling blocklist
olg.ca,games,Also found in gambling blocklist
wagerstreet.com,games,Gambling-risk term: wager
yesplay.bet,games,Also found in gambling blocklist
betfilter.com,games,Gambling-risk term: bet
casino-play-xbet.ru,games,"Gambling-risk term: bet, casino"
goodgamecasinoe.store,games,Gambling-risk term: casino
pokerthatsucks.com,games,Gambling-risk term: poker
slotplayground.com,games,Gambling-risk term: slot
northernlightscasino.com,games,Gambling-risk term: casino
vegasonlinesportsbetting.com,games,"Gambling-risk term: bet, betting"
casino-manager.com,games,Gambling-risk term: casino
playngonetwork.com,games,Also found in gambling blocklist
neogames.com,games,Also found in gambling blocklist
baccaratcasinogame.casino,games,Gambling-risk term: casino
pokervgames888.com,games,Gambling-risk term: poker
olympic-casino.com,games,Gambling-risk term: casino
poker-base.com,games,Gambling-risk term: poker
77slotgame.com,games,Gambling-risk term: slot
wilottery.com,games,Also found in gambling blocklist
pogo.com,games,Also found in gambling blocklist
playcroco.com,games,Also found in gambling blocklist
freevideopoker4u.com,games,Gambling-risk term: poker
castlezcube.tripod.com,games,Gambling-risk term: bet
thelodgecasino.com,games,Gambling-risk term: casino
betqs.com,games,Gambling-risk term: bet
paynplaycasinos.ca,games,"Gambling-risk term: casino, casinos"
pokercharts.com,games,Gambling-risk term: poker
ruproplaypokerdom.ru,games,Gambling-risk term: poker
bobsbingo.com,games,Gambling-risk term: bingo
moonfroglabs.com,games,Also found in gambling blocklist
adda52.com,games,Also found in gambling blocklist
propokerschool.com,games,Gambling-risk term: poker
napoleongames.be,games,Also found in gambling blocklist
playpoker2023.com,games,Gambling-risk term: poker
aviator-slotgame.com,games,Gambling-risk term: slot
blackjackwithclass.com,games,Gambling-risk term: blackjack
ladbrokes.com,games,Already verified gambling
playsafecasinos.shop,games,"Gambling-risk term: casino, casinos"
calottery.com,games,Also found in gambling blocklist
vegas2web.com,games,Also found in gambling blocklist
gamebet123.com,games,Gambling-risk term: bet
commercecasino.com,games,Also found in gambling blocklist
playnow.com,games,Also found in gambling blocklist
sportingbet.com,games,Already verified gambling
bettorschat.com,games,Gambling-risk term: bet
mastersroulette.com,games,Gambling-risk term: roulette
fantasycasino.net,games,Gambling-risk term: casino
play888pokerinbrasilia.com,games,Gambling-risk term: poker
greentube.com,games,Also found in gambling blocklist
pgslotgame.com,games,Gambling-risk term: slot
zona-casinos.es,games,"Gambling-risk term: casino, casinos"
powerplay.com,games,Also found in gambling blocklist
betx12.net,games,Gambling-risk term: bet
slotgameofcasino.com,games,"Gambling-risk term: casino, slot"
mostbets-play.in,games,Gambling-risk term: bet
mrsmithcasino.co.uk,games,Gambling-risk term: casino
gamblinglawupdate.com,games,Gambling-risk term: gambling
pg-slot.game,games,Gambling-risk term: slot
pokerscout.com,games,Also found in gambling blocklist
bingolocator.com,games,Gambling-risk term: bingo
isoftbet.ro,games,Gambling-risk term: bet
casinowingames.com,games,Gambling-risk term: casino
pokergratuit.fr,games,Also found in gambling blocklist
winzogames.com,games,Also found in gambling blocklist
subeta.net,games,Gambling-risk term: bet
thepokercapitalist.com,games,Gambling-risk term: poker
blackjackapprenticeship.com,games,Gambling-risk term: blackjack
casinosofmayfair.com,games,"Gambling-risk term: casino, casinos"
oregonlottery.org,games,Also found in gambling blocklist
suntzupoker.com,games,Gambling-risk term: poker
cache.download.turbopoker.fr,games,Gambling-risk term: poker
jethroscasino.com,games,Gambling-risk term: casino
betinf.com,games,Gambling-risk term: bet
jacksoncasino.com,games,Also found in gambling blocklist
williamhill.com,games,Also found in gambling blocklist
wisewagering.com,games,Gambling-risk term: wager
playuzucasino.top,games,Gambling-risk term: casino
onlinecasinogames.vip,games,Gambling-risk term: casino
giftregistrybingo.com,games,Gambling-risk term: bingo
lcocasino.com,games,Gambling-risk term: casino
yapokerplayargentina.com,games,Gambling-risk term: poker
betcalc.com,games,Gambling-risk term: bet
slotgameden.com,games,Gambling-risk term: slot
eurobet.com,games,Also found in gambling blocklist
amusedsloth.com,games,Gambling-risk term: slot
01-casino.com,games,Also found in gambling blocklist
playngo.com,games,Also found in gambling blocklist
surferspoker.com,games,Gambling-risk term: poker
bestcasinoplay.com,games,Also found in gambling blocklist
betabelter.com,games,Gambling-risk term: bet
palacecasinoresort.com,games,Also found in gambling blocklist
vrgamescasino.com,games,Gambling-risk term: casino
sambafoot.com,sports,Also found in gambling blocklist
d3football.com,sports,Also found in gambling blocklist
blackbetsy.com,sports,Gambling-risk term: bet
planetrams.5u.com,sports,Also found in gambling blocklist
betrail.run,sports,Gambling-risk term: bet
elizabethtontwins.com,sports,Gambling-risk term: bet
d3hoops.com,sports,Also found in gambling blocklist
harlemglobetrotters.com,sports,Gambling-risk term: bet
gamblershockey.com,sports,Also found in gambling blocklist
cubscast.com,sports,Also found in gambling blocklist
ruedesjoueurs.com,sports,Also found in gambling blocklist
bein.com,sports,Also found in gambling blocklist
football365.fr,sports,Also found in gambling blocklist
bsport.io,sports,Also found in gambling blocklist
butterflyalphabet.com,shopping,Gambling-risk term: bet
beverlysofmidway.net,shopping,Also found in gambling blocklist
betweenthecovers.com,shopping,Gambling-risk term: bet
betsyvintage.com,shopping,Gambling-risk term: bet
betterbutterflycreations.com,shopping,Gambling-risk term: bet
cribet.com,shopping,Gambling-risk term: bet
beabetterhitter.com,shopping,Gambling-risk term: bet
alphabetbracelets.com,shopping,Gambling-risk term: bet
bettybassflowersngifts.com,shopping,Gambling-risk term: bet
betterwayhealth.com,shopping,Gambling-risk term: bet
marthaelizabeth.com,shopping,Gambling-risk term: bet
smallerandbetterthings.com,shopping,Gambling-risk term: bet
geantcasino.fr,shopping,Also found in gambling blocklist
flowerbyelaine.com,shopping,Also found in gambling blocklist
courbette.com,shopping,Gambling-risk term: bet
betterthroughdaisy.com,shopping,Gambling-risk term: bet
stlouisslot.com,shopping,Gambling-risk term: slot
betaller.com,shopping,Gambling-risk term: bet
between.co.uk,shopping,Gambling-risk term: bet
pokerrunfashions.net,shopping,Gambling-risk term: poker
buddyslot.com,shopping,Gambling-risk term: slot
betterlite.com,shopping,Gambling-risk term: bet
jackpottery.tripod.com,shopping,Gambling-risk term: jackpot
elizabethlucasdesigns.com,shopping,Gambling-risk term: bet
bettyschristmashouse.com,shopping,Gambling-risk term: bet
betterbuyshop.com,shopping,Gambling-risk term: bet
bridebingo.com,shopping,Gambling-risk term: bingo
bettestomorrowstreasures.com,shopping,Gambling-risk term: bet
betterlifestyleproducts.com,shopping,Gambling-risk term: bet
elizabetharden.com,shopping,Gambling-risk term: bet
betterlife.com,shopping,Gambling-risk term: bet
betterhalf.com,shopping,Gambling-risk term: bet
elizabethlee.com,shopping,Gambling-risk term: bet
bettdirekt.com,shopping,Gambling-risk term: bet
betty-boop-goodiesgalore.com,shopping,Gambling-risk term: bet
betty-blue.com,shopping,Gambling-risk term: bet
interbett.de,shopping,Gambling-risk term: bet
bettcompany.de,shopping,Gambling-risk term: bet
bluebettausa.com,shopping,Gambling-risk term: bet
pokershopping.se,shopping,Gambling-risk term: poker
bathbybettijo.com,shopping,Gambling-risk term: bet
modelskibet.dk,shopping,Gambling-risk term: bet
davisbigandtall.com,shopping,Also found in gambling blocklist
abetaya.com,shopping,Gambling-risk term: bet
bethstreasures.com,shopping,Gambling-risk term: bet
schwager-steinlein-verlag.de,shopping,Gambling-risk term: wager
thebetterhealthstore.com,shopping,Gambling-risk term: bet
swim-n-fit.com,shopping,Also found in gambling blocklist
hotslots132.com,shopping,"Gambling-risk term: slot, slots"
pokershopping.dk,shopping,Gambling-risk term: poker
betterlivingwithhypnosis.com,shopping,Gambling-risk term: bet
casinosupply.com,shopping,Also found in gambling blocklist
juliesbitsandpieces.9f.com,shopping,Also found in gambling blocklist
elizabethw.com,shopping,Gambling-risk term: bet
newagereseller.com,shopping,Gambling-risk term: wager
pokerbargains.com,shopping,Gambling-risk term: poker
betsys.dk,shopping,Gambling-risk term: bet
casino-shop.co.uk,shopping,"Gambling-risk term: casino, casinos"
slotmachinesusa.com,shopping,Gambling-risk term: slot
bethanyflorist.com,shopping,Gambling-risk term: bet
golfbetterproductions.com,shopping,Gambling-risk term: bet
bettwaren-shop.de,shopping,Gambling-risk term: bet
slotcar-planet.de,shopping,Gambling-risk term: slot
atelier-isabelle.com,shopping,Also found in gambling blocklist
hochbettnetz.de,shopping,Gambling-risk term: bet
betterlamps.com,shopping,Gambling-risk term: bet
betterbaseball.com,shopping,Gambling-risk term: bet
bingoshop.com,shopping,Gambling-risk term: bingo
diabetic-footcare.com,shopping,Gambling-risk term: bet
betzmaps.com,shopping,Gambling-risk term: bet
betsyann.com,shopping,Gambling-risk term: bet
nisbets.co.uk,shopping,Gambling-risk term: bet
betterbettas.com,shopping,Gambling-risk term: bet
deandeluca.com,shopping,Also found in gambling blocklist
bethsbookshelf.com,shopping,Gambling-risk term: bet
betseyjohnson.com,shopping,Gambling-risk term: bet
theslotshop.com,shopping,"Gambling-risk term: slot, slots"
bettysshop.com,shopping,Gambling-risk term: bet
abetterbib.com,shopping,Gambling-risk term: bet
bingosboutique.com,shopping,Gambling-risk term: bingo
globetrotter.de,shopping,Gambling-risk term: bet
bethlehembooks.com,shopping,Gambling-risk term: bet
bettercables.com,shopping,Gambling-risk term: bet
katherine-elizabeth.com,shopping,Gambling-risk term: bet
bingocart.com,shopping,Gambling-risk term: bingo
theremustbeabetterway.co.uk,shopping,Gambling-risk term: bet
nordicslotcar.se,shopping,Gambling-risk term: slot
moex.9f.com,shopping,Also found in gambling blocklist
freshbet.com,shopping,Also found in gambling blocklist
bettundso.de,shopping,Gambling-risk term: bet
slot-and-cars.de,shopping,Gambling-risk term: slot
elizabeths-flowers.com,shopping,Gambling-risk term: bet
mescoursescasino.fr,shopping,Gambling-risk term: casino
betec-ideen.de,shopping,Gambling-risk term: bet
mr-bingo.com,shopping,Gambling-risk term: bingo
alphabetart.co.uk,shopping,Gambling-risk term: bet
siamsbestbettas.com,shopping,Gambling-risk term: bet
preiswertewasserbetten.de,shopping,Gambling-risk term: bet
magacbingo.com,shopping,Gambling-risk term: bingo
esprit-tibetain.com,shopping,Gambling-risk term: bet
diabeticandcomfortsocks.com,shopping,Gambling-risk term: bet
betterbasketball.com,shopping,Gambling-risk term: bet
mbetteley.com,shopping,Gambling-risk term: bet
kingofbingo.com,shopping,Gambling-risk term: bingo
bingofoto.dk,shopping,Gambling-risk term: bingo
tubetomp4.com,audio-video,Gambling-risk term: bet
bet.iba.org.il,audio-video,Gambling-risk term: bet
slothradio.com,audio-video,Gambling-risk term: slot
youtubetomp3.biz,audio-video,Gambling-risk term: bet
iyoutubetomp4.com,audio-video,Gambling-risk term: bet
youtubetomusic.org,audio-video,Gambling-risk term: bet
hot100.s5.com,audio-video,Also found in gambling blocklist
cinejackpot.mobi,audio-video,Gambling-risk term: jackpot
fullvideopoker.com,audio-video,Gambling-risk term: poker
