domain,label,verified_label,verification_status,verification_source,confirmation_strength,blocklist_match,matched_sources,source_count,manual_verified_label,manual_review_status,manual_notes,has_gambling_keyword,url_length,digit_count,special_char_count,dot_count,has_hyphen,is_ip,entropy,suspicious_tld,domain_age_days,has_domain_info,ssl_valid,dns_resolves,tranco_rank,tranco_match,tranco_match_type,benign_candidate_status,benign_candidate_reason,review_priority
fbm8sm.com,1,,needs_review,,,,,0,,,,0,10,1,1,1,0,0,2.8464393446710154,0,0.0,0,0,0,,,,needs_manual_review,No gambling-list match and no Tranco match,5
sulobet.ph,0,1.0,confirmed_gambling,Block List Project,single_source,sulobet.ph,Block List Project,1,,,,1,10,0,1,1,0,0,3.321928094887362,0,0.0,0,1,1,,,,confirmed_gambling,Already confirmed by gambling blocklist/manual research,99
casino.jackpocket.com,1,1.0,confirmed_gambling,"Block List Project, Manual research",multi_source,casino.jackpocket.com,"Block List Project, Manual research",2,,,,1,21,0,2,2,0,0,3.499227541723357,0,5052.0,1,1,1,105433.0,jackpocket.com,parent_domain,confirmed_gambling,Already confirmed by gambling blocklist/manual research,99
slot-secure-365.online,1,,priority_review,,,,,0,,,,1,22,3,3,1,1,0,3.788754913993503,1,0.0,0,0,0,,,,priority_gambling_review,Contains gambling-related keyword,3
xoplay.ph,0,1.0,confirmed_gambling,Block List Project,single_source,xoplay.ph,Block List Project,1,,,,0,9,0,1,1,0,0,2.94770277922009,0,0.0,0,1,1,,,,confirmed_gambling,Already confirmed by gambling blocklist/manual research,99
arenapluspro.com,0,,needs_review,,,,,0,,,,0,16,0,1,1,0,0,3.5,0,367.0,1,1,1,,,,needs_manual_review,No gambling-list match and no Tranco match,5
bet88.com,1,1.0,confirmed_gambling,Manual research,single_source,bet88.com,Manual research,1,,,,1,9,2,1,1,0,0,2.94770277922009,0,9856.0,1,0,0,,,,confirmed_gambling,Already confirmed by gambling blocklist/manual research,99
efc88.com,1,,needs_review,,,,,0,,,,0,9,2,1,1,0,0,2.725480556997868,0,1157.0,1,0,1,,,,needs_manual_review,No gambling-list match and no Tranco match,5
greendrg8.com,1,,needs_review,,,,,0,,,,0,13,1,1,1,0,0,3.238901256602631,0,0.0,0,0,0,,,,needs_manual_review,No gambling-list match and no Tranco match,5
casino-reward-888.top,1,,priority_review,,,,,0,,,,1,21,3,3,1,1,0,3.7849418274376414,1,0.0,0,0,0,,,,priority_gambling_review,Contains gambling-related keyword,3
cashsweep1.com,1,,needs_review,,,,,0,,,,0,14,1,1,1,0,0,3.378783493486176,0,1057.0,1,0,1,,,,needs_manual_review,No gambling-list match and no Tranco match,5
epicwinvip.club,1,1.0,confirmed_gambling,Block List Project,single_source,epicwinvip.club,Block List Project,1,,,,1,15,0,1,1,0,0,3.323231428797621,1,2109.0,1,1,1,,,,confirmed_gambling,Already confirmed by gambling blocklist/manual research,99
slotmojo.com,1,1.0,confirmed_gambling,"Block List Project, Manual research",multi_source,slotmojo.com,"Block List Project, Manual research",2,,,,1,12,0,1,1,0,0,2.7516291673878226,0,733.0,1,1,1,,,,confirmed_gambling,Already confirmed by gambling blocklist/manual research,99
hthbet619.com,1,,priority_review,,,,,0,,,,1,13,3,1,1,0,0,3.3927474104487847,0,1940.0,1,0,1,,,,priority_gambling_review,Contains gambling-related keyword,3
sailorbingo.com,1,1.0,confirmed_gambling,Manual research,single_source,sailorbingo.com,Manual research,1,,,,0,15,0,1,1,0,0,3.456564762130954,0,3693.0,1,1,1,,,,confirmed_gambling,Already confirmed by gambling blocklist/manual research,99
ob9myr.com,1,,needs_review,,,,,0,,,,0,10,1,1,1,0,0,2.9219280948873623,0,0.0,0,0,0,,,,needs_manual_review,No gambling-list match and no Tranco match,5
spellandet.net,1,,needs_review,,,,,0,,,,0,14,0,1,1,0,0,3.0391486719030705,0,2935.0,1,1,1,,,,needs_manual_review,No gambling-list match and no Tranco match,5
biowin69go.com,1,,priority_review,,,,,0,,,,1,14,2,1,1,0,0,3.3248629576173565,0,0.0,0,0,1,,,,priority_gambling_review,Contains gambling-related keyword,3
juanmate.ph,0,,needs_review,,,,,0,,,,0,11,0,1,1,0,0,3.277613436819116,0,0.0,0,1,1,,,,needs_manual_review,No gambling-list match and no Tranco match,5
juan365.online,0,,needs_review,,,,,0,,,,0,14,3,1,1,0,0,3.4677201004745,1,404.0,1,1,1,,,,needs_manual_review,No gambling-list match and no Tranco match,5
gamefun.ph,0,1.0,confirmed_gambling,Block List Project,single_source,gamefun.ph,Block List Project,1,,,,0,10,0,1,1,0,0,3.321928094887362,0,0.0,0,1,1,,,,confirmed_gambling,Already confirmed by gambling blocklist/manual research,99
luckywin.ph,0,,priority_review,,,,,0,,,,1,11,0,1,1,0,0,3.4594316186372973,0,0.0,0,1,1,,,,priority_gambling_review,Contains gambling-related keyword,3
bahisnow.com,1,1.0,confirmed_gambling,Block List Project,single_source,bahisnow.com,Block List Project,1,,,,0,12,0,1,1,0,0,3.4182958340544896,0,3511.0,1,0,1,,,,confirmed_gambling,Already confirmed by gambling blocklist/manual research,99
playfortunegrand.com,1,,needs_review,,,,,0,,,,0,20,0,1,1,0,0,3.9219280948873614,0,182.0,1,1,1,,,,needs_manual_review,No gambling-list match and no Tranco match,5
24pokies3.com,1,1.0,confirmed_gambling,Block List Project,single_source,24pokies3.com,Block List Project,1,,,,0,13,3,1,1,0,0,3.546593564294939,0,554.0,1,1,1,,,,confirmed_gambling,Already confirmed by gambling blocklist/manual research,99
premium.com,0,,needs_review,,,,,0,,,,0,11,0,1,1,0,0,3.0271691184406184,0,11315.0,1,1,1,,,,needs_manual_review,No gambling-list match and no Tranco match,5
regalwins.com,0,1.0,confirmed_gambling,"Block List Project, UT1 Gambling",multi_source,regalwins.com,"Block List Project, UT1 Gambling",2,,,,1,13,0,1,1,0,0,3.7004397181410926,0,3357.0,1,1,1,876583.0,regalwins.com,exact,confirmed_gambling,Already confirmed by gambling blocklist/manual research,99
bet333.in,1,,priority_review,,,,,0,,,,1,9,3,1,1,0,0,2.6416041678685938,0,0.0,0,1,1,,,,priority_gambling_review,Contains gambling-related keyword,3
inplay.ph,0,1.0,confirmed_gambling,Block List Project,single_source,inplay.ph,Block List Project,1,,,,0,9,0,1,1,0,0,2.94770277922009,0,0.0,0,1,1,856290.0,inplay.ph,exact,confirmed_gambling,Already confirmed by gambling blocklist/manual research,99
ww88zz.vip,1,,needs_review,,,,,0,,,,0,10,2,1,1,0,0,2.721928094887362,0,0.0,0,0,0,,,,needs_manual_review,No gambling-list match and no Tranco match,5
zolotojarbuz.com,1,,needs_review,,,,,0,,,,0,16,0,1,1,0,0,3.375,0,0.0,0,0,0,,,,needs_manual_review,No gambling-list match and no Tranco match,5
luckybunny.ph,0,,needs_review,,,,,0,,,,0,13,0,1,1,0,0,3.238901256602631,0,0.0,0,1,1,,,,needs_manual_review,No gambling-list match and no Tranco match,5
ww88.com,1,1.0,confirmed_gambling,Block List Project,single_source,ww88.com,Block List Project,1,,,,0,8,2,1,1,0,0,2.5,0,7874.0,1,0,0,,,,confirmed_gambling,Already confirmed by gambling blocklist/manual research,99
sportybetadder8jx6.weebly.com,1,,priority_review,,,,,0,,,,1,29,2,2,2,0,0,4.099360305472399,0,7319.0,1,0,0,344.0,weebly.com,parent_domain,priority_gambling_review,Contains gambling-related keyword,3
kawskaws11.com,1,,needs_review,,,,,0,,,,0,14,2,1,1,0,0,3.0930692077718898,0,0.0,0,0,1,,,,needs_manual_review,No gambling-list match and no Tranco match,5
burgerking2u.com,1,,needs_review,,,,,0,,,,0,16,1,1,1,0,0,3.625,0,0.0,0,0,1,,,,needs_manual_review,No gambling-list match and no Tranco match,5
nagacash9x.com,1,,needs_review,,,,,0,,,,0,14,1,1,1,0,0,3.3248629576173565,0,441.0,1,1,1,,,,needs_manual_review,No gambling-list match and no Tranco match,5
alivate.io,0,,needs_review,,,,,0,,,,0,10,0,1,1,0,0,2.9219280948873623,0,502.0,1,1,1,,,,needs_manual_review,No gambling-list match and no Tranco match,5
bybet.io,0,,priority_review,,,,,0,,,,1,8,0,1,1,0,0,2.75,0,1301.0,1,1,1,,,,priority_gambling_review,Contains gambling-related keyword,3
ww88ww.vip,1,,needs_review,,,,,0,,,,0,10,2,1,1,0,0,2.321928094887362,0,0.0,0,0,0,,,,needs_manual_review,No gambling-list match and no Tranco match,5
rainbowspins.com,0,1.0,confirmed_gambling,Block List Project,single_source,rainbowspins.com,Block List Project,1,,,,0,16,0,1,1,0,0,3.5,0,2123.0,1,1,1,584356.0,rainbowspins.com,exact,confirmed_gambling,Already confirmed by gambling blocklist/manual research,99
mu9.com,1,1.0,confirmed_gambling,Block List Project,single_source,mu9.com,Block List Project,1,,,,0,7,1,1,1,0,0,2.521640636343318,0,8330.0,1,1,1,,,,confirmed_gambling,Already confirmed by gambling blocklist/manual research,99
lucky-play.net,1,,needs_review,,,,,0,,,,0,14,0,2,1,1,0,3.521640636343318,0,743.0,1,0,0,,,,needs_manual_review,No gambling-list match and no Tranco match,5
jackpotjoy.com,0,1.0,confirmed_gambling,Block List Project,single_source,jackpotjoy.com,Block List Project,1,,,,1,14,0,1,1,0,0,3.1820058147602133,0,9017.0,1,0,1,59063.0,jackpotjoy.com,exact,confirmed_gambling,Already confirmed by gambling blocklist/manual research,99
casino-login-777.top,1,,priority_review,,,,,0,,,,1,20,3,3,1,1,0,3.546439344671016,1,0.0,0,0,0,,,,priority_gambling_review,Contains gambling-related keyword,3
wintayo.com,0,,priority_review,,,,,0,,,,1,11,0,1,1,0,0,3.277613436819116,0,0.0,0,0,1,,,,priority_gambling_review,Contains gambling-related keyword,3
ftrgame.sgph123.com,1,,needs_review,,,,,0,,,,0,19,3,2,2,0,0,3.932138039759375,0,0.0,0,0,1,,,,needs_manual_review,No gambling-list match and no Tranco match,5
kn8vn.com,1,,needs_review,,,,,0,,,,0,9,1,1,1,0,0,2.94770277922009,0,72.0,1,0,1,,,,needs_manual_review,No gambling-list match and no Tranco match,5
casinoper.com,1,1.0,confirmed_gambling,"Block List Project, UT1 Gambling",multi_source,casinoper.com,"Block List Project, UT1 Gambling",2,,,,1,13,0,1,1,0,0,3.3927474104487847,0,2138.0,1,0,1,,,,confirmed_gambling,Already confirmed by gambling blocklist/manual research,99
slot-verify-888.online,1,,priority_review,,,,,0,,,,1,22,3,3,1,1,0,3.697845823084412,1,0.0,0,0,0,,,,priority_gambling_review,Contains gambling-related keyword,3
gamezone.com.ph,0,,needs_review,,,,,0,,,,0,15,0,2,2,0,0,3.373557262275185,0,0.0,0,1,1,,,,needs_manual_review,No gambling-list match and no Tranco match,5
inplay.betway.com,0,1.0,confirmed_gambling,"Block List Project, UT1 Gambling",multi_source,betway.com,"Block List Project, UT1 Gambling",2,,,,1,17,0,2,2,0,0,3.7345216647797512,0,8734.0,1,0,1,15985.0,betway.com,parent_domain,confirmed_gambling,Already confirmed by gambling blocklist/manual research,99
catcasinosx.com,1,,priority_review,,,,,0,,,,1,15,0,1,1,0,0,3.1898980954642875,0,0.0,0,0,0,,,,priority_gambling_review,Contains gambling-related keyword,3
24pokies4.com,1,1.0,confirmed_gambling,Block List Project,single_source,24pokies4.com,Block List Project,1,,,,0,13,3,1,1,0,0,3.3927474104487847,0,182.0,1,1,1,,,,confirmed_gambling,Already confirmed by gambling blocklist/manual research,99
frankglass.com,1,,needs_review,,,,,0,,,,0,14,0,1,1,0,0,3.521640636343318,0,411.0,1,0,0,,,,needs_manual_review,No gambling-list match and no Tranco match,5
maltakasino.com,1,,needs_review,,,,,0,,,,0,15,0,1,1,0,0,3.323231428797621,0,1220.0,1,1,1,,,,needs_manual_review,No gambling-list match and no Tranco match,5
ww88yy.vip,1,,needs_review,,,,,0,,,,0,10,2,1,1,0,0,2.721928094887362,0,0.0,0,0,0,,,,needs_manual_review,No gambling-list match and no Tranco match,5
eeze.com,0,,needs_review,,,,,0,,,,0,8,0,1,1,0,0,2.4056390622295662,0,8310.0,1,1,1,562493.0,eeze.com,exact,weak_benign_candidate,Appears in Tranco Top 1M,4
diyarbet121.com,1,,priority_review,,,,,0,,,,1,15,3,1,1,0,0,3.773557262275186,0,0.0,0,0,1,,,,priority_gambling_review,Contains gambling-related keyword,3
casino-1xbet.com,1,1.0,confirmed_gambling,Block List Project,single_source,casino-1xbet.com,Block List Project,1,,,,1,16,1,2,1,1,0,3.75,0,1524.0,1,0,1,,,,confirmed_gambling,Already confirmed by gambling blocklist/manual research,99
kordonbet213.com,1,,priority_review,,,,,0,,,,1,16,3,1,1,0,0,3.702819531114783,0,0.0,0,0,0,,,,priority_gambling_review,Contains gambling-related keyword,3
pisogame.vip,0,,needs_review,,,,,0,,,,0,12,0,1,1,0,0,3.2516291673878226,0,29.0,1,0,0,,,,needs_manual_review,No gambling-list match and no Tranco match,5
slotsofdosh.com,0,,priority_review,,,,,0,,,,1,15,0,1,1,0,0,3.056564762130954,0,5462.0,1,1,1,,,,priority_gambling_review,Contains gambling-related keyword,3
bigbunny.ph,0,1.0,confirmed_gambling,Block List Project,single_source,bigbunny.ph,Block List Project,1,,,,0,11,0,1,1,0,0,3.095795255000934,0,0.0,0,1,1,81304.0,bigbunny.ph,exact,confirmed_gambling,Already confirmed by gambling blocklist/manual research,99
789.com,0,1.0,confirmed_gambling,Block List Project,single_source,789.com,Block List Project,1,,,,0,7,3,1,1,0,0,2.807354922057604,0,10914.0,1,1,1,,,,confirmed_gambling,Already confirmed by gambling blocklist/manual research,99
522bet.com,1,1.0,confirmed_gambling,Block List Project,single_source,522bet.com,Block List Project,1,,,,1,10,3,1,1,0,0,3.1219280948873624,0,2964.0,1,1,1,752107.0,522bet.com,exact,confirmed_gambling,Already confirmed by gambling blocklist/manual research,99
spinnalot.com,0,1.0,confirmed_gambling,Block List Project,single_source,spinnalot.com,Block List Project,1,,,,0,13,0,1,1,0,0,3.3927474104487847,0,1761.0,1,0,1,,,,confirmed_gambling,Already confirmed by gambling blocklist/manual research,99
fortwinbam.com,1,,priority_review,,,,,0,,,,1,14,0,1,1,0,0,3.521640636343318,0,595.0,1,0,0,,,,priority_gambling_review,Contains gambling-related keyword,3
casino-ra.com,1,1.0,confirmed_gambling,Block List Project,single_source,casino-ra.com,Block List Project,1,,,,1,13,0,2,1,1,0,3.238901256602631,0,4369.0,1,1,1,,,,confirmed_gambling,Already confirmed by gambling blocklist/manual research,99
videoslots.com,0,1.0,confirmed_gambling,"Block List Project, UT1 Gambling",multi_source,videoslots.com,"Block List Project, UT1 Gambling",2,,,,1,14,0,1,1,0,0,3.3248629576173565,0,9956.0,1,1,1,48038.0,videoslots.com,exact,confirmed_gambling,Already confirmed by gambling blocklist/manual research,99
bppoker.ph,0,1.0,confirmed_gambling,Block List Project,single_source,bppoker.ph,Block List Project,1,,,,0,10,0,1,1,0,0,2.8464393446710154,0,0.0,0,0,0,,,,confirmed_gambling,Already confirmed by gambling blocklist/manual research,99
2wkzr.go777.ph,1,,priority_review,,,,,0,,,,1,14,4,2,2,0,0,3.3248629576173565,0,0.0,0,0,1,,,,priority_gambling_review,Contains gambling-related keyword,3
plusbet21.com,1,,priority_review,,,,,0,,,,1,13,2,1,1,0,0,3.7004397181410926,0,0.0,0,0,0,,,,priority_gambling_review,Contains gambling-related keyword,3
gentlemanjim.bet,0,1.0,confirmed_gambling,"Block List Project, UT1 Gambling",multi_source,gentlemanjim.bet,"Block List Project, UT1 Gambling",2,,,,1,16,0,1,1,0,0,3.327819531114783,0,0.0,0,0,1,,,,confirmed_gambling,Already confirmed by gambling blocklist/manual research,99
w88br.com,1,1.0,confirmed_gambling,Block List Project,single_source,w88br.com,Block List Project,1,,,,0,9,2,1,1,0,0,2.94770277922009,0,1424.0,1,1,1,,,,confirmed_gambling,Already confirmed by gambling blocklist/manual research,99
arenaplus.ph,0,1.0,confirmed_gambling,Block List Project,single_source,arenaplus.ph,Block List Project,1,,,,0,12,0,1,1,0,0,3.2516291673878226,0,0.0,0,1,1,9543.0,arenaplus.ph,exact,confirmed_gambling,Already confirmed by gambling blocklist/manual research,99
fbmgame.online,0,,needs_review,,,,,0,,,,0,14,0,1,1,0,0,3.378783493486176,1,45.0,1,1,1,,,,needs_manual_review,No gambling-list match and no Tranco match,5
hollywoodcasino.com,0,,priority_review,,,,,0,,,,1,19,0,1,1,0,0,3.4263674884732267,0,10915.0,1,1,1,558465.0,hollywoodcasino.com,exact,priority_gambling_review,Contains gambling-related keyword,3
playxfortuna.com,1,,needs_review,,,,,0,,,,0,16,0,1,1,0,0,3.75,0,143.0,1,1,1,,,,needs_manual_review,No gambling-list match and no Tranco match,5
captaincookcasino.co.uk,0,,priority_review,,,,,0,,,,1,23,0,2,2,0,0,3.273349455962949,0,8551.0,1,1,1,,,,priority_gambling_review,Contains gambling-related keyword,3
blogib3919.com,1,,needs_review,,,,,0,,,,0,14,4,1,1,0,0,3.378783493486176,0,0.0,0,0,0,,,,needs_manual_review,No gambling-list match and no Tranco match,5
thescore.bet,0,1.0,confirmed_gambling,"Block List Project, UT1 Gambling",multi_source,thescore.bet,"Block List Project, UT1 Gambling",2,,,,1,12,0,1,1,0,0,3.0220552088742005,0,0.0,0,1,1,33347.0,thescore.bet,exact,confirmed_gambling,Already confirmed by gambling blocklist/manual research,99
bossbunny.ph,0,,needs_review,,,,,0,,,,0,12,0,1,1,0,0,3.084962500721156,0,0.0,0,1,1,,,,needs_manual_review,No gambling-list match and no Tranco match,5
139.59.223.220,1,,needs_review,,,,,0,,,,0,14,11,3,3,0,1,2.610577243331642,0,0.0,0,0,1,,,,needs_manual_review,No gambling-list match and no Tranco match,5
ww88uu.vip,1,1.0,confirmed_gambling,Block List Project,single_source,ww88uu.vip,Block List Project,1,,,,0,10,2,1,1,0,0,2.721928094887362,0,124.0,1,1,1,,,,confirmed_gambling,Already confirmed by gambling blocklist/manual research,99
bppoker.live,0,1.0,confirmed_gambling,Block List Project,single_source,bppoker.live,Block List Project,1,,,,0,12,0,1,1,0,0,3.2516291673878226,0,0.0,0,0,0,,,,confirmed_gambling,Already confirmed by gambling blocklist/manual research,99
digiwin.ph,0,,priority_review,,,,,0,,,,1,10,0,1,1,0,0,2.8464393446710154,0,0.0,0,0,0,,,,priority_gambling_review,Contains gambling-related keyword,3
24pokies.com,1,1.0,confirmed_gambling,Block List Project,single_source,24pokies.com,Block List Project,1,,,,0,12,2,1,1,0,0,3.4182958340544896,0,3403.0,1,1,1,,,,confirmed_gambling,Already confirmed by gambling blocklist/manual research,99
fastwin.ph,0,1.0,confirmed_gambling,Block List Project,single_source,fastwin.ph,Block List Project,1,,,,1,10,0,1,1,0,0,3.321928094887362,0,0.0,0,1,1,,,,confirmed_gambling,Already confirmed by gambling blocklist/manual research,99
gameph.com,0,1.0,confirmed_gambling,Block List Project,single_source,gameph.com,Block List Project,1,,,,0,10,0,1,1,0,0,3.1219280948873624,0,6667.0,1,0,1,,,,confirmed_gambling,Already confirmed by gambling blocklist/manual research,99
paywayglobal.com,1,,needs_review,,,,,0,,,,0,16,0,1,1,0,0,3.327819531114783,0,0.0,0,0,0,,,,needs_manual_review,No gambling-list match and no Tranco match,5
19msia.com,1,,needs_review,,,,,0,,,,0,10,2,1,1,0,0,3.1219280948873624,0,0.0,0,0,0,,,,needs_manual_review,No gambling-list match and no Tranco match,5
haha777.world,1,1.0,confirmed_gambling,Block List Project,single_source,haha777.world,Block List Project,1,,,,1,13,3,1,1,0,0,3.026986833359288,0,0.0,0,0,1,,,,confirmed_gambling,Already confirmed by gambling blocklist/manual research,99
suomikasino.com,0,1.0,confirmed_gambling,"Block List Project, UT1 Gambling",multi_source,suomikasino.com,"Block List Project, UT1 Gambling",2,,,,0,15,0,1,1,0,0,3.1898980954642875,0,6438.0,1,1,1,886256.0,suomikasino.com,exact,confirmed_gambling,Already confirmed by gambling blocklist/manual research,99
bw988.net,1,,needs_review,,,,,0,,,,0,9,3,1,1,0,0,2.94770277922009,0,2061.0,1,0,0,,,,needs_manual_review,No gambling-list match and no Tranco match,5
ilotbet-03121.weebly.com,1,,priority_review,,,,,0,,,,1,24,5,3,2,1,0,3.8868421881310113,0,7319.0,1,1,1,344.0,weebly.com,parent_domain,priority_gambling_review,Contains gambling-related keyword,3
wpcasino.net,1,,priority_review,,,,,0,,,,1,12,0,1,1,0,0,3.4182958340544896,0,2895.0,1,0,1,,,,priority_gambling_review,Contains gambling-related keyword,3
betfair.com,0,1.0,confirmed_gambling,"Block List Project, UT1 Gambling",multi_source,betfair.com,"Block List Project, UT1 Gambling",2,,,,1,11,0,1,1,0,0,3.4594316186372973,0,9523.0,1,0,1,7853.0,betfair.com,exact,confirmed_gambling,Already confirmed by gambling blocklist/manual research,99
partycasino.com,0,1.0,confirmed_gambling,"Block List Project, UT1 Gambling",multi_source,partycasino.com,"Block List Project, UT1 Gambling",2,,,,1,15,0,1,1,0,0,3.506890595608519,0,10210.0,1,1,1,30523.0,partycasino.com,exact,confirmed_gambling,Already confirmed by gambling blocklist/manual research,99
betgoo200.com,1,,priority_review,,,,,0,,,,1,13,3,1,1,0,0,3.180832987205441,0,0.0,0,0,1,,,,priority_gambling_review,Contains gambling-related keyword,3
1xqqsite.com,1,,needs_review,,,,,0,,,,0,12,1,1,1,0,0,3.4182958340544896,0,0.0,0,0,1,,,,needs_manual_review,No gambling-list match and no Tranco match,5
nkryu17dc.com,1,,needs_review,,,,,0,,,,0,13,2,1,1,0,0,3.546593564294939,0,484.0,1,0,1,,,,needs_manual_review,No gambling-list match and no Tranco match,5
asiabet338.website,1,,priority_review,,,,,0,,,,1,18,3,1,1,0,0,3.239097917988786,0,0.0,0,0,1,,,,priority_gambling_review,Contains gambling-related keyword,3
spinnerikasino.com,0,,needs_review,,,,,0,,,,0,18,0,1,1,0,0,3.4193819456463714,0,334.0,1,0,1,,,,needs_manual_review,No gambling-list match and no Tranco match,5
24pokies1.com,1,1.0,confirmed_gambling,Block List Project,single_source,24pokies1.com,Block List Project,1,,,,0,13,3,1,1,0,0,3.546593564294939,0,604.0,1,0,0,,,,confirmed_gambling,Already confirmed by gambling blocklist/manual research,99
line35266.com,1,,needs_review,,,,,0,,,,0,13,5,1,1,0,0,3.546593564294939,0,0.0,0,0,1,,,,needs_manual_review,No gambling-list match and no Tranco match,5
luckymate.co.uk,0,1.0,confirmed_gambling,"Block List Project, UT1 Gambling",multi_source,luckymate.co.uk,"Block List Project, UT1 Gambling",2,,,,0,15,0,2,2,0,0,3.373557262275185,0,1024.0,1,0,1,,,,confirmed_gambling,Already confirmed by gambling blocklist/manual research,99
buzzbingo.com,0,1.0,confirmed_gambling,Block List Project,single_source,buzzbingo.com,Block List Project,1,,,,0,13,0,1,1,0,0,3.238901256602631,0,9520.0,1,0,1,62888.0,buzzbingo.com,exact,confirmed_gambling,Already confirmed by gambling blocklist/manual research,99
bet-at-home.de,0,1.0,confirmed_gambling,"Block List Project, UT1 Gambling",multi_source,bet-at-home.de,"Block List Project, UT1 Gambling",2,,,,1,14,0,3,1,1,0,3.1820058147602133,0,0.0,0,1,1,148396.0,bet-at-home.de,exact,confirmed_gambling,Already confirmed by gambling blocklist/manual research,99
rp777.vip,1,,priority_review,,,,,0,,,,1,9,3,1,1,0,0,2.4193819456463714,0,357.0,1,1,1,,,,priority_gambling_review,Contains gambling-related keyword,3
juan365.ph,0,,needs_review,,,,,0,,,,0,10,3,1,1,0,0,3.321928094887362,0,0.0,0,1,1,,,,needs_manual_review,No gambling-list match and no Tranco match,5
nj.betmgm.com,0,1.0,confirmed_gambling,"Block List Project, UT1 Gambling",multi_source,betmgm.com,"Block List Project, UT1 Gambling",2,,,,1,13,0,2,2,0,0,3.180832987205441,0,8655.0,1,0,1,10694.0,betmgm.com,parent_domain,confirmed_gambling,Already confirmed by gambling blocklist/manual research,99
ciprobet,1,,priority_review,,,,,0,,,,1,8,0,0,0,0,0,3.0,0,0.0,0,0,0,,,,priority_gambling_review,Contains gambling-related keyword,3
buenas.plus,0,1.0,confirmed_gambling,Block List Project,single_source,buenas.plus,Block List Project,1,,,,0,11,0,1,1,0,0,3.095795255000934,0,0.0,0,1,1,,,,confirmed_gambling,Already confirmed by gambling blocklist/manual research,99
crazywingo.asia,0,,priority_review,,,,,0,,,,1,15,0,1,1,0,0,3.456564762130954,0,73.0,1,1,1,,,,priority_gambling_review,Contains gambling-related keyword,3
123bingo.ph,0,,needs_review,,,,,0,,,,0,11,3,1,1,0,0,3.4594316186372973,0,0.0,0,1,1,,,,needs_manual_review,No gambling-list match and no Tranco match,5
playtime.ph,0,1.0,confirmed_gambling,Block List Project,single_source,playtime.ph,Block List Project,1,,,,0,11,0,1,1,0,0,3.277613436819116,0,0.0,0,1,1,17806.0,playtime.ph,exact,confirmed_gambling,Already confirmed by gambling blocklist/manual research,99
evolutiongaming.com,0,,needs_review,,,,,0,,,,0,19,0,1,1,0,0,3.5766176449086657,0,8067.0,1,1,1,290820.0,evolutiongaming.com,exact,weak_benign_candidate,Appears in Tranco Top 1M,4
thesecretsocietyxx.com,1,,needs_review,,,,,0,,,,0,22,0,1,1,0,0,3.390805482076982,0,169.0,1,1,1,,,,needs_manual_review,No gambling-list match and no Tranco match,5
nagacash9b.homes,1,,needs_review,,,,,0,,,,0,16,1,1,1,0,0,3.452819531114783,0,440.0,1,0,0,,,,needs_manual_review,No gambling-list match and no Tranco match,5
azino-777.live,1,,priority_review,,,,,0,,,,1,14,3,2,1,1,0,3.3248629576173565,0,0.0,0,0,0,,,,priority_gambling_review,Contains gambling-related keyword,3
luckytaya.ph,0,,needs_review,,,,,0,,,,0,12,0,1,1,0,0,3.2516291673878226,0,0.0,0,0,1,,,,needs_manual_review,No gambling-list match and no Tranco match,5
sportsplus.ph,0,1.0,confirmed_gambling,Block List Project,single_source,sportsplus.ph,Block List Project,1,,,,0,13,0,1,1,0,0,2.9689185639620974,0,0.0,0,1,1,23253.0,sportsplus.ph,exact,confirmed_gambling,Already confirmed by gambling blocklist/manual research,99
pocketaces-sp.ph,0,,needs_review,,,,,0,,,,0,16,0,2,1,1,0,3.327819531114783,0,0.0,0,1,1,,,,needs_manual_review,No gambling-list match and no Tranco match,5
laviergp.com,0,,needs_review,,,,,0,,,,0,12,0,1,1,0,0,3.584962500721156,0,866.0,1,0,1,,,,needs_manual_review,No gambling-list match and no Tranco match,5
win-bonus-888.pro,1,,priority_review,,,,,0,,,,1,17,3,3,1,1,0,3.4548223999466057,0,0.0,0,0,0,,,,priority_gambling_review,Contains gambling-related keyword,3
sbobet.com,1,1.0,confirmed_gambling,"Block List Project, UT1 Gambling",multi_source,sbobet.com,"Block List Project, UT1 Gambling",2,,,,1,10,0,1,1,0,0,2.9219280948873623,0,8233.0,1,0,1,35640.0,sbobet.com,exact,confirmed_gambling,Already confirmed by gambling blocklist/manual research,99
livebid.in,1,,needs_review,,,,,0,,,,0,10,0,1,1,0,0,2.8464393446710154,0,2471.0,1,0,0,,,,needs_manual_review,No gambling-list match and no Tranco match,5
eplay.egamescasino.ph,0,1.0,confirmed_gambling,Block List Project,single_source,egamescasino.ph,Block List Project,1,,,,1,21,0,2,2,0,0,3.6537567082870015,0,0.0,0,0,0,747344.0,egamescasino.ph,parent_domain,confirmed_gambling,Already confirmed by gambling blocklist/manual research,99
betvenedik.com,1,,priority_review,,,,,0,,,,1,14,0,1,1,0,0,3.4677201004745,0,1289.0,1,1,1,,,,priority_gambling_review,Contains gambling-related keyword,3
betmaks433.com,1,,priority_review,,,,,0,,,,1,14,3,1,1,0,0,3.521640636343318,0,0.0,0,0,1,,,,priority_gambling_review,Contains gambling-related keyword,3
jbac001.org,1,,needs_review,,,,,0,,,,0,11,3,1,1,0,0,3.277613436819116,0,0.0,0,1,1,,,,needs_manual_review,No gambling-list match and no Tranco match,5
diyarbet123.com,1,,priority_review,,,,,0,,,,1,15,3,1,1,0,0,3.906890595608519,0,0.0,0,0,1,,,,priority_gambling_review,Contains gambling-related keyword,3
ray097.com,1,,needs_review,,,,,0,,,,0,10,3,1,1,0,0,3.321928094887362,0,1803.0,1,1,1,,,,needs_manual_review,No gambling-list match and no Tranco match,5
sportingbet.com,0,1.0,confirmed_gambling,"Block List Project, UT1 Gambling",multi_source,sportingbet.com,"Block List Project, UT1 Gambling",2,,,,1,15,0,1,1,0,0,3.640223928941852,0,10446.0,1,1,1,26728.0,sportingbet.com,exact,confirmed_gambling,Already confirmed by gambling blocklist/manual research,99
wowgames.app,0,,needs_review,,,,,0,,,,0,12,0,1,1,0,0,3.084962500721156,0,0.0,0,1,1,,,,needs_manual_review,No gambling-list match and no Tranco match,5
sportybetadder001.weebly.com,1,,priority_review,,,,,0,,,,1,28,3,2,2,0,0,3.950212064914747,0,7319.0,1,0,0,344.0,weebly.com,parent_domain,priority_gambling_review,Contains gambling-related keyword,3
skybingo.com,0,1.0,confirmed_gambling,Block List Project,single_source,skybingo.com,Block List Project,1,,,,0,12,0,1,1,0,0,3.4182958340544896,0,9582.0,1,1,1,84895.0,skybingo.com,exact,confirmed_gambling,Already confirmed by gambling blocklist/manual research,99
206casinoturka,1,,priority_review,,,,,0,,,,1,14,3,0,0,0,0,3.664497779200461,0,0.0,0,0,0,,,,priority_gambling_review,Contains gambling-related keyword,3
uwin992.cc,1,,priority_review,,,,,0,,,,1,10,3,1,1,0,0,2.9219280948873623,0,1151.0,1,0,1,,,,priority_gambling_review,Contains gambling-related keyword,3
casinoin.ie,0,1.0,confirmed_gambling,"Block List Project, UT1 Gambling",multi_source,casinoin.ie,"Block List Project, UT1 Gambling",2,,,,1,11,0,1,1,0,0,2.8453509366224368,0,1170.0,1,1,1,,,,confirmed_gambling,Already confirmed by gambling blocklist/manual research,99
sin88.club,1,1.0,confirmed_gambling,Block List Project,single_source,sin88.club,Block List Project,1,,,,0,10,2,1,1,0,0,3.1219280948873624,1,2360.0,1,1,1,,,,confirmed_gambling,Already confirmed by gambling blocklist/manual research,99
z8.com,1,,needs_review,,,,,0,,,,0,6,1,1,1,0,0,2.584962500721156,0,10478.0,1,1,1,852883.0,z8.com,exact,weak_benign_candidate,Appears in Tranco Top 1M,4
ibet.com,0,1.0,confirmed_gambling,Block List Project,single_source,ibet.com,Block List Project,1,,,,1,8,0,1,1,0,0,3.0,0,10387.0,1,0,1,271654.0,ibet.com,exact,confirmed_gambling,Already confirmed by gambling blocklist/manual research,99
epicwin2.com,1,,priority_review,,,,,0,,,,1,12,1,1,1,0,0,3.2516291673878226,0,283.0,1,0,0,,,,priority_gambling_review,Contains gambling-related keyword,3
casipol,1,,needs_review,,,,,0,,,,0,7,0,0,0,0,0,2.807354922057604,0,0.0,0,0,0,,,,needs_manual_review,No gambling-list match and no Tranco match,5
1club1way.com,1,,needs_review,,,,,0,,,,0,13,2,1,1,0,0,3.3927474104487847,0,0.0,0,0,0,,,,needs_manual_review,No gambling-list match and no Tranco match,5
karhubet.com,0,1.0,confirmed_gambling,Block List Project,single_source,karhubet.com,Block List Project,1,,,,1,12,0,1,1,0,0,3.584962500721156,0,257.0,1,1,1,,,,confirmed_gambling,Already confirmed by gambling blocklist/manual research,99
sportybetballanceader.weebly.com,1,,priority_review,,,,,0,,,,1,32,0,2,2,0,0,3.8164280318460246,0,7319.0,1,0,0,344.0,weebly.com,parent_domain,priority_gambling_review,Contains gambling-related keyword,3
mgt-casino.com,1,,priority_review,,,,,0,,,,1,14,0,2,1,1,0,3.378783493486176,0,308.0,1,1,1,,,,priority_gambling_review,Contains gambling-related keyword,3
boss365au.com,1,,needs_review,,,,,0,,,,0,13,3,1,1,0,0,3.3927474104487847,0,678.0,1,0,1,,,,needs_manual_review,No gambling-list match and no Tranco match,5
berlian33.club,1,,needs_review,,,,,0,,,,0,14,2,1,1,0,0,3.378783493486176,1,1353.0,1,0,1,,,,needs_manual_review,No gambling-list match and no Tranco match,5
fortunelink.com.ph,0,,needs_review,,,,,0,,,,0,18,0,2,2,0,0,3.836591668108978,0,0.0,0,0,1,,,,needs_manual_review,No gambling-list match and no Tranco match,5
god55.company,1,,needs_review,,,,,0,,,,0,13,2,1,1,0,0,3.3927474104487847,0,0.0,0,1,1,,,,needs_manual_review,No gambling-list match and no Tranco match,5
diyarbet,1,,priority_review,,,,,0,,,,1,8,0,0,0,0,0,3.0,0,0.0,0,0,0,,,,priority_gambling_review,Contains gambling-related keyword,3
casinomga.com,1,,priority_review,,,,,0,,,,1,13,0,1,1,0,0,3.0850551027564768,0,3051.0,1,0,0,,,,priority_gambling_review,Contains gambling-related keyword,3
istanacuan.us,1,,needs_review,,,,,0,,,,0,13,0,1,1,0,0,2.873140679513133,0,0.0,0,0,1,,,,needs_manual_review,No gambling-list match and no Tranco match,5
panaloplay.ph,0,,needs_review,,,,,0,,,,0,13,0,1,1,0,0,2.815072410115944,0,0.0,0,1,1,,,,needs_manual_review,No gambling-list match and no Tranco match,5
arenapluspro.net,0,,needs_review,,,,,0,,,,0,16,0,1,1,0,0,3.375,0,367.0,1,1,1,,,,needs_manual_review,No gambling-list match and no Tranco match,5
lv666,1,,needs_review,,,,,0,,,,0,5,3,0,0,0,0,1.3709505944546687,0,0.0,0,0,0,,,,needs_manual_review,No gambling-list match and no Tranco match,5
nustargame.ph,0,,needs_review,,,,,0,,,,0,13,0,1,1,0,0,3.546593564294939,0,0.0,0,0,1,75785.0,nustargame.ph,exact,medium_benign_candidate,Top 100K Tranco and no gambling keyword,2
foxybingo.com,0,1.0,confirmed_gambling,Block List Project,single_source,foxybingo.com,Block List Project,1,,,,0,13,0,1,1,0,0,3.334679141051595,0,7737.0,1,0,1,56044.0,foxybingo.com,exact,confirmed_gambling,Already confirmed by gambling blocklist/manual research,99
77win,1,,priority_review,,,,,0,,,,1,5,2,0,0,0,0,1.9219280948873625,0,0.0,0,0,0,,,,priority_gambling_review,Contains gambling-related keyword,3
va-va-da.club,1,,needs_review,,,,,0,,,,0,13,0,3,1,1,0,3.026986833359288,1,0.0,0,0,0,,,,needs_manual_review,No gambling-list match and no Tranco match,5
sportybetbalanceadderssappss.weebly.com,1,,priority_review,,,,,0,,,,1,39,0,2,2,0,0,3.830811040575055,0,7319.0,1,0,0,344.0,weebly.com,parent_domain,priority_gambling_review,Contains gambling-related keyword,3
nustar.ph,0,,needs_review,,,,,0,,,,0,9,0,1,1,0,0,3.169925001442312,0,0.0,0,0,1,149357.0,nustar.ph,exact,weak_benign_candidate,Appears in Tranco Top 1M,4
donaldwin.com,1,,priority_review,,,,,0,,,,1,13,0,1,1,0,0,3.238901256602631,0,706.0,1,0,1,,,,priority_gambling_review,Contains gambling-related keyword,3
juan365.app,0,,needs_review,,,,,0,,,,0,11,3,1,1,0,0,3.095795255000934,0,0.0,0,0,1,,,,needs_manual_review,No gambling-list match and no Tranco match,5
bybet.vip,0,,priority_review,,,,,0,,,,1,9,0,1,1,0,0,2.94770277922009,0,457.0,1,1,1,,,,priority_gambling_review,Contains gambling-related keyword,3
vipking.ph,0,,needs_review,,,,,0,,,,0,10,0,1,1,0,0,2.9219280948873623,0,0.0,0,0,1,,,,needs_manual_review,No gambling-list match and no Tranco match,5
poshbingo.co.uk,0,,needs_review,,,,,0,,,,0,15,0,2,2,0,0,3.456564762130954,0,7215.0,1,1,1,,,,needs_manual_review,No gambling-list match and no Tranco match,5
cpcalendars.winzir.com,0,1.0,confirmed_gambling,Block List Project,single_source,winzir.com,Block List Project,1,,,,1,22,0,2,2,0,0,3.788754913993503,0,1507.0,1,1,1,,,,confirmed_gambling,Already confirmed by gambling blocklist/manual research,99
tastevegas.com,0,1.0,confirmed_gambling,Block List Project,single_source,tastevegas.com,Block List Project,1,,,,0,14,0,1,1,0,0,3.235926350629033,0,6827.0,1,1,1,,,,confirmed_gambling,Already confirmed by gambling blocklist/manual research,99
hunterbetting5.com,1,,priority_review,,,,,0,,,,1,18,1,1,1,0,0,3.683542362433231,0,0.0,0,0,0,,,,priority_gambling_review,Contains gambling-related keyword,3
gtongits.com,0,1.0,confirmed_gambling,Block List Project,single_source,gtongits.com,Block List Project,1,,,,0,12,0,1,1,0,0,3.084962500721156,0,128.0,1,1,1,789037.0,gtongits.com,exact,confirmed_gambling,Already confirmed by gambling blocklist/manual research,99
optibet.com,0,1.0,confirmed_gambling,Block List Project,single_source,optibet.com,Block List Project,1,,,,1,11,0,1,1,0,0,3.095795255000934,0,9216.0,1,1,1,868535.0,optibet.com,exact,confirmed_gambling,Already confirmed by gambling blocklist/manual research,99
bet-at-home.com,0,1.0,confirmed_gambling,"Block List Project, UT1 Gambling",multi_source,bet-at-home.com,"Block List Project, UT1 Gambling",2,,,,1,15,0,3,1,1,0,3.240223928941852,0,9686.0,1,0,1,149662.0,bet-at-home.com,exact,confirmed_gambling,Already confirmed by gambling blocklist/manual research,99
anibet.com,0,,priority_review,,,,,0,,,,1,10,0,1,1,0,0,3.321928094887362,0,5079.0,1,0,0,,,,priority_gambling_review,Contains gambling-related keyword,3
vavadahades.com,1,,needs_review,,,,,0,,,,0,15,0,1,1,0,0,3.106890595608519,0,55.0,1,1,1,,,,needs_manual_review,No gambling-list match and no Tranco match,5
zetbet.com,0,1.0,confirmed_gambling,Block List Project,single_source,zetbet.com,Block List Project,1,,,,1,10,0,1,1,0,0,2.9219280948873623,0,5457.0,1,1,1,,,,confirmed_gambling,Already confirmed by gambling blocklist/manual research,99
sportybetfixednetvip.weebly.com,1,,priority_review,,,,,0,,,,1,31,0,2,2,0,0,4.039211536948156,0,7319.0,1,0,0,344.0,weebly.com,parent_domain,priority_gambling_review,Contains gambling-related keyword,3
bongo.io,0,,needs_review,,,,,0,,,,0,8,0,1,1,0,0,2.4056390622295662,0,1676.0,1,1,1,,,,needs_manual_review,No gambling-list match and no Tranco match,5
quinnbet.com,0,1.0,confirmed_gambling,Block List Project,single_source,quinnbet.com,Block List Project,1,,,,1,12,0,1,1,0,0,3.4182958340544896,0,3264.0,1,1,1,299870.0,quinnbet.com,exact,confirmed_gambling,Already confirmed by gambling blocklist/manual research,99
136bet.com,1,1.0,confirmed_gambling,Block List Project,single_source,136bet.com,Block List Project,1,,,,1,10,3,1,1,0,0,3.321928094887362,0,4236.0,1,1,1,601164.0,136bet.com,exact,confirmed_gambling,Already confirmed by gambling blocklist/manual research,99
casipol409.com,1,,needs_review,,,,,0,,,,0,14,3,1,1,0,0,3.521640636343318,0,0.0,0,0,1,,,,needs_manual_review,No gambling-list match and no Tranco match,5
debet.bot,1,1.0,confirmed_gambling,Block List Project,single_source,debet.bot,Block List Project,1,,,,1,9,0,1,1,0,0,2.5032583347756456,0,0.0,0,1,1,,,,confirmed_gambling,Already confirmed by gambling blocklist/manual research,99
888.com,0,1.0,confirmed_gambling,"Block List Project, UT1 Gambling",multi_source,888.com,"Block List Project, UT1 Gambling",2,,,,0,7,3,1,1,0,0,2.128085278891394,0,11112.0,1,1,1,46757.0,888.com,exact,confirmed_gambling,Already confirmed by gambling blocklist/manual research,99
rlivegame.net,0,,needs_review,,,,,0,,,,0,13,0,1,1,0,0,3.334679141051595,0,0.0,0,1,1,,,,needs_manual_review,No gambling-list match and no Tranco match,5
okplay.ph,0,1.0,confirmed_gambling,Block List Project,single_source,okplay.ph,Block List Project,1,,,,0,9,0,1,1,0,0,2.94770277922009,0,0.0,0,1,1,86470.0,okplay.ph,exact,confirmed_gambling,Already confirmed by gambling blocklist/manual research,99
1mebetx.com,1,,priority_review,,,,,0,,,,1,11,1,1,1,0,0,3.095795255000934,0,2881.0,1,0,0,,,,priority_gambling_review,Contains gambling-related keyword,3
gladiator-slot.com,1,1.0,confirmed_gambling,Block List Project,single_source,gladiator-slot.com,Block List Project,1,,,,1,18,0,2,1,1,0,3.5724312513221195,0,1872.0,1,1,1,,,,confirmed_gambling,Already confirmed by gambling blocklist/manual research,99
alpha66.shop,1,,needs_review,,,,,0,,,,0,12,2,1,1,0,0,2.918295834054489,0,1435.0,1,0,1,,,,needs_manual_review,No gambling-list match and no Tranco match,5
efesbetcasino353.com,1,,priority_review,,,,,0,,,,1,20,3,1,1,0,0,3.684183719779189,0,0.0,0,0,1,,,,priority_gambling_review,Contains gambling-related keyword,3
bigbet138.xyz,1,,priority_review,,,,,0,,,,1,13,3,1,1,0,0,3.546593564294939,1,0.0,0,0,1,,,,priority_gambling_review,Contains gambling-related keyword,3
linqapp.com,1,,needs_review,,,,,0,,,,0,11,0,1,1,0,0,3.277613436819116,0,5044.0,1,0,1,233414.0,linqapp.com,exact,weak_benign_candidate,Appears in Tranco Top 1M,4
29bet.com,1,,priority_review,,,,,0,,,,1,9,2,1,1,0,0,3.169925001442312,0,5238.0,1,0,1,,,,priority_gambling_review,Contains gambling-related keyword,3
stardustcasino.com,0,1.0,confirmed_gambling,Block List Project,single_source,stardustcasino.com,Block List Project,1,,,,1,18,0,1,1,0,0,3.4613201402110083,0,10552.0,1,0,1,589655.0,stardustcasino.com,exact,confirmed_gambling,Already confirmed by gambling blocklist/manual research,99
ina0808.com,1,,needs_review,,,,,0,,,,0,11,4,1,1,0,0,3.095795255000934,0,761.0,1,1,1,,,,needs_manual_review,No gambling-list match and no Tranco match,5
bixbet.com,1,,priority_review,,,,,0,,,,1,10,0,1,1,0,0,3.1219280948873624,0,4116.0,1,1,1,,,,priority_gambling_review,Contains gambling-related keyword,3
betvadi,1,,priority_review,,,,,0,,,,1,7,0,0,0,0,0,2.807354922057604,0,0.0,0,0,0,,,,priority_gambling_review,Contains gambling-related keyword,3
casinoplatin.net,1,,priority_review,,,,,0,,,,1,16,0,1,1,0,0,3.327819531114783,0,421.0,1,1,1,,,,priority_gambling_review,Contains gambling-related keyword,3
81bet.com,1,1.0,confirmed_gambling,Block List Project,single_source,81bet.com,Block List Project,1,,,,1,9,2,1,1,0,0,3.169925001442312,0,7115.0,1,1,1,601202.0,81bet.com,exact,confirmed_gambling,Already confirmed by gambling blocklist/manual research,99
nobet177.com,1,,priority_review,,,,,0,,,,1,12,3,1,1,0,0,3.2516291673878226,0,102.0,1,0,0,,,,priority_gambling_review,Contains gambling-related keyword,3
betcombet,1,,priority_review,,,,,0,,,,1,9,0,0,0,0,0,2.5032583347756456,0,0.0,0,0,0,,,,priority_gambling_review,Contains gambling-related keyword,3
copybet.com,0,1.0,confirmed_gambling,Block List Project,single_source,copybet.com,Block List Project,1,,,,1,11,0,1,1,0,0,3.095795255000934,0,4796.0,1,1,1,394263.0,copybet.com,exact,confirmed_gambling,Already confirmed by gambling blocklist/manual research,99
sportotobet.com,1,,priority_review,,,,,0,,,,1,15,0,1,1,0,0,3.056564762130954,0,4156.0,1,1,1,,,,priority_gambling_review,Contains gambling-related keyword,3
ugaming.com,0,,needs_review,,,,,0,,,,0,11,0,1,1,0,0,3.095795255000934,0,3951.0,1,0,0,,,,needs_manual_review,No gambling-list match and no Tranco match,5
777-azino.in,1,,priority_review,,,,,0,,,,1,12,3,2,1,1,0,2.8553885422075336,0,0.0,0,0,0,,,,priority_gambling_review,Contains gambling-related keyword,3
efc88.city,1,,needs_review,,,,,0,,,,0,10,2,1,1,0,0,2.9219280948873623,0,0.0,0,0,1,,,,needs_manual_review,No gambling-list match and no Tranco match,5
bet-free-777.xyz,1,,priority_review,,,,,0,,,,1,16,3,3,1,1,0,3.2806390622295662,1,0.0,0,0,0,,,,priority_gambling_review,Contains gambling-related keyword,3
konterwd.net,1,,needs_review,,,,,0,,,,0,12,0,1,1,0,0,3.084962500721156,0,61.0,1,0,1,,,,needs_manual_review,No gambling-list match and no Tranco match,5
anibet.ph,0,,priority_review,,,,,0,,,,1,9,0,1,1,0,0,3.169925001442312,0,0.0,0,0,1,,,,priority_gambling_review,Contains gambling-related keyword,3
gperya.com,0,1.0,confirmed_gambling,Block List Project,single_source,gperya.com,Block List Project,1,,,,0,10,0,1,1,0,0,3.321928094887362,0,218.0,1,1,1,11281.0,gperya.com,exact,confirmed_gambling,Already confirmed by gambling blocklist/manual research,99
caesarcrown.com,1,,needs_review,,,,,0,,,,0,15,0,1,1,0,0,3.1898980954642875,0,1724.0,1,0,0,,,,needs_manual_review,No gambling-list match and no Tranco match,5
111casinoviva.com,1,,priority_review,,,,,0,,,,1,17,3,1,1,0,0,3.2195282822995472,0,0.0,0,0,0,,,,priority_gambling_review,Contains gambling-related keyword,3
desktaya.ph,0,,needs_review,,,,,0,,,,0,11,0,1,1,0,0,3.277613436819116,0,0.0,0,1,1,,,,needs_manual_review,No gambling-list match and no Tranco match,5
slot-account-888.buzz,1,,priority_review,,,,,0,,,,1,21,3,3,1,1,0,3.594465636961452,0,0.0,0,0,0,,,,priority_gambling_review,Contains gambling-related keyword,3
okbet.com,0,1.0,confirmed_gambling,Block List Project,single_source,okbet.com,Block List Project,1,,,,1,9,0,1,1,0,0,2.94770277922009,0,8182.0,1,1,1,9115.0,okbet.com,exact,confirmed_gambling,Already confirmed by gambling blocklist/manual research,99
betsmith.com,0,,priority_review,,,,,0,,,,1,12,0,1,1,0,0,3.2516291673878226,0,4984.0,1,1,1,657420.0,betsmith.com,exact,priority_gambling_review,Contains gambling-related keyword,3
netplaypoker.com,1,,needs_review,,,,,0,,,,0,16,0,1,1,0,0,3.625,0,0.0,0,0,0,,,,needs_manual_review,No gambling-list match and no Tranco match,5
7ll6v.cc,1,,needs_review,,,,,0,,,,0,8,2,1,1,0,0,2.5,0,0.0,0,0,1,,,,needs_manual_review,No gambling-list match and no Tranco match,5
betboro.co.uk,0,,priority_review,,,,,0,,,,1,13,0,2,2,0,0,3.026986833359288,0,3806.0,1,1,1,,,,priority_gambling_review,Contains gambling-related keyword,3
badak69.co,1,,needs_review,,,,,0,,,,0,10,2,1,1,0,0,3.1219280948873624,0,812.0,1,0,1,,,,needs_manual_review,No gambling-list match and no Tranco match,5
jackpot247.com,0,1.0,confirmed_gambling,Block List Project,single_source,jackpot247.com,Block List Project,1,,,,1,14,3,1,1,0,0,3.521640636343318,0,8092.0,1,1,1,895898.0,jackpot247.com,exact,confirmed_gambling,Already confirmed by gambling blocklist/manual research,99
jili88asia.com,1,,needs_review,,,,,0,,,,0,14,2,1,1,0,0,3.1820058147602133,0,0.0,0,0,1,,,,needs_manual_review,No gambling-list match and no Tranco match,5
buenas.life,0,1.0,confirmed_gambling,Block List Project,single_source,buenas.life,Block List Project,1,,,,0,11,0,1,1,0,0,3.277613436819116,0,0.0,0,1,1,,,,confirmed_gambling,Already confirmed by gambling blocklist/manual research,99
eubet8my.com,1,,priority_review,,,,,0,,,,1,12,1,1,1,0,0,3.2516291673878226,0,0.0,0,0,0,,,,priority_gambling_review,Contains gambling-related keyword,3
immortalwins.com,0,1.0,confirmed_gambling,Block List Project,single_source,immortalwins.com,Block List Project,1,,,,1,16,0,1,1,0,0,3.452819531114783,0,2080.0,1,0,1,,,,confirmed_gambling,Already confirmed by gambling blocklist/manual research,99
lakiwin.com,0,1.0,confirmed_gambling,Block List Project,single_source,lakiwin.com,Block List Project,1,,,,1,11,0,1,1,0,0,3.277613436819116,0,816.0,1,1,1,205009.0,lakiwin.com,exact,confirmed_gambling,Already confirmed by gambling blocklist/manual research,99
123go.com,0,,needs_review,,,,,0,,,,0,9,3,1,1,0,0,2.94770277922009,0,11141.0,1,1,1,,,,needs_manual_review,No gambling-list match and no Tranco match,5
rabbitreel.com,0,,needs_review,,,,,0,,,,0,14,0,1,1,0,0,3.378783493486176,0,3201.0,1,1,1,,,,needs_manual_review,No gambling-list match and no Tranco match,5
deluxe-bet.com,1,,priority_review,,,,,0,,,,1,14,0,2,1,1,0,3.4677201004745,0,277.0,1,0,0,,,,priority_gambling_review,Contains gambling-related keyword,3
bilyoncu.com,1,,needs_review,,,,,0,,,,0,12,0,1,1,0,0,3.2516291673878226,0,98.0,1,0,1,,,,needs_manual_review,No gambling-list match and no Tranco match,5
asiabet33.net,1,,priority_review,,,,,0,,,,1,13,2,1,1,0,0,3.0850551027564768,0,2913.0,1,1,1,,,,priority_gambling_review,Contains gambling-related keyword,3
22funph1.com,1,,needs_review,,,,,0,,,,0,12,3,1,1,0,0,3.4182958340544896,0,1090.0,1,0,0,,,,needs_manual_review,No gambling-list match and no Tranco match,5
filslots.com,0,,priority_review,,,,,0,,,,1,12,0,1,1,0,0,3.084962500721156,0,495.0,1,1,1,,,,priority_gambling_review,Contains gambling-related keyword,3
wowsports.ph,0,,needs_review,,,,,0,,,,0,12,0,1,1,0,0,2.918295834054489,0,0.0,0,1,1,,,,needs_manual_review,No gambling-list match and no Tranco match,5
god55.today,1,,needs_review,,,,,0,,,,0,11,2,1,1,0,0,2.913977073182752,0,0.0,0,1,1,,,,needs_manual_review,No gambling-list match and no Tranco match,5
orangeplusbet.com,1,,priority_review,,,,,0,,,,1,17,0,1,1,0,0,3.85216872360328,0,750.0,1,0,1,,,,priority_gambling_review,Contains gambling-related keyword,3
chillybets.com,0,,priority_review,,,,,0,,,,1,14,0,1,1,0,0,3.521640636343318,0,1876.0,1,1,1,,,,priority_gambling_review,Contains gambling-related keyword,3
pisogame.top,0,,needs_review,,,,,0,,,,0,12,0,1,1,0,0,3.2516291673878226,1,46.0,1,0,0,,,,needs_manual_review,No gambling-list match and no Tranco match,5
betway.com,0,1.0,confirmed_gambling,"Block List Project, UT1 Gambling",multi_source,betway.com,"Block List Project, UT1 Gambling",2,,,,1,10,0,1,1,0,0,3.321928094887362,0,8734.0,1,1,1,15985.0,betway.com,exact,confirmed_gambling,Already confirmed by gambling blocklist/manual research,99
wuvq4.com,1,,needs_review,,,,,0,,,,0,9,1,1,1,0,0,3.169925001442312,0,0.0,0,0,0,,,,needs_manual_review,No gambling-list match and no Tranco match,5
mohegansuncasino.com,0,1.0,confirmed_gambling,"Block List Project, UT1 Gambling",multi_source,mohegansuncasino.com,"Block List Project, UT1 Gambling",2,,,,1,20,0,1,1,0,0,3.4464393446710155,0,8132.0,1,1,1,262624.0,mohegansuncasino.com,exact,confirmed_gambling,Already confirmed by gambling blocklist/manual research,99
nj.playstar.com,0,,needs_review,,,,,0,,,,0,15,0,2,2,0,0,3.640223928941852,0,7847.0,1,0,1,704022.0,playstar.com,parent_domain,weak_benign_candidate,Appears in Tranco Top 1M,4
flexiblesport.com,1,,needs_review,,,,,0,,,,0,17,0,1,1,0,0,3.7345216647797512,0,558.0,1,0,1,,,,needs_manual_review,No gambling-list match and no Tranco match,5
amusnetgaming.com,0,1.0,confirmed_gambling,Block List Project,single_source,amusnetgaming.com,Block List Project,1,,,,0,17,0,1,1,0,0,3.4548223999466057,0,4952.0,1,1,1,,,,confirmed_gambling,Already confirmed by gambling blocklist/manual research,99
casinoclassic.co.uk,0,,priority_review,,,,,0,,,,1,19,0,2,2,0,0,3.155565013329719,0,8334.0,1,1,1,,,,priority_gambling_review,Contains gambling-related keyword,3
alibaba66a.online,1,,needs_review,,,,,0,,,,0,17,2,1,1,0,0,3.0286393118385746,1,1538.0,1,0,1,,,,needs_manual_review,No gambling-list match and no Tranco match,5
dapurbet.net,1,,priority_review,,,,,0,,,,1,12,0,1,1,0,0,3.2516291673878226,0,166.0,1,0,1,,,,priority_gambling_review,Contains gambling-related keyword,3
fruitkings.com,0,,needs_review,,,,,0,,,,0,14,0,1,1,0,0,3.664497779200461,0,7465.0,1,1,1,903173.0,fruitkings.com,exact,weak_benign_candidate,Appears in Tranco Top 1M,4
888bingo.com,0,1.0,confirmed_gambling,"Block List Project, UT1 Gambling",multi_source,888bingo.com,"Block List Project, UT1 Gambling",2,,,,0,12,3,1,1,0,0,3.0220552088742005,0,8634.0,1,1,1,,,,confirmed_gambling,Already confirmed by gambling blocklist/manual research,99
dunia11bola.com,1,,needs_review,,,,,0,,,,0,15,2,1,1,0,0,3.506890595608519,0,0.0,0,0,1,,,,needs_manual_review,No gambling-list match and no Tranco match,5
casinomaxx.ph,0,1.0,confirmed_gambling,Block List Project,single_source,casinomaxx.ph,Block List Project,1,,,,1,13,0,1,1,0,0,3.3927474104487847,0,0.0,0,1,1,,,,confirmed_gambling,Already confirmed by gambling blocklist/manual research,99
matchbook.com,0,1.0,confirmed_gambling,"Block List Project, UT1 Gambling",multi_source,matchbook.com,"Block List Project, UT1 Gambling",2,,,,0,13,0,1,1,0,0,3.026986833359288,0,11355.0,1,1,1,192700.0,matchbook.com,exact,confirmed_gambling,Already confirmed by gambling blocklist/manual research,99
casino.betway.com,0,1.0,confirmed_gambling,"Block List Project, UT1 Gambling",multi_source,betway.com,"Block List Project, UT1 Gambling",2,,,,1,17,0,2,2,0,0,3.616874605956222,0,8734.0,1,1,1,15985.0,betway.com,parent_domain,confirmed_gambling,Already confirmed by gambling blocklist/manual research,99
747live.net,1,,needs_review,,,,,0,,,,0,11,3,1,1,0,0,3.095795255000934,0,1666.0,1,0,1,,,,needs_manual_review,No gambling-list match and no Tranco match,5
a9ty.com,1,,needs_review,,,,,0,,,,0,8,1,1,1,0,0,3.0,0,946.0,1,0,1,,,,needs_manual_review,No gambling-list match and no Tranco match,5
postcodelottery.co.uk,0,1.0,confirmed_gambling,Block List Project,single_source,postcodelottery.co.uk,Block List Project,1,,,,0,21,0,2,2,0,0,3.499227541723357,0,8189.0,1,1,1,60248.0,postcodelottery.co.uk,exact,confirmed_gambling,Already confirmed by gambling blocklist/manual research,99
deskace.com,0,,needs_review,,,,,0,,,,0,11,0,1,1,0,0,3.095795255000934,0,2066.0,1,1,1,,,,needs_manual_review,No gambling-list match and no Tranco match,5
365-bets.com,1,,priority_review,,,,,0,,,,1,12,3,2,1,1,0,3.584962500721156,0,372.0,1,0,0,,,,priority_gambling_review,Contains gambling-related keyword,3
okbet.one,0,1.0,confirmed_gambling,Block List Project,single_source,okbet.one,Block List Project,1,,,,1,9,0,1,1,0,0,2.725480556997868,0,1524.0,1,1,1,,,,confirmed_gambling,Already confirmed by gambling blocklist/manual research,99
casino-royal.net,1,,priority_review,,,,,0,,,,1,16,0,2,1,1,0,3.625,0,3192.0,1,0,1,,,,priority_gambling_review,Contains gambling-related keyword,3
genieriches.com,0,,needs_review,,,,,0,,,,0,15,0,1,1,0,0,3.323231428797621,0,1992.0,1,0,1,,,,needs_manual_review,No gambling-list match and no Tranco match,5
nustargame.com.ph,0,,needs_review,,,,,0,,,,0,17,0,2,2,0,0,3.7345216647797512,0,0.0,0,1,1,,,,needs_manual_review,No gambling-list match and no Tranco match,5
slotzy.com,0,1.0,confirmed_gambling,Block List Project,single_source,slotzy.com,Block List Project,1,,,,1,10,0,1,1,0,0,3.1219280948873624,0,7243.0,1,1,1,,,,confirmed_gambling,Already confirmed by gambling blocklist/manual research,99
nj.partycasino.com,0,1.0,confirmed_gambling,"Block List Project, UT1 Gambling",multi_source,partycasino.com,"Block List Project, UT1 Gambling",2,,,,1,18,0,2,2,0,0,3.614369445886757,0,10210.0,1,1,1,30523.0,partycasino.com,parent_domain,confirmed_gambling,Already confirmed by gambling blocklist/manual research,99
747live.asia,1,,needs_review,,,,,0,,,,0,12,3,1,1,0,0,3.084962500721156,0,1510.0,1,0,1,,,,needs_manual_review,No gambling-list match and no Tranco match,5
y9.com,1,,needs_review,,,,,0,,,,0,6,1,1,1,0,0,2.584962500721156,0,10562.0,1,0,1,,,,needs_manual_review,No gambling-list match and no Tranco match,5
win-jackpot-777.vip,1,,priority_review,,,,,0,,,,1,19,3,3,1,1,0,3.6818808028034025,0,0.0,0,0,0,,,,priority_gambling_review,Contains gambling-related keyword,3
canada777.com,1,1.0,confirmed_gambling,Block List Project,single_source,canada777.com,Block List Project,1,,,,1,13,3,1,1,0,0,2.815072410115944,0,2072.0,1,0,1,,,,confirmed_gambling,Already confirmed by gambling blocklist/manual research,99
god55.wiki,1,,needs_review,,,,,0,,,,0,10,2,1,1,0,0,2.9219280948873623,0,0.0,0,1,1,,,,needs_manual_review,No gambling-list match and no Tranco match,5
buenas.site,0,1.0,confirmed_gambling,Block List Project,single_source,buenas.site,Block List Project,1,,,,0,11,0,1,1,0,0,3.095795255000934,1,825.0,1,1,1,,,,confirmed_gambling,Already confirmed by gambling blocklist/manual research,99
richbet.co.uk,0,,priority_review,,,,,0,,,,1,13,0,2,2,0,0,3.3927474104487847,0,821.0,1,0,1,,,,priority_gambling_review,Contains gambling-related keyword,3
msw.ph,0,1.0,confirmed_gambling,Block List Project,single_source,msw.ph,Block List Project,1,,,,0,6,0,1,1,0,0,2.584962500721156,0,0.0,0,1,1,606297.0,msw.ph,exact,confirmed_gambling,Already confirmed by gambling blocklist/manual research,99
elyucasino.com,1,1.0,confirmed_gambling,"Block List Project, UT1 Gambling",multi_source,elyucasino.com,"Block List Project, UT1 Gambling",2,,,,1,14,0,1,1,0,0,3.521640636343318,0,1332.0,1,0,1,,,,confirmed_gambling,Already confirmed by gambling blocklist/manual research,99
luxurycasino.co.uk,0,,priority_review,,,,,0,,,,1,18,0,2,2,0,0,3.5724312513221195,0,4733.0,1,1,1,,,,priority_gambling_review,Contains gambling-related keyword,3
kingspin.co.uk,0,,needs_review,,,,,0,,,,0,14,0,2,2,0,0,3.235926350629033,0,2117.0,1,0,0,,,,needs_manual_review,No gambling-list match and no Tranco match,5
betwin.ph,0,,priority_review,,,,,0,,,,1,9,0,1,1,0,0,3.169925001442312,0,0.0,0,0,0,,,,priority_gambling_review,Contains gambling-related keyword,3
juan365.com,0,1.0,confirmed_gambling,Block List Project,single_source,juan365.com,Block List Project,1,,,,0,11,3,1,1,0,0,3.4594316186372973,0,429.0,1,0,1,9595.0,juan365.com,exact,confirmed_gambling,Already confirmed by gambling blocklist/manual research,99
betwin78.net,1,,priority_review,,,,,0,,,,1,12,2,1,1,0,0,3.084962500721156,0,641.0,1,1,1,,,,priority_gambling_review,Contains gambling-related keyword,3
hawkgaming888.com,0,,needs_review,,,,,0,,,,0,17,3,1,1,0,0,3.4548223999466057,0,953.0,1,0,0,,,,needs_manual_review,No gambling-list match and no Tranco match,5
vegas.betway.com,0,1.0,confirmed_gambling,"Block List Project, UT1 Gambling",multi_source,betway.com,"Block List Project, UT1 Gambling",2,,,,1,16,0,2,2,0,0,3.625,0,8734.0,1,1,1,15985.0,betway.com,parent_domain,confirmed_gambling,Already confirmed by gambling blocklist/manual research,99
ps88.com,0,1.0,confirmed_gambling,Block List Project,single_source,ps88.com,Block List Project,1,,,,0,8,2,1,1,0,0,2.75,0,4615.0,1,1,1,,,,confirmed_gambling,Already confirmed by gambling blocklist/manual research,99
bbet.ph,0,,priority_review,,,,,0,,,,1,7,0,1,1,0,0,2.521640636343318,0,0.0,0,0,1,,,,priority_gambling_review,Contains gambling-related keyword,3
sg8.zone,0,1.0,confirmed_gambling,Block List Project,single_source,sg8.zone,Block List Project,1,,,,0,8,1,1,1,0,0,3.0,0,0.0,0,1,1,,,,confirmed_gambling,Already confirmed by gambling blocklist/manual research,99
wownumero.ph,0,,needs_review,,,,,0,,,,0,12,0,1,1,0,0,3.2516291673878226,0,0.0,0,1,1,,,,needs_manual_review,No gambling-list match and no Tranco match,5
buffalospins.com,0,1.0,confirmed_gambling,Block List Project,single_source,buffalospins.com,Block List Project,1,,,,0,16,0,1,1,0,0,3.625,0,1940.0,1,0,1,,,,confirmed_gambling,Already confirmed by gambling blocklist/manual research,99
casino-free-365.click,1,,priority_review,,,,,0,,,,1,21,3,3,1,1,0,3.880179922675738,0,0.0,0,0,0,,,,priority_gambling_review,Contains gambling-related keyword,3
api.pin77.com,0,1.0,confirmed_gambling,Block List Project,single_source,pin77.com,Block List Project,1,,,,0,13,2,2,2,0,0,3.0850551027564768,0,2135.0,1,1,1,,,,confirmed_gambling,Already confirmed by gambling blocklist/manual research,99
mrplay.com,0,1.0,confirmed_gambling,Block List Project,single_source,mrplay.com,Block List Project,1,,,,0,10,0,1,1,0,0,3.1219280948873624,0,6361.0,1,0,1,329541.0,mrplay.com,exact,confirmed_gambling,Already confirmed by gambling blocklist/manual research,99
sportybetgift.weebly.com,1,,priority_review,,,,,0,,,,1,24,0,2,2,0,0,3.8553885422075336,0,7319.0,1,0,0,344.0,weebly.com,parent_domain,priority_gambling_review,Contains gambling-related keyword,3
pinkcasino.co.uk,0,1.0,confirmed_gambling,"Block List Project, UT1 Gambling",multi_source,pinkcasino.co.uk,"Block List Project, UT1 Gambling",2,,,,1,16,0,2,2,0,0,3.25,0,5905.0,1,1,1,282438.0,pinkcasino.co.uk,exact,confirmed_gambling,Already confirmed by gambling blocklist/manual research,99
sportybetadder8jxx6.weebly.com,1,,priority_review,,,,,0,,,,1,30,2,2,2,0,0,4.106890595608519,0,7319.0,1,1,1,344.0,weebly.com,parent_domain,priority_gambling_review,Contains gambling-related keyword,3
peachygames.com,0,1.0,confirmed_gambling,"Block List Project, UT1 Gambling",multi_source,peachygames.com,"Block List Project, UT1 Gambling",2,,,,0,15,0,1,1,0,0,3.373557262275185,0,5196.0,1,1,1,613893.0,peachygames.com,exact,confirmed_gambling,Already confirmed by gambling blocklist/manual research,99
ob9sg.com,1,1.0,confirmed_gambling,Block List Project,single_source,ob9sg.com,Block List Project,1,,,,0,9,1,1,1,0,0,2.94770277922009,0,0.0,0,0,1,,,,confirmed_gambling,Already confirmed by gambling blocklist/manual research,99
inplay.1play.ph,0,,needs_review,,,,,0,,,,0,15,1,2,2,0,0,3.056564762130954,0,0.0,0,1,1,,,,needs_manual_review,No gambling-list match and no Tranco match,5
apricot.co.im,0,1.0,confirmed_gambling,Block List Project,single_source,apricot.co.im,Block List Project,1,,,,0,13,0,2,2,0,0,3.0850551027564768,0,0.0,0,1,1,,,,confirmed_gambling,Already confirmed by gambling blocklist/manual research,99
sportbetng247.weebly.com,1,,priority_review,,,,,0,,,,1,24,3,2,2,0,0,4.053508854797678,0,7319.0,1,0,0,344.0,weebly.com,parent_domain,priority_gambling_review,Contains gambling-related keyword,3
sportbetadderapk.weebly.com,1,,priority_review,,,,,0,,,,1,27,0,2,2,0,0,3.8659986132745794,0,7319.0,1,0,0,344.0,weebly.com,parent_domain,priority_gambling_review,Contains gambling-related keyword,3
placebet.co.uk,0,1.0,confirmed_gambling,Block List Project,single_source,placebet.co.uk,Block List Project,1,,,,1,14,0,2,2,0,0,3.378783493486176,0,8034.0,1,1,1,,,,confirmed_gambling,Already confirmed by gambling blocklist/manual research,99
texasplus.ph,0,,needs_review,,,,,0,,,,0,12,0,1,1,0,0,3.2516291673878226,0,0.0,0,0,0,,,,needs_manual_review,No gambling-list match and no Tranco match,5
fbmcasino.ph,0,,priority_review,,,,,0,,,,1,12,0,1,1,0,0,3.584962500721156,0,0.0,0,1,1,,,,priority_gambling_review,Contains gambling-related keyword,3
slotskingdom.co.uk,0,1.0,confirmed_gambling,Block List Project,single_source,slotskingdom.co.uk,Block List Project,1,,,,1,18,0,2,2,0,0,3.5724312513221195,0,3344.0,1,1,1,,,,confirmed_gambling,Already confirmed by gambling blocklist/manual research,99
bet365virtual.com,1,,priority_review,,,,,0,,,,1,17,3,1,1,0,0,3.9698157824268097,0,2071.0,1,0,1,,,,priority_gambling_review,Contains gambling-related keyword,3
dogobet.com,1,1.0,confirmed_gambling,Block List Project,single_source,dogobet.com,Block List Project,1,,,,1,11,0,1,1,0,0,3.0271691184406184,0,2592.0,1,0,1,,,,confirmed_gambling,Already confirmed by gambling blocklist/manual research,99
okbet.link,0,1.0,confirmed_gambling,Block List Project,single_source,okbet.link,Block List Project,1,,,,1,10,0,1,1,0,0,3.1219280948873624,0,1512.0,1,1,1,,,,confirmed_gambling,Already confirmed by gambling blocklist/manual research,99
ommer-automaten.nl,1,,needs_review,,,,,0,,,,0,18,0,2,1,1,0,3.350209029099897,0,1006.0,1,0,1,,,,needs_manual_review,No gambling-list match and no Tranco match,5
maximalwins.com,1,1.0,confirmed_gambling,Block List Project,single_source,maximalwins.com,Block List Project,1,,,,1,15,0,1,1,0,0,3.323231428797621,0,2020.0,1,1,1,,,,confirmed_gambling,Already confirmed by gambling blocklist/manual research,99
play.bingoplus.com,0,1.0,confirmed_gambling,Block List Project,single_source,bingoplus.com,Block List Project,1,,,,0,18,0,2,2,0,0,3.725480556997868,0,8407.0,1,1,1,1591.0,bingoplus.com,parent_domain,confirmed_gambling,Already confirmed by gambling blocklist/manual research,99
okgames.ph,0,1.0,confirmed_gambling,Block List Project,single_source,okgames.ph,Block List Project,1,,,,0,10,0,1,1,0,0,3.321928094887362,0,0.0,0,1,1,816630.0,okgames.ph,exact,confirmed_gambling,Already confirmed by gambling blocklist/manual research,99
egamescasino.ph,0,1.0,confirmed_gambling,Block List Project,single_source,egamescasino.ph,Block List Project,1,,,,1,15,0,1,1,0,0,3.506890595608519,0,0.0,0,1,1,747344.0,egamescasino.ph,exact,confirmed_gambling,Already confirmed by gambling blocklist/manual research,99
ph.747live.com,0,,needs_review,,,,,0,,,,0,14,3,2,2,0,0,3.521640636343318,0,4631.0,1,1,1,,,,needs_manual_review,No gambling-list match and no Tranco match,5
24bettle.com,0,1.0,confirmed_gambling,Block List Project,single_source,24bettle.com,Block List Project,1,,,,1,12,2,1,1,0,0,3.2516291673878226,0,3929.0,1,0,1,,,,confirmed_gambling,Already confirmed by gambling blocklist/manual research,99
ecasino.mgame.ph,0,,priority_review,,,,,0,,,,1,16,0,2,2,0,0,3.5,0,0.0,0,0,1,,,,priority_gambling_review,Contains gambling-related keyword,3
okbet.help,0,1.0,confirmed_gambling,Block List Project,single_source,okbet.help,Block List Project,1,,,,1,10,0,1,1,0,0,3.1219280948873624,0,1511.0,1,1,1,,,,confirmed_gambling,Already confirmed by gambling blocklist/manual research,99
karera.live,0,,needs_review,,,,,0,,,,0,11,0,1,1,0,0,2.913977073182752,0,0.0,0,1,1,,,,needs_manual_review,No gambling-list match and no Tranco match,5
sportybetoddlink.weebly.com,1,,priority_review,,,,,0,,,,1,27,0,2,2,0,0,3.9582291686698783,0,7319.0,1,0,1,344.0,weebly.com,parent_domain,priority_gambling_review,Contains gambling-related keyword,3
slotpony.com,0,1.0,confirmed_gambling,Block List Project,single_source,slotpony.com,Block List Project,1,,,,1,12,0,1,1,0,0,3.188721875540867,0,731.0,1,1,1,,,,confirmed_gambling,Already confirmed by gambling blocklist/manual research,99
dinamitbet,1,,priority_review,,,,,0,,,,1,10,0,0,0,0,0,2.9219280948873623,0,0.0,0,0,0,,,,priority_gambling_review,Contains gambling-related keyword,3
justwow.com,0,,needs_review,,,,,0,,,,0,11,0,1,1,0,0,3.095795255000934,0,8557.0,1,1,1,,,,needs_manual_review,No gambling-list match and no Tranco match,5
mrluck.com,0,1.0,confirmed_gambling,Block List Project,single_source,mrluck.com,Block List Project,1,,,,0,10,0,1,1,0,0,2.9219280948873623,0,7742.0,1,1,1,,,,confirmed_gambling,Already confirmed by gambling blocklist/manual research,99
hpbet.com,0,1.0,confirmed_gambling,Block List Project,single_source,hpbet.com,Block List Project,1,,,,1,9,0,1,1,0,0,3.169925001442312,0,3724.0,1,0,1,,,,confirmed_gambling,Already confirmed by gambling blocklist/manual research,99
cashking8.net,1,,needs_review,,,,,0,,,,0,13,1,1,1,0,0,3.546593564294939,0,0.0,0,0,1,,,,needs_manual_review,No gambling-list match and no Tranco match,5
tournaverse.com,0,,needs_review,,,,,0,,,,0,15,0,1,1,0,0,3.506890595608519,0,2025.0,1,0,1,,,,needs_manual_review,No gambling-list match and no Tranco match,5
arenaplus.net,0,1.0,confirmed_gambling,Block List Project,single_source,arenaplus.net,Block List Project,1,,,,0,13,0,1,1,0,0,3.238901256602631,0,1263.0,1,1,1,869546.0,arenaplus.net,exact,confirmed_gambling,Already confirmed by gambling blocklist/manual research,99
rrbet.com,1,1.0,confirmed_gambling,Block List Project,single_source,rrbet.com,Block List Project,1,,,,1,9,0,1,1,0,0,2.94770277922009,0,5505.0,1,1,1,828320.0,rrbet.com,exact,confirmed_gambling,Already confirmed by gambling blocklist/manual research,99
combowin.ph,0,,priority_review,,,,,0,,,,1,11,0,1,1,0,0,3.277613436819116,0,0.0,0,0,0,,,,priority_gambling_review,Contains gambling-related keyword,3
debet.moi,1,1.0,confirmed_gambling,Block List Project,single_source,debet.moi,Block List Project,1,,,,1,9,0,1,1,0,0,2.94770277922009,0,0.0,0,1,1,,,,confirmed_gambling,Already confirmed by gambling blocklist/manual research,99
crazywin.ph,0,1.0,confirmed_gambling,Block List Project,single_source,crazywin.ph,Block List Project,1,,,,1,11,0,1,1,0,0,3.4594316186372973,0,0.0,0,1,1,,,,confirmed_gambling,Already confirmed by gambling blocklist/manual research,99
1xbetloan.weebly.com,1,,priority_review,,,,,0,,,,1,20,1,2,2,0,0,3.684183719779189,0,7319.0,1,0,0,344.0,weebly.com,parent_domain,priority_gambling_review,Contains gambling-related keyword,3
luckybet155,1,,priority_review,,,,,0,,,,1,11,3,0,0,0,0,3.277613436819116,0,0.0,0,0,0,,,,priority_gambling_review,Contains gambling-related keyword,3
lotpetir500.net,1,,needs_review,,,,,0,,,,0,15,3,1,1,0,0,3.323231428797621,0,0.0,0,0,1,,,,needs_manual_review,No gambling-list match and no Tranco match,5
phlove.org,1,,needs_review,,,,,0,,,,0,10,0,1,1,0,0,3.1219280948873624,0,787.0,1,0,1,,,,needs_manual_review,No gambling-list match and no Tranco match,5
747live.club,1,,needs_review,,,,,0,,,,0,12,3,1,1,0,0,3.2516291673878226,1,1510.0,1,0,1,,,,needs_manual_review,No gambling-list match and no Tranco match,5
kingcasino.ph,0,,priority_review,,,,,0,,,,1,13,0,1,1,0,0,3.3927474104487847,0,0.0,0,0,1,,,,priority_gambling_review,Contains gambling-related keyword,3
gt01.net,1,,needs_review,,,,,0,,,,0,8,2,1,1,0,0,2.75,0,0.0,0,0,0,,,,needs_manual_review,No gambling-list match and no Tranco match,5
betg366.start.page,1,,priority_review,,,,,0,,,,1,18,3,2,2,0,0,3.350209029099897,0,0.0,0,0,0,99169.0,start.page,parent_domain,priority_gambling_review,Contains gambling-related keyword,3
dragonbet.co.uk,0,1.0,confirmed_gambling,"Block List Project, UT1 Gambling",multi_source,dragonbet.co.uk,"Block List Project, UT1 Gambling",2,,,,1,15,0,2,2,0,0,3.640223928941852,0,1840.0,1,0,1,582372.0,dragonbet.co.uk,exact,confirmed_gambling,Already confirmed by gambling blocklist/manual research,99
casino-bonus-365.top,1,,priority_review,,,,,0,,,,1,20,3,3,1,1,0,3.784183719779189,1,0.0,0,0,0,,,,priority_gambling_review,Contains gambling-related keyword,3
bet88.io,0,,priority_review,,,,,0,,,,1,8,2,1,1,0,0,2.75,0,1397.0,1,0,1,,,,priority_gambling_review,Contains gambling-related keyword,3
diamond-777.com,1,1.0,confirmed_gambling,Block List Project,single_source,diamond-777.com,Block List Project,1,,,,1,15,3,2,1,1,0,3.1898980954642875,0,1865.0,1,1,1,,,,confirmed_gambling,Already confirmed by gambling blocklist/manual research,99
s5vip.ph,0,,needs_review,,,,,0,,,,0,8,1,1,1,0,0,2.75,0,0.0,0,1,1,,,,needs_manual_review,No gambling-list match and no Tranco match,5
batumcasino1.com,1,1.0,confirmed_gambling,Block List Project,single_source,batumcasino1.com,Block List Project,1,,,,1,16,1,1,1,0,0,3.5,0,0.0,0,0,1,,,,confirmed_gambling,Already confirmed by gambling blocklist/manual research,99
koboy789.me,1,,needs_review,,,,,0,,,,0,11,3,1,1,0,0,3.277613436819116,0,0.0,0,0,0,,,,needs_manual_review,No gambling-list match and no Tranco match,5
bangbet.weebly.com,1,,priority_review,,,,,0,,,,1,18,0,2,2,0,0,3.530493056757482,0,7319.0,1,0,0,344.0,weebly.com,parent_domain,priority_gambling_review,Contains gambling-related keyword,3
luckster.com,0,1.0,confirmed_gambling,Block List Project,single_source,luckster.com,Block List Project,1,,,,0,12,0,1,1,0,0,3.4182958340544896,0,9234.0,1,1,1,,,,confirmed_gambling,Already confirmed by gambling blocklist/manual research,99
888sport.com,0,1.0,confirmed_gambling,"Block List Project, UT1 Gambling",multi_source,888sport.com,"Block List Project, UT1 Gambling",2,,,,0,12,3,1,1,0,0,3.0220552088742005,0,7785.0,1,1,1,45177.0,888sport.com,exact,confirmed_gambling,Already confirmed by gambling blocklist/manual research,99
aussie-bet33.com,1,1.0,confirmed_gambling,Block List Project,single_source,aussie-bet33.com,Block List Project,1,,,,1,16,2,2,1,1,0,3.625,0,87.0,1,1,1,,,,confirmed_gambling,Already confirmed by gambling blocklist/manual research,99
888amd.com,1,,needs_review,,,,,0,,,,0,10,3,1,1,0,0,2.646439344671016,0,249.0,1,1,1,,,,needs_manual_review,No gambling-list match and no Tranco match,5
hawkgaming.com.ph,0,,needs_review,,,,,0,,,,0,17,0,2,2,0,0,3.4992275471326924,0,0.0,0,0,0,,,,needs_manual_review,No gambling-list match and no Tranco match,5
nustarmax.com,0,1.0,confirmed_gambling,Block List Project,single_source,nustarmax.com,Block List Project,1,,,,0,13,0,1,1,0,0,3.3927474104487847,0,764.0,1,1,1,,,,confirmed_gambling,Already confirmed by gambling blocklist/manual research,99
lucky-casino.co,1,1.0,confirmed_gambling,Block List Project,single_source,lucky-casino.co,Block List Project,1,,,,1,15,0,2,1,1,0,3.456564762130954,0,0.0,0,1,1,,,,confirmed_gambling,Already confirmed by gambling blocklist/manual research,99
betnet9,1,,priority_review,,,,,0,,,,1,7,1,0,0,0,0,2.235926350629033,0,0.0,0,0,0,,,,priority_gambling_review,Contains gambling-related keyword,3
a66.today,1,,needs_review,,,,,0,,,,0,9,2,1,1,0,0,2.725480556997868,0,0.0,0,0,1,,,,needs_manual_review,No gambling-list match and no Tranco match,5
cosmiccasino.org,1,1.0,confirmed_gambling,Block List Project,single_source,cosmiccasino.org,Block List Project,1,,,,1,16,0,1,1,0,0,3.1556390622295662,0,5148.0,1,1,1,,,,confirmed_gambling,Already confirmed by gambling blocklist/manual research,99
uni99.com,1,,needs_review,,,,,0,,,,0,9,2,1,1,0,0,2.94770277922009,0,5876.0,1,0,1,,,,needs_manual_review,No gambling-list match and no Tranco match,5
super8r.com,1,,needs_review,,,,,0,,,,0,11,1,1,1,0,0,3.277613436819116,0,516.0,1,0,1,,,,needs_manual_review,No gambling-list match and no Tranco match,5
ey6dmx.com,1,,needs_review,,,,,0,,,,0,10,1,1,1,0,0,3.1219280948873624,0,0.0,0,1,1,,,,needs_manual_review,No gambling-list match and no Tranco match,5
bppoker.net,0,1.0,confirmed_gambling,Block List Project,single_source,bppoker.net,Block List Project,1,,,,0,11,0,1,1,0,0,3.095795255000934,0,793.0,1,0,0,,,,confirmed_gambling,Already confirmed by gambling blocklist/manual research,99
novalink.com.ph,0,,needs_review,,,,,0,,,,0,15,0,2,2,0,0,3.506890595608519,0,0.0,0,1,1,,,,needs_manual_review,No gambling-list match and no Tranco match,5
747live.biz,1,,needs_review,,,,,0,,,,0,11,3,1,1,0,0,3.095795255000934,0,1510.0,1,0,1,,,,needs_manual_review,No gambling-list match and no Tranco match,5
nj.betparx.com,0,1.0,confirmed_gambling,Block List Project,single_source,betparx.com,Block List Project,1,,,,1,14,0,2,2,0,0,3.664497779200461,0,3345.0,1,0,1,654434.0,betparx.com,parent_domain,confirmed_gambling,Already confirmed by gambling blocklist/manual research,99
fruits4real.com,0,1.0,confirmed_gambling,Block List Project,single_source,fruits4real.com,Block List Project,1,,,,0,15,1,1,1,0,0,3.773557262275186,0,5231.0,1,0,1,,,,confirmed_gambling,Already confirmed by gambling blocklist/manual research,99
amusnet.nl,0,,needs_review,,,,,0,,,,0,10,0,1,1,0,0,3.1219280948873624,0,1087.0,1,1,1,,,,needs_manual_review,No gambling-list match and no Tranco match,5
efesbet259.com,1,,priority_review,,,,,0,,,,1,14,3,1,1,0,0,3.4677201004745,0,0.0,0,0,1,,,,priority_gambling_review,Contains gambling-related keyword,3
tombola.co.uk,0,1.0,confirmed_gambling,Block List Project,single_source,tombola.co.uk,Block List Project,1,,,,0,13,0,2,2,0,0,3.180832987205441,0,9673.0,1,1,1,57489.0,tombola.co.uk,exact,confirmed_gambling,Already confirmed by gambling blocklist/manual research,99
sg8.casino,0,1.0,confirmed_gambling,Block List Project,single_source,sg8.casino,Block List Project,1,,,,1,10,1,1,1,0,0,3.1219280948873624,0,0.0,0,0,1,81399.0,sg8.casino,exact,confirmed_gambling,Already confirmed by gambling blocklist/manual research,99
casino-europa.eu,1,,priority_review,,,,,0,,,,1,16,0,2,1,1,0,3.5,0,0.0,0,1,1,,,,priority_gambling_review,Contains gambling-related keyword,3
bybet.app,0,,priority_review,,,,,0,,,,1,9,0,1,1,0,0,2.725480556997868,0,0.0,0,1,1,,,,priority_gambling_review,Contains gambling-related keyword,3
bppoker.app,0,1.0,confirmed_gambling,Block List Project,single_source,bppoker.app,Block List Project,1,,,,0,11,0,1,1,0,0,2.7321588913645702,0,0.0,0,0,0,,,,confirmed_gambling,Already confirmed by gambling blocklist/manual research,99
axwin.ie,0,,priority_review,,,,,0,,,,1,8,0,1,1,0,0,2.75,0,978.0,1,1,1,,,,priority_gambling_review,Contains gambling-related keyword,3
lotus365.com,1,,needs_review,,,,,0,,,,0,12,3,1,1,0,0,3.4182958340544896,0,1573.0,1,1,1,,,,needs_manual_review,No gambling-list match and no Tranco match,5
kingjackpot.co.uk,0,,priority_review,,,,,0,,,,1,17,0,2,2,0,0,3.4548223999466057,0,7076.0,1,1,1,,,,priority_gambling_review,Contains gambling-related keyword,3
lakigames.com,0,,needs_review,,,,,0,,,,0,13,0,1,1,0,0,3.3927474104487847,0,749.0,1,1,1,,,,needs_manual_review,No gambling-list match and no Tranco match,5
redbusbingo.com,0,1.0,confirmed_gambling,"Block List Project, UT1 Gambling",multi_source,redbusbingo.com,"Block List Project, UT1 Gambling",2,,,,0,15,0,1,1,0,0,3.640223928941852,0,7306.0,1,1,1,,,,confirmed_gambling,Already confirmed by gambling blocklist/manual research,99
rapidcasino.com,0,1.0,confirmed_gambling,Block List Project,single_source,rapidcasino.com,Block List Project,1,,,,1,15,0,1,1,0,0,3.373557262275185,0,8435.0,1,0,1,,,,confirmed_gambling,Already confirmed by gambling blocklist/manual research,99
wagerstreet.net,1,,needs_review,,,,,0,,,,0,15,0,1,1,0,0,2.923231428797621,0,649.0,1,1,1,,,,needs_manual_review,No gambling-list match and no Tranco match,5
baffalo39a.com,1,,needs_review,,,,,0,,,,0,14,2,1,1,0,0,3.1820058147602133,0,0.0,0,0,1,,,,needs_manual_review,No gambling-list match and no Tranco match,5
lavbet321.com,1,,priority_review,,,,,0,,,,1,13,3,1,1,0,0,3.7004397181410926,0,156.0,1,0,0,,,,priority_gambling_review,Contains gambling-related keyword,3
nagacash9b.beauty,1,,needs_review,,,,,0,,,,0,17,1,1,1,0,0,3.4992275471326924,0,411.0,1,0,0,,,,needs_manual_review,No gambling-list match and no Tranco match,5
devrebet71.com,1,,priority_review,,,,,0,,,,1,14,2,1,1,0,0,3.4677201004745,0,0.0,0,0,1,,,,priority_gambling_review,Contains gambling-related keyword,3
ebingo.mgame.ph,0,,needs_review,,,,,0,,,,0,15,0,2,2,0,0,3.373557262275185,0,0.0,0,0,1,,,,needs_manual_review,No gambling-list match and no Tranco match,5
kaiyun sports,1,,needs_review,,,,,0,,,,0,13,0,1,0,0,0,3.546593564294939,0,0.0,0,0,0,,,,needs_manual_review,No gambling-list match and no Tranco match,5
win-login-888.vip,1,,priority_review,,,,,0,,,,1,17,3,3,1,1,0,3.29277019393699,0,0.0,0,0,0,,,,priority_gambling_review,Contains gambling-related keyword,3
nustaronline.vip,0,1.0,confirmed_gambling,Block List Project,single_source,nustaronline.vip,Block List Project,1,,,,0,16,0,1,1,0,0,3.577819531114783,0,563.0,1,1,1,,,,confirmed_gambling,Already confirmed by gambling blocklist/manual research,99
betmaster.ie,0,1.0,confirmed_gambling,Block List Project,single_source,betmaster.ie,Block List Project,1,,,,1,12,0,1,1,0,0,3.0220552088742005,0,1724.0,1,1,1,616215.0,betmaster.ie,exact,confirmed_gambling,Already confirmed by gambling blocklist/manual research,99
jabrixtogel.com,1,,needs_review,,,,,0,,,,0,15,0,1,1,0,0,3.773557262275186,0,149.0,1,0,1,,,,needs_manual_review,No gambling-list match and no Tranco match,5
jumpalagi666.com,1,,needs_review,,,,,0,,,,0,16,3,1,1,0,0,3.452819531114783,0,652.0,1,0,1,,,,needs_manual_review,No gambling-list match and no Tranco match,5
djarum89.me,1,,needs_review,,,,,0,,,,0,11,2,1,1,0,0,3.277613436819116,0,0.0,0,0,1,,,,needs_manual_review,No gambling-list match and no Tranco match,5
bet55.com,1,1.0,confirmed_gambling,Block List Project,single_source,bet55.com,Block List Project,1,,,,1,9,2,1,1,0,0,2.94770277922009,0,405.0,1,1,1,,,,confirmed_gambling,Already confirmed by gambling blocklist/manual research,99
poker-verify-777.site,1,,priority_review,,,,,0,,,,1,21,3,3,1,1,0,3.6537567082870015,1,0.0,0,0,0,,,,priority_gambling_review,Contains gambling-related keyword,3
buenas.ph,0,1.0,confirmed_gambling,Block List Project,single_source,buenas.ph,Block List Project,1,,,,0,9,0,1,1,0,0,3.169925001442312,0,0.0,0,1,1,199488.0,buenas.ph,exact,confirmed_gambling,Already confirmed by gambling blocklist/manual research,99
918sse.com,1,,needs_review,,,,,0,,,,0,10,3,1,1,0,0,3.1219280948873624,0,333.0,1,0,1,,,,needs_manual_review,No gambling-list match and no Tranco match,5
777pub.org,1,,priority_review,,,,,0,,,,1,10,3,1,1,0,0,2.8464393446710154,0,1388.0,1,0,1,,,,priority_gambling_review,Contains gambling-related keyword,3
ggpanalo.com,0,1.0,confirmed_gambling,Block List Project,single_source,ggpanalo.com,Block List Project,1,,,,0,12,0,1,1,0,0,3.084962500721156,0,309.0,1,1,1,86242.0,ggpanalo.com,exact,confirmed_gambling,Already confirmed by gambling blocklist/manual research,99
fun-88.in,1,,needs_review,,,,,0,,,,0,9,2,2,1,1,0,2.725480556997868,0,1262.0,1,0,0,,,,needs_manual_review,No gambling-list match and no Tranco match,5
pin77.ph,0,,needs_review,,,,,0,,,,0,8,2,1,1,0,0,2.5,0,0.0,0,1,1,,,,needs_manual_review,No gambling-list match and no Tranco match,5
megabahis.com,1,,needs_review,,,,,0,,,,0,13,0,1,1,0,0,3.3927474104487847,0,8694.0,1,1,1,,,,needs_manual_review,No gambling-list match and no Tranco match,5
okgames.com,0,1.0,confirmed_gambling,Block List Project,single_source,okgames.com,Block List Project,1,,,,0,11,0,1,1,0,0,3.095795255000934,0,8326.0,1,1,1,,,,confirmed_gambling,Already confirmed by gambling blocklist/manual research,99
ilotbetzipeg1li2itch.weebly.com,1,,priority_review,,,,,0,,,,1,31,2,2,2,0,0,3.873235826376329,0,7319.0,1,0,1,344.0,weebly.com,parent_domain,priority_gambling_review,Contains gambling-related keyword,3
onbet111.com,1,1.0,confirmed_gambling,Block List Project,single_source,onbet111.com,Block List Project,1,,,,1,12,3,1,1,0,0,3.0220552088742005,0,1502.0,1,1,1,,,,confirmed_gambling,Already confirmed by gambling blocklist/manual research,99
casino-888.club,1,,priority_review,,,,,0,,,,1,15,3,2,1,1,0,3.456564762130954,1,1594.0,1,1,1,,,,priority_gambling_review,Contains gambling-related keyword,3
slamz.com,0,1.0,confirmed_gambling,Block List Project,single_source,slamz.com,Block List Project,1,,,,0,9,0,1,1,0,0,2.94770277922009,0,7850.0,1,1,1,,,,confirmed_gambling,Already confirmed by gambling blocklist/manual research,99
dreamjackpot.com,0,1.0,confirmed_gambling,Block List Project,single_source,dreamjackpot.com,Block List Project,1,,,,1,16,0,1,1,0,0,3.5,0,3832.0,1,0,1,571009.0,dreamjackpot.com,exact,confirmed_gambling,Already confirmed by gambling blocklist/manual research,99
betperial32.com,1,,priority_review,,,,,0,,,,1,15,2,1,1,0,0,3.773557262275186,0,0.0,0,0,1,,,,priority_gambling_review,Contains gambling-related keyword,3
play-azart.com,1,,needs_review,,,,,0,,,,0,14,0,2,1,1,0,3.4677201004745,0,0.0,0,0,0,,,,needs_manual_review,No gambling-list match and no Tranco match,5
betscore24.com,1,1.0,confirmed_gambling,Block List Project,single_source,betscore24.com,Block List Project,1,,,,1,14,2,1,1,0,0,3.378783493486176,0,0.0,0,1,1,,,,confirmed_gambling,Already confirmed by gambling blocklist/manual research,99
quickbet.co.uk,0,,priority_review,,,,,0,,,,1,14,0,2,2,0,0,3.235926350629033,0,3477.0,1,1,1,,,,priority_gambling_review,Contains gambling-related keyword,3
rbvn08.com,1,1.0,confirmed_gambling,Block List Project,single_source,rbvn08.com,Block List Project,1,,,,0,10,2,1,1,0,0,3.321928094887362,0,1354.0,1,1,1,,,,confirmed_gambling,Already confirmed by gambling blocklist/manual research,99
gzone.ph,0,1.0,confirmed_gambling,Block List Project,single_source,gzone.ph,Block List Project,1,,,,0,8,0,1,1,0,0,3.0,0,0.0,0,1,1,8960.0,gzone.ph,exact,confirmed_gambling,Already confirmed by gambling blocklist/manual research,99
bahisnov,1,,needs_review,,,,,0,,,,0,8,0,0,0,0,0,3.0,0,0.0,0,0,0,,,,needs_manual_review,No gambling-list match and no Tranco match,5
buffalo39,1,,needs_review,,,,,0,,,,0,9,2,0,0,0,0,2.94770277922009,0,0.0,0,0,0,,,,needs_manual_review,No gambling-list match and no Tranco match,5
thepokies.net,1,1.0,confirmed_gambling,Block List Project,single_source,thepokies.net,Block List Project,1,,,,0,13,0,1,1,0,0,3.180832987205441,0,1722.0,1,1,1,,,,confirmed_gambling,Already confirmed by gambling blocklist/manual research,99
rembrandtcasino.com,0,1.0,confirmed_gambling,Block List Project,single_source,rembrandtcasino.com,Block List Project,1,,,,1,19,0,1,1,0,0,3.616348566075165,0,5483.0,1,1,1,,,,confirmed_gambling,Already confirmed by gambling blocklist/manual research,99
bilamng.ph,1,,needs_review,,,,,0,,,,0,10,0,1,1,0,0,3.321928094887362,0,0.0,0,0,1,,,,needs_manual_review,No gambling-list match and no Tranco match,5
c1al9.com,1,,needs_review,,,,,0,,,,0,9,2,1,1,0,0,2.94770277922009,0,717.0,1,1,1,,,,needs_manual_review,No gambling-list match and no Tranco match,5
bet66.in,1,,priority_review,,,,,0,,,,1,8,2,1,1,0,0,2.75,0,1550.0,1,1,1,,,,priority_gambling_review,Contains gambling-related keyword,3
winzir.com.ph,0,1.0,confirmed_gambling,Block List Project,single_source,winzir.com.ph,Block List Project,1,,,,1,13,0,2,2,0,0,3.3927474104487847,0,0.0,0,1,1,,,,confirmed_gambling,Already confirmed by gambling blocklist/manual research,99
djarumsoccer.com,1,,needs_review,,,,,0,,,,0,16,0,1,1,0,0,3.327819531114783,0,1871.0,1,0,1,,,,needs_manual_review,No gambling-list match and no Tranco match,5
luckyvegas.com,0,1.0,confirmed_gambling,Block List Project,single_source,luckyvegas.com,Block List Project,1,,,,0,14,0,1,1,0,0,3.664497779200461,0,10312.0,1,0,1,,,,confirmed_gambling,Already confirmed by gambling blocklist/manual research,99
gj99.online,1,,needs_review,,,,,0,,,,0,11,2,1,1,0,0,3.095795255000934,1,388.0,1,0,1,,,,needs_manual_review,No gambling-list match and no Tranco match,5
fun88,1,,needs_review,,,,,0,,,,0,5,2,0,0,0,0,1.9219280948873625,0,0.0,0,0,0,,,,needs_manual_review,No gambling-list match and no Tranco match,5
kajotgames.com,0,1.0,confirmed_gambling,Block List Project,single_source,kajotgames.com,Block List Project,1,,,,0,14,0,1,1,0,0,3.378783493486176,0,5457.0,1,1,1,617998.0,kajotgames.com,exact,confirmed_gambling,Already confirmed by gambling blocklist/manual research,99
chamba77.com,0,,needs_review,,,,,0,,,,0,12,2,1,1,0,0,2.918295834054489,0,0.0,0,0,0,,,,needs_manual_review,No gambling-list match and no Tranco match,5
redcasino.com,0,1.0,confirmed_gambling,"Block List Project, UT1 Gambling",multi_source,redcasino.com,"Block List Project, UT1 Gambling",2,,,,1,13,0,1,1,0,0,3.3927474104487847,0,9609.0,1,0,1,677306.0,redcasino.com,exact,confirmed_gambling,Already confirmed by gambling blocklist/manual research,99
arrise.com,0,,needs_review,,,,,0,,,,0,10,0,1,1,0,0,3.1219280948873624,0,9362.0,1,0,1,,,,needs_manual_review,No gambling-list match and no Tranco match,5
wowspin.ph,0,,needs_review,,,,,0,,,,0,10,0,1,1,0,0,2.9219280948873623,0,0.0,0,1,1,,,,needs_manual_review,No gambling-list match and no Tranco match,5
php777.com,0,,priority_review,,,,,0,,,,1,10,3,1,1,0,0,2.646439344671016,0,3700.0,1,0,1,,,,priority_gambling_review,Contains gambling-related keyword,3
casino1bet.online,1,,priority_review,,,,,0,,,,1,17,1,1,1,0,0,3.4548223999466057,1,442.0,1,0,0,,,,priority_gambling_review,Contains gambling-related keyword,3
casino.fanduel.com,0,1.0,confirmed_gambling,"Block List Project, UT1 Gambling",multi_source,fanduel.com,"Block List Project, UT1 Gambling",2,,,,1,18,0,2,2,0,0,3.614369445886757,0,6205.0,1,1,1,2518.0,fanduel.com,parent_domain,confirmed_gambling,Already confirmed by gambling blocklist/manual research,99
richmoose.com,0,1.0,confirmed_gambling,Block List Project,single_source,richmoose.com,Block List Project,1,,,,0,13,0,1,1,0,0,3.026986833359288,0,583.0,1,1,1,,,,confirmed_gambling,Already confirmed by gambling blocklist/manual research,99
mrvegas.com,0,1.0,confirmed_gambling,Block List Project,single_source,mrvegas.com,Block List Project,1,,,,0,11,0,1,1,0,0,3.277613436819116,0,10686.0,1,1,1,65315.0,mrvegas.com,exact,confirmed_gambling,Already confirmed by gambling blocklist/manual research,99
sunny-casino.net,1,,priority_review,,,,,0,,,,1,16,0,2,1,1,0,3.375,0,0.0,0,0,0,,,,priority_gambling_review,Contains gambling-related keyword,3
sportsworld.ph,0,,needs_review,,,,,0,,,,0,14,0,1,1,0,0,3.235926350629033,0,0.0,0,0,0,,,,needs_manual_review,No gambling-list match and no Tranco match,5
747-2.com,1,,needs_review,,,,,0,,,,0,9,4,2,1,1,0,2.94770277922009,0,969.0,1,0,1,,,,needs_manual_review,No gambling-list match and no Tranco match,5
ghostmshop.mgame.com,0,,needs_review,,,,,0,,,,0,20,0,2,2,0,0,3.284183719779189,0,9650.0,1,1,1,197018.0,mgame.com,parent_domain,weak_benign_candidate,Appears in Tranco Top 1M,4
god55partnership.com,1,,needs_review,,,,,0,,,,0,20,2,1,1,0,0,3.9219280948873614,0,411.0,1,1,1,,,,needs_manual_review,No gambling-list match and no Tranco match,5
bingoworld.online,0,,needs_review,,,,,0,,,,0,17,0,1,1,0,0,3.29277019393699,1,333.0,1,0,0,,,,needs_manual_review,No gambling-list match and no Tranco match,5
resortscasino.com,0,1.0,confirmed_gambling,"Block List Project, UT1 Gambling",multi_source,resortscasino.com,"Block List Project, UT1 Gambling",2,,,,1,17,0,1,1,0,0,3.29277019393699,0,9385.0,1,1,1,484289.0,resortscasino.com,exact,confirmed_gambling,Already confirmed by gambling blocklist/manual research,99
jackpotstar.com,0,,priority_review,,,,,0,,,,1,15,0,1,1,0,0,3.373557262275185,0,8460.0,1,1,1,,,,priority_gambling_review,Contains gambling-related keyword,3
pin77.com,0,1.0,confirmed_gambling,Block List Project,single_source,pin77.com,Block List Project,1,,,,0,9,2,1,1,0,0,2.94770277922009,0,2135.0,1,1,1,,,,confirmed_gambling,Already confirmed by gambling blocklist/manual research,99
lottofy.com,0,1.0,confirmed_gambling,"Block List Project, UT1 Gambling",multi_source,lottofy.com,"Block List Project, UT1 Gambling",2,,,,0,11,0,1,1,0,0,2.8453509366224368,0,3231.0,1,0,1,486810.0,lottofy.com,exact,confirmed_gambling,Already confirmed by gambling blocklist/manual research,99
god55.international,1,,needs_review,,,,,0,,,,0,19,2,1,1,0,0,3.471354487013929,0,0.0,0,1,1,,,,needs_manual_review,No gambling-list match and no Tranco match,5
bafkreih37hzjc4n4elusfak5z5ktjgy5tvfy4nzk4hql3huz3betpe3nqe.ipfs.dweb.link,1,,priority_review,,,,,0,,,,1,74,12,3,3,0,0,4.619605521145916,0,3333.0,1,0,0,18263.0,dweb.link,parent_domain,priority_gambling_review,Contains gambling-related keyword,3
tournamentplus.com,0,1.0,confirmed_gambling,Block List Project,single_source,tournamentplus.com,Block List Project,1,,,,0,18,0,1,1,0,0,3.614369445886757,0,2957.0,1,1,1,,,,confirmed_gambling,Already confirmed by gambling blocklist/manual research,99
gamebookers.com,0,1.0,confirmed_gambling,"Block List Project, UT1 Gambling",multi_source,gamebookers.com,"Block List Project, UT1 Gambling",2,,,,0,15,0,1,1,0,0,3.323231428797621,0,9525.0,1,1,1,357286.0,gamebookers.com,exact,confirmed_gambling,Already confirmed by gambling blocklist/manual research,99
spincasino.co.uk,0,1.0,confirmed_gambling,Block List Project,single_source,spincasino.co.uk,Block List Project,1,,,,1,16,0,2,2,0,0,3.25,0,6957.0,1,1,1,,,,confirmed_gambling,Already confirmed by gambling blocklist/manual research,99
midnite.com,0,1.0,confirmed_gambling,Block List Project,single_source,midnite.com,Block List Project,1,,,,0,11,0,1,1,0,0,3.095795255000934,0,8222.0,1,0,1,97311.0,midnite.com,exact,confirmed_gambling,Already confirmed by gambling blocklist/manual research,99
gambeta10.com,0,1.0,confirmed_gambling,Block List Project,single_source,gambeta10.com,Block List Project,1,,,,1,13,2,1,1,0,0,3.3927474104487847,0,1438.0,1,1,1,,,,confirmed_gambling,Already confirmed by gambling blocklist/manual research,99
cardtime.ph,0,1.0,confirmed_gambling,Block List Project,single_source,cardtime.ph,Block List Project,1,,,,0,11,0,1,1,0,0,3.4594316186372973,0,0.0,0,1,1,,,,confirmed_gambling,Already confirmed by gambling blocklist/manual research,99
epicwin.vip,1,,priority_review,,,,,0,,,,1,11,0,1,1,0,0,2.8453509366224368,0,0.0,0,0,0,,,,priority_gambling_review,Contains gambling-related keyword,3
slotsmagic.co.uk,0,,priority_review,,,,,0,,,,1,16,0,2,2,0,0,3.5,0,4847.0,1,1,1,,,,priority_gambling_review,Contains gambling-related keyword,3
webdisk.winzir.com,0,1.0,confirmed_gambling,Block List Project,single_source,winzir.com,Block List Project,1,,,,1,18,0,2,2,0,0,3.683542362433231,0,1507.0,1,1,1,,,,confirmed_gambling,Already confirmed by gambling blocklist/manual research,99
sportybetadderwebs86.weebly.com,1,,priority_review,,,,,0,,,,1,31,2,2,2,0,0,3.91017927888364,0,7319.0,1,0,0,344.0,weebly.com,parent_domain,priority_gambling_review,Contains gambling-related keyword,3
casino-super.net,1,1.0,confirmed_gambling,Block List Project,single_source,casino-super.net,Block List Project,1,,,,1,16,0,2,1,1,0,3.625,0,0.0,0,1,1,,,,confirmed_gambling,Already confirmed by gambling blocklist/manual research,99
queenplay.com,0,1.0,confirmed_gambling,Block List Project,single_source,queenplay.com,Block List Project,1,,,,0,13,0,1,1,0,0,3.546593564294939,0,5166.0,1,1,1,,,,confirmed_gambling,Already confirmed by gambling blocklist/manual research,99
palmsbet1.com,1,,priority_review,,,,,0,,,,1,13,1,1,1,0,0,3.546593564294939,0,597.0,1,0,1,,,,priority_gambling_review,Contains gambling-related keyword,3
vkgame11.site,1,1.0,confirmed_gambling,Block List Project,single_source,vkgame11.site,Block List Project,1,,,,0,13,2,1,1,0,0,3.3927474104487847,1,1874.0,1,1,1,,,,confirmed_gambling,Already confirmed by gambling blocklist/manual research,99
boba303.top,1,,needs_review,,,,,0,,,,0,11,3,1,1,0,0,2.913977073182752,1,73.0,1,0,1,,,,needs_manual_review,No gambling-list match and no Tranco match,5
ekolbet164.com,1,,priority_review,,,,,0,,,,1,14,3,1,1,0,0,3.521640636343318,0,0.0,0,0,1,,,,priority_gambling_review,Contains gambling-related keyword,3
slotsquad.com,0,1.0,confirmed_gambling,Block List Project,single_source,slotsquad.com,Block List Project,1,,,,1,13,0,1,1,0,0,3.3927474104487847,0,3623.0,1,1,1,,,,confirmed_gambling,Already confirmed by gambling blocklist/manual research,99
hermes-bets.net,1,,priority_review,,,,,0,,,,1,15,0,2,1,1,0,3.106890595608519,0,0.0,0,0,0,,,,priority_gambling_review,Contains gambling-related keyword,3
noc.mgame.com,0,,needs_review,,,,,0,,,,0,13,0,2,2,0,0,2.873140679513133,0,9650.0,1,0,0,197018.0,mgame.com,parent_domain,weak_benign_candidate,Appears in Tranco Top 1M,4
peryacity.ph,0,,needs_review,,,,,0,,,,0,12,0,1,1,0,0,3.2516291673878226,0,0.0,0,0,1,,,,needs_manual_review,No gambling-list match and no Tranco match,5
win-secure-888.pro,1,,priority_review,,,,,0,,,,1,18,3,3,1,1,0,3.5724312513221195,0,0.0,0,0,0,,,,priority_gambling_review,Contains gambling-related keyword,3
betalltimes.com,1,,priority_review,,,,,0,,,,1,15,0,1,1,0,0,3.373557262275185,0,0.0,0,0,0,,,,priority_gambling_review,Contains gambling-related keyword,3
freebettingreviews.com,1,,priority_review,,,,,0,,,,1,22,0,1,1,0,0,3.6589934152538057,0,2217.0,1,0,1,,,,priority_gambling_review,Contains gambling-related keyword,3
888poker.com,0,1.0,confirmed_gambling,"Block List Project, UT1 Gambling",multi_source,888poker.com,"Block List Project, UT1 Gambling",2,,,,0,12,3,1,1,0,0,3.0220552088742005,0,8951.0,1,0,1,72661.0,888poker.com,exact,confirmed_gambling,Already confirmed by gambling blocklist/manual research,99
mgame.ph,0,,needs_review,,,,,0,,,,0,8,0,1,1,0,0,2.75,0,0.0,0,1,1,,,,needs_manual_review,No gambling-list match and no Tranco match,5
888casino.com,0,1.0,confirmed_gambling,"Block List Project, UT1 Gambling",multi_source,888casino.com,"Block List Project, UT1 Gambling",2,,,,1,13,3,1,1,0,0,3.026986833359288,0,9053.0,1,0,1,29104.0,888casino.com,exact,confirmed_gambling,Already confirmed by gambling blocklist/manual research,99
fb.thegamesguys.com,1,,needs_review,,,,,0,,,,0,19,0,2,2,0,0,3.721611723969901,0,0.0,0,0,0,,,,needs_manual_review,No gambling-list match and no Tranco match,5
betsmoveguncel.com,1,,priority_review,,,,,0,,,,1,18,0,1,1,0,0,3.5724312513221195,0,1425.0,1,0,0,,,,priority_gambling_review,Contains gambling-related keyword,3
deskgame.com,0,1.0,confirmed_gambling,Block List Project,single_source,deskgame.com,Block List Project,1,,,,0,12,0,1,1,0,0,3.2516291673878226,0,8257.0,1,0,1,728194.0,deskgame.com,exact,confirmed_gambling,Already confirmed by gambling blocklist/manual research,99
beternuipouli.web.app,1,,priority_review,,,,,0,,,,1,21,0,2,2,0,0,3.558518613048906,0,0.0,0,0,0,2831.0,web.app,parent_domain,priority_gambling_review,Contains gambling-related keyword,3
relax-gaming.com,0,,needs_review,,,,,0,,,,0,16,0,2,1,1,0,3.625,0,5421.0,1,1,1,201697.0,relax-gaming.com,exact,weak_benign_candidate,Appears in Tranco Top 1M,4
thelottery.co.uk,0,,needs_review,,,,,0,,,,0,16,0,2,2,0,0,3.327819531114783,0,9770.0,1,0,1,,,,needs_manual_review,No gambling-list match and no Tranco match,5
jbag888.com,1,,needs_review,,,,,0,,,,0,11,3,1,1,0,0,3.0271691184406184,0,182.0,1,0,0,,,,needs_manual_review,No gambling-list match and no Tranco match,5
uni166.com,1,,needs_review,,,,,0,,,,0,10,3,1,1,0,0,3.1219280948873624,0,3397.0,1,0,1,,,,needs_manual_review,No gambling-list match and no Tranco match,5
greatway-casino.net,1,,priority_review,,,,,0,,,,1,19,0,2,1,1,0,3.6818808028034025,0,0.0,0,0,0,,,,priority_gambling_review,Contains gambling-related keyword,3
sport.netbet.co.uk,0,1.0,confirmed_gambling,"Block List Project, UT1 Gambling",multi_source,netbet.co.uk,"Block List Project, UT1 Gambling",2,,,,1,18,0,3,3,0,0,3.4193819456463714,0,7283.0,1,0,1,76142.0,netbet.co.uk,parent_domain,confirmed_gambling,Already confirmed by gambling blocklist/manual research,99
alfabahis33.com,1,,needs_review,,,,,0,,,,0,15,2,1,1,0,0,3.456564762130954,0,0.0,0,0,1,,,,needs_manual_review,No gambling-list match and no Tranco match,5
jackpotcity.ph,0,,priority_review,,,,,0,,,,1,14,0,1,1,0,0,3.378783493486176,0,0.0,0,0,0,,,,priority_gambling_review,Contains gambling-related keyword,3
betsolid.com,0,,priority_review,,,,,0,,,,1,12,0,1,1,0,0,3.4182958340544896,0,1999.0,1,1,1,,,,priority_gambling_review,Contains gambling-related keyword,3
shahrebazi.club,1,,needs_review,,,,,0,,,,0,15,0,1,1,0,0,3.506890595608519,1,0.0,0,0,0,,,,needs_manual_review,No gambling-list match and no Tranco match,5
crystalslots.com,0,1.0,confirmed_gambling,Block List Project,single_source,crystalslots.com,Block List Project,1,,,,1,16,0,1,1,0,0,3.202819531114783,0,4138.0,1,1,1,,,,confirmed_gambling,Already confirmed by gambling blocklist/manual research,99
god55vn5.com,1,,needs_review,,,,,0,,,,0,12,3,1,1,0,0,3.0220552088742005,0,683.0,1,1,1,,,,needs_manual_review,No gambling-list match and no Tranco match,5
katsu5.xyz,1,,needs_review,,,,,0,,,,0,10,1,1,1,0,0,3.321928094887362,1,0.0,0,0,1,,,,needs_manual_review,No gambling-list match and no Tranco match,5
bet88.ph,0,1.0,confirmed_gambling,Block List Project,single_source,bet88.ph,Block List Project,1,,,,1,8,2,1,1,0,0,2.75,0,0.0,0,1,1,8774.0,bet88.ph,exact,confirmed_gambling,Already confirmed by gambling blocklist/manual research,99
win-login-365.vip,1,,priority_review,,,,,0,,,,1,17,3,3,1,1,0,3.572469458770135,0,0.0,0,0,0,,,,priority_gambling_review,Contains gambling-related keyword,3
god55m2.net,1,,needs_review,,,,,0,,,,0,11,3,1,1,0,0,3.277613436819116,0,1718.0,1,1,1,,,,needs_manual_review,No gambling-list match and no Tranco match,5
betrupi165.com,1,,priority_review,,,,,0,,,,1,14,3,1,1,0,0,3.807354922057604,0,0.0,0,0,1,,,,priority_gambling_review,Contains gambling-related keyword,3
starsportsbet.co.uk,0,,priority_review,,,,,0,,,,1,19,0,2,2,0,0,3.431623565847431,0,6003.0,1,1,1,732768.0,starsportsbet.co.uk,exact,priority_gambling_review,Contains gambling-related keyword,3
lakijackpot.com,0,,priority_review,,,,,0,,,,1,15,0,1,1,0,0,3.373557262275185,0,774.0,1,1,1,,,,priority_gambling_review,Contains gambling-related keyword,3
pisogame.bet,0,,priority_review,,,,,0,,,,1,12,0,1,1,0,0,3.4182958340544896,0,0.0,0,1,1,,,,priority_gambling_review,Contains gambling-related keyword,3
sports.betway.com,0,1.0,confirmed_gambling,"Block List Project, UT1 Gambling",multi_source,betway.com,"Block List Project, UT1 Gambling",2,,,,1,17,0,2,2,0,0,3.616874605956222,0,8734.0,1,1,1,15985.0,betway.com,parent_domain,confirmed_gambling,Already confirmed by gambling blocklist/manual research,99
n1-bet.ng,1,1.0,confirmed_gambling,Block List Project,single_source,n1-bet.ng,Block List Project,1,,,,1,9,1,2,1,1,0,2.94770277922009,0,0.0,0,1,1,,,,confirmed_gambling,Already confirmed by gambling blocklist/manual research,99
white-casino.net,1,,priority_review,,,,,0,,,,1,16,0,2,1,1,0,3.5,0,0.0,0,0,0,,,,priority_gambling_review,Contains gambling-related keyword,3
hardrock.bet,0,1.0,confirmed_gambling,"Block List Project, UT1 Gambling",multi_source,hardrock.bet,"Block List Project, UT1 Gambling",2,,,,1,12,0,1,1,0,0,3.4182958340544896,0,0.0,0,0,1,83836.0,hardrock.bet,exact,confirmed_gambling,Already confirmed by gambling blocklist/manual research,99
luckyvip.com,0,1.0,confirmed_gambling,"Block List Project, UT1 Gambling",multi_source,luckyvip.com,"Block List Project, UT1 Gambling",2,,,,0,12,0,1,1,0,0,3.4182958340544896,0,7342.0,1,0,1,,,,confirmed_gambling,Already confirmed by gambling blocklist/manual research,99
babu88bd.com,1,1.0,confirmed_gambling,Block List Project,single_source,babu88bd.com,Block List Project,1,,,,0,12,2,1,1,0,0,3.0220552088742005,0,1390.0,1,1,1,588572.0,babu88bd.com,exact,confirmed_gambling,Already confirmed by gambling blocklist/manual research,99
kwikky.com,0,1.0,confirmed_gambling,Block List Project,single_source,kwikky.com,Block List Project,1,,,,0,10,0,1,1,0,0,2.8464393446710154,0,5640.0,1,1,1,,,,confirmed_gambling,Already confirmed by gambling blocklist/manual research,99
win-verify-365.pro,1,,priority_review,,,,,0,,,,1,18,3,3,1,1,0,3.836591668108978,0,0.0,0,0,0,,,,priority_gambling_review,Contains gambling-related keyword,3
bingobet.com,0,1.0,confirmed_gambling,Block List Project,single_source,bingobet.com,Block List Project,1,,,,1,12,0,1,1,0,0,3.2516291673878226,0,10857.0,1,1,1,,,,confirmed_gambling,Already confirmed by gambling blocklist/manual research,99
netbet.co.uk,0,1.0,confirmed_gambling,"Block List Project, UT1 Gambling",multi_source,netbet.co.uk,"Block List Project, UT1 Gambling",2,,,,1,12,0,2,2,0,0,3.084962500721156,0,7283.0,1,1,1,76142.0,netbet.co.uk,exact,confirmed_gambling,Already confirmed by gambling blocklist/manual research,99
1xbet.com,1,1.0,confirmed_gambling,"Block List Project, UT1 Gambling",multi_source,1xbet.com,"Block List Project, UT1 Gambling",2,,,,1,9,1,1,1,0,0,3.169925001442312,0,7163.0,1,0,1,7773.0,1xbet.com,exact,confirmed_gambling,Already confirmed by gambling blocklist/manual research,99
buenas.bet,0,1.0,confirmed_gambling,"Block List Project, UT1 Gambling",multi_source,buenas.bet,"Block List Project, UT1 Gambling",2,,,,1,10,0,1,1,0,0,2.9219280948873623,0,0.0,0,1,1,,,,confirmed_gambling,Already confirmed by gambling blocklist/manual research,99
buenas.vip,0,,needs_review,,,,,0,,,,0,10,0,1,1,0,0,3.321928094887362,0,826.0,1,0,1,,,,needs_manual_review,No gambling-list match and no Tranco match,5
russiavulcanx.com,1,,needs_review,,,,,0,,,,0,17,0,1,1,0,0,3.616874605956222,0,0.0,0,0,0,,,,needs_manual_review,No gambling-list match and no Tranco match,5
diyarbet120.com,1,,priority_review,,,,,0,,,,1,15,3,1,1,0,0,3.906890595608519,0,0.0,0,0,1,,,,priority_gambling_review,Contains gambling-related keyword,3
skybet.com,0,1.0,confirmed_gambling,"Block List Project, UT1 Gambling",multi_source,skybet.com,"Block List Project, UT1 Gambling",2,,,,1,10,0,1,1,0,0,3.321928094887362,0,10043.0,1,1,1,13221.0,skybet.com,exact,confirmed_gambling,Already confirmed by gambling blocklist/manual research,99
bcasino.ph,0,,priority_review,,,,,0,,,,1,10,0,1,1,0,0,3.321928094887362,0,0.0,0,0,1,,,,priority_gambling_review,Contains gambling-related keyword,3
harrahscasino.com,0,1.0,confirmed_gambling,Block List Project,single_source,harrahscasino.com,Block List Project,1,,,,1,17,0,1,1,0,0,3.2195282822995472,0,9249.0,1,0,1,,,,confirmed_gambling,Already confirmed by gambling blocklist/manual research,99
24pokies2.com,1,1.0,confirmed_gambling,Block List Project,single_source,24pokies2.com,Block List Project,1,,,,0,13,3,1,1,0,0,3.3927474104487847,0,182.0,1,1,1,,,,confirmed_gambling,Already confirmed by gambling blocklist/manual research,99
championzone.ph,0,1.0,confirmed_gambling,Block List Project,single_source,championzone.ph,Block List Project,1,,,,0,15,0,1,1,0,0,3.373557262275185,0,0.0,0,1,1,,,,confirmed_gambling,Already confirmed by gambling blocklist/manual research,99
bet365bby.com,1,,priority_review,,,,,0,,,,1,13,3,1,1,0,0,3.334679141051595,0,603.0,1,0,0,,,,priority_gambling_review,Contains gambling-related keyword,3
megawagi.net,0,,needs_review,,,,,0,,,,0,12,0,1,1,0,0,3.084962500721156,0,195.0,1,1,1,,,,needs_manual_review,No gambling-list match and no Tranco match,5
au1m.com,1,,needs_review,,,,,0,,,,0,8,1,1,1,0,0,2.75,0,0.0,0,0,0,,,,needs_manual_review,No gambling-list match and no Tranco match,5
nustargame.com,0,1.0,confirmed_gambling,Block List Project,single_source,nustargame.com,Block List Project,1,,,,0,14,0,1,1,0,0,3.521640636343318,0,563.0,1,1,1,1613.0,nustargame.com,exact,confirmed_gambling,Already confirmed by gambling blocklist/manual research,99
spinju.com,0,1.0,confirmed_gambling,Block List Project,single_source,spinju.com,Block List Project,1,,,,0,10,0,1,1,0,0,3.321928094887362,0,2417.0,1,1,1,,,,confirmed_gambling,Already confirmed by gambling blocklist/manual research,99
betbingo.com,0,,priority_review,,,,,0,,,,1,12,0,1,1,0,0,3.2516291673878226,0,10857.0,1,1,1,,,,priority_gambling_review,Contains gambling-related keyword,3
phoeniciancasino.co.uk,0,,priority_review,,,,,0,,,,1,22,0,2,2,0,0,3.413088436425757,0,5114.0,1,0,1,,,,priority_gambling_review,Contains gambling-related keyword,3
sportslive.ph,0,,needs_review,,,,,0,,,,0,13,0,1,1,0,0,3.3927474104487847,0,0.0,0,0,0,,,,needs_manual_review,No gambling-list match and no Tranco match,5
spinsweet.com,0,1.0,confirmed_gambling,Block List Project,single_source,spinsweet.com,Block List Project,1,,,,0,13,0,1,1,0,0,3.3927474104487847,0,4303.0,1,1,1,,,,confirmed_gambling,Already confirmed by gambling blocklist/manual research,99
35.222.159.130,1,,needs_review,,,,,0,,,,0,14,11,3,3,0,1,2.6995138503199656,0,6354.0,1,0,1,,,,needs_manual_review,No gambling-list match and no Tranco match,5
poker-login-777.win,1,,priority_review,,,,,0,,,,1,19,3,3,1,1,0,3.5766176449086657,0,0.0,0,0,0,,,,priority_gambling_review,Contains gambling-related keyword,3
galaparadise88.com,1,,needs_review,,,,,0,,,,0,18,2,1,1,0,0,3.614369445886757,0,0.0,0,0,1,,,,needs_manual_review,No gambling-list match and no Tranco match,5
slotlar777.com,1,,priority_review,,,,,0,,,,1,14,3,1,1,0,0,3.1820058147602133,0,0.0,0,0,0,,,,priority_gambling_review,Contains gambling-related keyword,3
megawagi.ph,0,,needs_review,,,,,0,,,,0,11,0,1,1,0,0,3.095795255000934,0,0.0,0,1,1,,,,needs_manual_review,No gambling-list match and no Tranco match,5
igoegaming.ph,0,,needs_review,,,,,0,,,,0,13,0,1,1,0,0,3.180832987205441,0,0.0,0,0,0,,,,needs_manual_review,No gambling-list match and no Tranco match,5
neonvegas.com,0,1.0,confirmed_gambling,Block List Project,single_source,neonvegas.com,Block List Project,1,,,,0,13,0,1,1,0,0,3.238901256602631,0,8818.0,1,0,1,,,,confirmed_gambling,Already confirmed by gambling blocklist/manual research,99
play.ballybet.com,0,1.0,confirmed_gambling,Block List Project,single_source,ballybet.com,Block List Project,1,,,,1,17,0,2,2,0,0,3.3371753411230767,0,2332.0,1,1,1,401253.0,ballybet.com,parent_domain,confirmed_gambling,Already confirmed by gambling blocklist/manual research,99
vegasland.com,0,1.0,confirmed_gambling,"Block List Project, UT1 Gambling",multi_source,vegasland.com,"Block List Project, UT1 Gambling",2,,,,0,13,0,1,1,0,0,3.546593564294939,0,9525.0,1,1,1,,,,confirmed_gambling,Already confirmed by gambling blocklist/manual research,99
betvictor.com,0,1.0,confirmed_gambling,"Block List Project, UT1 Gambling",multi_source,betvictor.com,"Block List Project, UT1 Gambling",2,,,,1,13,0,1,1,0,0,3.238901256602631,0,8606.0,1,0,1,50108.0,betvictor.com,exact,confirmed_gambling,Already confirmed by gambling blocklist/manual research,99
67bet.com,1,1.0,confirmed_gambling,Block List Project,single_source,67bet.com,Block List Project,1,,,,1,9,2,1,1,0,0,3.169925001442312,0,5315.0,1,1,1,601193.0,67bet.com,exact,confirmed_gambling,Already confirmed by gambling blocklist/manual research,99
enetpoker.com,1,,needs_review,,,,,0,,,,0,13,0,1,1,0,0,3.180832987205441,0,5701.0,1,0,1,,,,needs_manual_review,No gambling-list match and no Tranco match,5
heyspin.com,0,1.0,confirmed_gambling,Block List Project,single_source,heyspin.com,Block List Project,1,,,,0,11,0,1,1,0,0,3.4594316186372973,0,3354.0,1,0,1,,,,confirmed_gambling,Already confirmed by gambling blocklist/manual research,99
shahrshahr11.com,1,,needs_review,,,,,0,,,,0,16,2,1,1,0,0,3.0,0,0.0,0,0,0,,,,needs_manual_review,No gambling-list match and no Tranco match,5
bppoker.pro,0,,needs_review,,,,,0,,,,0,11,0,1,1,0,0,2.6635327548042547,0,0.0,0,0,0,,,,needs_manual_review,No gambling-list match and no Tranco match,5
igo.ph,0,1.0,confirmed_gambling,Block List Project,single_source,igo.ph,Block List Project,1,,,,0,6,0,1,1,0,0,2.584962500721156,0,0.0,0,1,1,,,,confirmed_gambling,Already confirmed by gambling blocklist/manual research,99
freshspins.com,0,,needs_review,,,,,0,,,,0,14,0,1,1,0,0,3.4677201004745,0,3024.0,1,1,1,,,,needs_manual_review,No gambling-list match and no Tranco match,5
bingotime.ph,0,,needs_review,,,,,0,,,,0,12,0,1,1,0,0,3.4182958340544896,0,0.0,0,1,1,,,,needs_manual_review,No gambling-list match and no Tranco match,5
vavadapsv.com,1,,needs_review,,,,,0,,,,0,13,0,1,1,0,0,2.9689185639620974,0,0.0,0,0,0,,,,needs_manual_review,No gambling-list match and no Tranco match,5
whamoo.com,0,1.0,confirmed_gambling,Block List Project,single_source,whamoo.com,Block List Project,1,,,,0,10,0,1,1,0,0,2.646439344671016,0,8307.0,1,1,1,,,,confirmed_gambling,Already confirmed by gambling blocklist/manual research,99
old.747ph.live,0,1.0,confirmed_gambling,Block List Project,single_source,747ph.live,Block List Project,1,,,,0,14,3,2,2,0,0,3.378783493486176,0,0.0,0,1,1,73565.0,747ph.live,parent_domain,confirmed_gambling,Already confirmed by gambling blocklist/manual research,99
goldennuggetcasino.com,0,1.0,confirmed_gambling,"Block List Project, UT1 Gambling",multi_source,goldennuggetcasino.com,"Block List Project, UT1 Gambling",2,,,,1,22,0,1,1,0,0,3.629219686524097,0,9924.0,1,1,1,118942.0,goldennuggetcasino.com,exact,confirmed_gambling,Already confirmed by gambling blocklist/manual research,99
god55.asia,1,,needs_review,,,,,0,,,,0,10,2,1,1,0,0,2.9219280948873623,0,2045.0,1,1,1,,,,needs_manual_review,No gambling-list match and no Tranco match,5
uwin957.cc,1,,priority_review,,,,,0,,,,1,10,3,1,1,0,0,3.1219280948873624,0,287.0,1,0,0,,,,priority_gambling_review,Contains gambling-related keyword,3
pedalada10.com,0,,needs_review,,,,,0,,,,0,14,2,1,1,0,0,3.3248629576173565,0,1377.0,1,0,1,,,,needs_manual_review,No gambling-list match and no Tranco match,5
bet88.vip,0,,priority_review,,,,,0,,,,1,9,2,1,1,0,0,2.94770277922009,0,160.0,1,1,1,,,,priority_gambling_review,Contains gambling-related keyword,3
slotcrazy.com,0,1.0,confirmed_gambling,"Block List Project, UT1 Gambling",multi_source,slotcrazy.com,"Block List Project, UT1 Gambling",2,,,,1,13,0,1,1,0,0,3.3927474104487847,0,3894.0,1,0,1,,,,confirmed_gambling,Already confirmed by gambling blocklist/manual research,99
24pokies6.com,1,,needs_review,,,,,0,,,,0,13,3,1,1,0,0,3.546593564294939,0,0.0,0,0,0,,,,needs_manual_review,No gambling-list match and no Tranco match,5
casinomalta.com.mt,0,,priority_review,,,,,0,,,,1,18,0,2,2,0,0,3.197159723424149,0,0.0,0,1,1,,,,priority_gambling_review,Contains gambling-related keyword,3
bc.game,1,1.0,confirmed_gambling,"Block List Project, UT1 Gambling",multi_source,bc.game,"Block List Project, UT1 Gambling",2,,,,0,7,0,1,1,0,0,2.807354922057604,0,2999.0,1,0,1,29909.0,bc.game,exact,confirmed_gambling,Already confirmed by gambling blocklist/manual research,99
vegas.boylesports.com,0,1.0,confirmed_gambling,"Block List Project, UT1 Gambling",multi_source,boylesports.com,"Block List Project, UT1 Gambling",2,,,,0,21,0,2,2,0,0,3.748994803525096,0,9117.0,1,0,1,34760.0,boylesports.com,parent_domain,confirmed_gambling,Already confirmed by gambling blocklist/manual research,99
bingoplus.net,0,1.0,confirmed_gambling,Block List Project,single_source,bingoplus.net,Block List Project,1,,,,0,13,0,1,1,0,0,3.546593564294939,0,1613.0,1,1,1,81317.0,bingoplus.net,exact,confirmed_gambling,Already confirmed by gambling blocklist/manual research,99
win-secure-24.pro,1,,priority_review,,,,,0,,,,1,17,2,3,1,1,0,3.7345216647797512,0,0.0,0,0,0,,,,priority_gambling_review,Contains gambling-related keyword,3
meccabingo.com,0,1.0,confirmed_gambling,Block List Project,single_source,meccabingo.com,Block List Project,1,,,,0,14,0,1,1,0,0,3.1820058147602133,0,9935.0,1,0,1,55819.0,meccabingo.com,exact,confirmed_gambling,Already confirmed by gambling blocklist/manual research,99
god55.tech,1,,needs_review,,,,,0,,,,0,10,2,1,1,0,0,3.1219280948873624,0,885.0,1,1,1,,,,needs_manual_review,No gambling-list match and no Tranco match,5
1x-casino.net,1,,priority_review,,,,,0,,,,1,13,1,2,1,1,0,3.546593564294939,0,59.0,1,1,1,,,,priority_gambling_review,Contains gambling-related keyword,3
pesomax.com,0,1.0,confirmed_gambling,Block List Project,single_source,pesomax.com,Block List Project,1,,,,0,11,0,1,1,0,0,3.095795255000934,0,1588.0,1,0,1,,,,confirmed_gambling,Already confirmed by gambling blocklist/manual research,99
god55.nexus,1,,needs_review,,,,,0,,,,0,11,2,1,1,0,0,3.277613436819116,0,0.0,0,1,1,,,,needs_manual_review,No gambling-list match and no Tranco match,5
immediate-connect.co.uk,1,,needs_review,,,,,0,,,,0,23,0,3,2,1,0,3.588354347173233,0,656.0,1,0,0,,,,needs_manual_review,No gambling-list match and no Tranco match,5
sbsnetplay.com,1,,needs_review,,,,,0,,,,0,14,0,1,1,0,0,3.664497779200461,0,0.0,0,0,0,,,,needs_manual_review,No gambling-list match and no Tranco match,5
vulcan-bet.net,1,,priority_review,,,,,0,,,,1,14,0,2,1,1,0,3.378783493486176,0,0.0,0,0,0,,,,priority_gambling_review,Contains gambling-related keyword,3
betvadi117.com,1,,priority_review,,,,,0,,,,1,14,3,1,1,0,0,3.664497779200461,0,0.0,0,0,1,,,,priority_gambling_review,Contains gambling-related keyword,3
megafunalo.com,0,1.0,confirmed_gambling,Block List Project,single_source,megafunalo.com,Block List Project,1,,,,0,14,0,1,1,0,0,3.378783493486176,0,556.0,1,0,1,,,,confirmed_gambling,Already confirmed by gambling blocklist/manual research,99
costabingo.com,0,1.0,confirmed_gambling,"Block List Project, UT1 Gambling",multi_source,costabingo.com,"Block List Project, UT1 Gambling",2,,,,0,14,0,1,1,0,0,3.3248629576173565,0,6501.0,1,1,1,,,,confirmed_gambling,Already confirmed by gambling blocklist/manual research,99
gerbet.ope-11708.pro,1,,priority_review,,,,,0,,,,1,20,5,3,2,1,0,3.584183719779189,0,0.0,0,0,0,,,,priority_gambling_review,Contains gambling-related keyword,3
slotheart.com,0,1.0,confirmed_gambling,Block List Project,single_source,slotheart.com,Block List Project,1,,,,1,13,0,1,1,0,0,3.3927474104487847,0,629.0,1,1,1,,,,confirmed_gambling,Already confirmed by gambling blocklist/manual research,99
w88kub.com,1,1.0,confirmed_gambling,Block List Project,single_source,w88kub.com,Block List Project,1,,,,0,10,2,1,1,0,0,3.1219280948873624,0,4387.0,1,1,1,,,,confirmed_gambling,Already confirmed by gambling blocklist/manual research,99
pokerstarsnj.com,0,,needs_review,,,,,0,,,,0,16,0,1,1,0,0,3.625,0,4829.0,1,1,1,579831.0,pokerstarsnj.com,exact,weak_benign_candidate,Appears in Tranco Top 1M,4
casino-friday.at,1,,priority_review,,,,,0,,,,1,16,0,2,1,1,0,3.577819531114783,0,0.0,0,0,0,,,,priority_gambling_review,Contains gambling-related keyword,3
casinowin.bet,1,,priority_review,,,,,0,,,,1,13,0,1,1,0,0,3.3927474104487847,0,0.0,0,1,1,,,,priority_gambling_review,Contains gambling-related keyword,3
tropicanacasino.com,0,1.0,confirmed_gambling,"Block List Project, UT1 Gambling",multi_source,tropicanacasino.com,"Block List Project, UT1 Gambling",2,,,,1,19,0,1,1,0,0,3.286629486786196,0,10551.0,1,0,1,235531.0,tropicanacasino.com,exact,confirmed_gambling,Already confirmed by gambling blocklist/manual research,99
fastplay.ph,0,1.0,confirmed_gambling,Block List Project,single_source,fastplay.ph,Block List Project,1,,,,0,11,0,1,1,0,0,3.095795255000934,0,0.0,0,1,1,,,,confirmed_gambling,Already confirmed by gambling blocklist/manual research,99
sportybetadder01.weebly.com,1,,priority_review,,,,,0,,,,1,27,2,2,2,0,0,3.940072687348653,0,7319.0,1,0,0,344.0,weebly.com,parent_domain,priority_gambling_review,Contains gambling-related keyword,3
hbetcorrect-192.weebly.com,1,,priority_review,,,,,0,,,,1,26,3,3,2,1,0,3.825251737288651,0,7319.0,1,0,1,344.0,weebly.com,parent_domain,priority_gambling_review,Contains gambling-related keyword,3
mfa9.com,1,,needs_review,,,,,0,,,,0,8,1,1,1,0,0,2.75,0,0.0,0,0,0,,,,needs_manual_review,No gambling-list match and no Tranco match,5
tongitstok.com,0,,needs_review,,,,,0,,,,0,14,0,1,1,0,0,3.1280852788913944,0,649.0,1,0,0,,,,needs_manual_review,No gambling-list match and no Tranco match,5
aztecwins.com,0,1.0,confirmed_gambling,Block List Project,single_source,aztecwins.com,Block List Project,1,,,,1,13,0,1,1,0,0,3.546593564294939,0,2584.0,1,1,1,,,,confirmed_gambling,Already confirmed by gambling blocklist/manual research,99
tfcfootball.com,1,,needs_review,,,,,0,,,,0,15,0,1,1,0,0,3.056564762130954,0,0.0,0,0,0,,,,needs_manual_review,No gambling-list match and no Tranco match,5
numerouno.ph,0,,needs_review,,,,,0,,,,0,12,0,1,1,0,0,3.084962500721156,0,0.0,0,0,1,,,,needs_manual_review,No gambling-list match and no Tranco match,5
bet365.com,0,1.0,confirmed_gambling,"Block List Project, UT1 Gambling",multi_source,bet365.com,"Block List Project, UT1 Gambling",2,,,,1,10,3,1,1,0,0,3.321928094887362,0,9747.0,1,0,1,4398.0,bet365.com,exact,confirmed_gambling,Already confirmed by gambling blocklist/manual research,99
betfree.io,0,,priority_review,,,,,0,,,,1,10,0,1,1,0,0,2.8464393446710154,0,1058.0,1,1,1,,,,priority_gambling_review,Contains gambling-related keyword,3
kingclub.com,0,1.0,confirmed_gambling,Block List Project,single_source,kingclub.com,Block List Project,1,,,,0,12,0,1,1,0,0,3.4182958340544896,0,9179.0,1,1,1,,,,confirmed_gambling,Already confirmed by gambling blocklist/manual research,99
vegas-casino.online,1,,priority_review,,,,,0,,,,1,19,0,2,1,1,0,3.471354487013929,1,1703.0,1,1,1,,,,priority_gambling_review,Contains gambling-related keyword,3
winner-bet.com,1,,priority_review,,,,,0,,,,1,14,0,2,1,1,0,3.521640636343318,0,4134.0,1,0,1,,,,priority_gambling_review,Contains gambling-related keyword,3
spincity.ph,0,,needs_review,,,,,0,,,,0,11,0,1,1,0,0,3.095795255000934,0,0.0,0,0,0,,,,needs_manual_review,No gambling-list match and no Tranco match,5
hollywoodbets.co.uk,0,1.0,confirmed_gambling,"Block List Project, UT1 Gambling",multi_source,hollywoodbets.co.uk,"Block List Project, UT1 Gambling",2,,,,1,19,0,2,2,0,0,3.616348566075164,0,3713.0,1,1,1,312396.0,hollywoodbets.co.uk,exact,confirmed_gambling,Already confirmed by gambling blocklist/manual research,99
casino-azino777.com,1,,priority_review,,,,,0,,,,1,19,3,2,1,1,0,3.326360407952694,0,1710.0,1,0,1,,,,priority_gambling_review,Contains gambling-related keyword,3
iijuta.com,1,,needs_review,,,,,0,,,,0,10,0,1,1,0,0,3.1219280948873624,0,0.0,0,0,0,,,,needs_manual_review,No gambling-list match and no Tranco match,5
luckymatecasino.co.uk,0,,priority_review,,,,,0,,,,1,21,0,2,2,0,0,3.6897037321995474,0,999.0,1,0,1,,,,priority_gambling_review,Contains gambling-related keyword,3
juanbingo.ph,0,,needs_review,,,,,0,,,,0,12,0,1,1,0,0,3.4182958340544896,0,0.0,0,0,1,98124.0,juanbingo.ph,exact,medium_benign_candidate,Top 100K Tranco and no gambling keyword,2
inplay.instaplay.ph,0,,needs_review,,,,,0,,,,0,19,0,2,2,0,0,3.2210972500579573,0,0.0,0,0,1,,,,needs_manual_review,No gambling-list match and no Tranco match,5
divabingo.com,0,1.0,confirmed_gambling,Block List Project,single_source,divabingo.com,Block List Project,1,,,,0,13,0,1,1,0,0,3.3927474104487847,0,5714.0,1,1,1,,,,confirmed_gambling,Already confirmed by gambling blocklist/manual research,99
filbet.com,0,1.0,confirmed_gambling,Block List Project,single_source,filbet.com,Block List Project,1,,,,1,10,0,1,1,0,0,3.321928094887362,0,3098.0,1,1,1,80536.0,filbet.com,exact,confirmed_gambling,Already confirmed by gambling blocklist/manual research,99
747live.info,1,,needs_review,,,,,0,,,,0,12,3,1,1,0,0,3.2516291673878226,0,0.0,0,0,1,,,,needs_manual_review,No gambling-list match and no Tranco match,5
bingoplus.ph,0,1.0,confirmed_gambling,Block List Project,single_source,bingoplus.ph,Block List Project,1,,,,0,12,0,1,1,0,0,3.4182958340544896,0,0.0,0,1,1,79675.0,bingoplus.ph,exact,confirmed_gambling,Already confirmed by gambling blocklist/manual research,99
okapp.chat,0,1.0,confirmed_gambling,Block List Project,single_source,okapp.chat,Block List Project,1,,,,0,10,0,1,1,0,0,2.9219280948873623,0,0.0,0,1,1,,,,confirmed_gambling,Already confirmed by gambling blocklist/manual research,99
neptuneplay.com,0,1.0,confirmed_gambling,Block List Project,single_source,neptuneplay.com,Block List Project,1,,,,0,15,0,1,1,0,0,3.506890595608519,0,2443.0,1,1,1,,,,confirmed_gambling,Already confirmed by gambling blocklist/manual research,99
beternuipouli.firebaseapp.com,1,,priority_review,,,,,0,,,,1,29,0,2,2,0,0,3.840402546702505,0,0.0,0,0,0,5498.0,firebaseapp.com,parent_domain,priority_gambling_review,Contains gambling-related keyword,3
superpanalo.ph,0,,needs_review,,,,,0,,,,0,14,0,1,1,0,0,3.3248629576173565,0,0.0,0,1,1,,,,needs_manual_review,No gambling-list match and no Tranco match,5
thienlong99.com,1,,needs_review,,,,,0,,,,0,15,2,1,1,0,0,3.506890595608519,0,0.0,0,0,0,,,,needs_manual_review,No gambling-list match and no Tranco match,5
ray40.com,1,,needs_review,,,,,0,,,,0,9,2,1,1,0,0,3.169925001442312,0,2630.0,1,1,1,,,,needs_manual_review,No gambling-list match and no Tranco match,5
bet-verify-888.live,1,,priority_review,,,,,0,,,,1,19,3,3,1,1,0,3.431623565847431,0,0.0,0,0,0,,,,priority_gambling_review,Contains gambling-related keyword,3
happyplay.ph,0,1.0,confirmed_gambling,Block List Project,single_source,happyplay.ph,Block List Project,1,,,,0,12,0,1,1,0,0,2.4182958340544896,0,0.0,0,0,1,,,,confirmed_gambling,Already confirmed by gambling blocklist/manual research,99
ghostss.mgame.com,0,,needs_review,,,,,0,,,,0,17,0,2,2,0,0,3.175123135113461,0,9650.0,1,0,1,197018.0,mgame.com,parent_domain,weak_benign_candidate,Appears in Tranco Top 1M,4
sportybetadder-012.weebly.com,1,,priority_review,,,,,0,,,,1,29,3,3,2,1,0,4.099360305472399,0,7319.0,1,0,0,344.0,weebly.com,parent_domain,priority_gambling_review,Contains gambling-related keyword,3
iplwin.com,1,1.0,confirmed_gambling,Block List Project,single_source,iplwin.com,Block List Project,1,,,,1,10,0,1,1,0,0,3.1219280948873624,0,2518.0,1,0,1,,,,confirmed_gambling,Already confirmed by gambling blocklist/manual research,99
mga.games,1,,needs_review,,,,,0,,,,0,9,0,1,1,0,0,2.5032583347756456,0,0.0,0,1,1,870924.0,mga.games,exact,weak_benign_candidate,Appears in Tranco Top 1M,4
cyl88.online,1,,needs_review,,,,,0,,,,0,12,2,1,1,0,0,3.084962500721156,1,0.0,0,0,1,,,,needs_manual_review,No gambling-list match and no Tranco match,5
vulcan-pllatinum.com,1,,needs_review,,,,,0,,,,0,20,0,2,1,1,0,3.584183719779189,0,0.0,0,0,0,,,,needs_manual_review,No gambling-list match and no Tranco match,5
4crownscasino.com,1,1.0,confirmed_gambling,"Block List Project, UT1 Gambling",multi_source,4crownscasino.com,"Block List Project, UT1 Gambling",2,,,,1,17,1,1,1,0,0,3.29277019393699,0,505.0,1,1,1,,,,confirmed_gambling,Already confirmed by gambling blocklist/manual research,99
slot-hunter.at,1,,priority_review,,,,,0,,,,1,14,0,2,1,1,0,3.4677201004745,0,0.0,0,1,1,,,,priority_gambling_review,Contains gambling-related keyword,3
boylesports.com,0,1.0,confirmed_gambling,"Block List Project, UT1 Gambling",multi_source,boylesports.com,"Block List Project, UT1 Gambling",2,,,,0,15,0,1,1,0,0,3.456564762130954,0,9117.0,1,0,1,34760.0,boylesports.com,exact,confirmed_gambling,Already confirmed by gambling blocklist/manual research,99
ekolbet,1,,priority_review,,,,,0,,,,1,7,0,0,0,0,0,2.521640636343318,0,0.0,0,0,0,,,,priority_gambling_review,Contains gambling-related keyword,3
nagacash9b.online,1,,needs_review,,,,,0,,,,0,17,1,1,1,0,0,3.528064311584049,1,0.0,0,0,0,,,,needs_manual_review,No gambling-list match and no Tranco match,5
pisogame.ph,0,,needs_review,,,,,0,,,,0,11,0,1,1,0,0,3.277613436819116,0,0.0,0,0,1,,,,needs_manual_review,No gambling-list match and no Tranco match,5
s5games.ph,0,,needs_review,,,,,0,,,,0,10,1,1,1,0,0,3.1219280948873624,0,0.0,0,1,1,,,,needs_manual_review,No gambling-list match and no Tranco match,5
spiffx.com,1,,needs_review,,,,,0,,,,0,10,0,1,1,0,0,3.1219280948873624,0,5382.0,1,0,1,,,,needs_manual_review,No gambling-list match and no Tranco match,5
megawagi.vip,0,,needs_review,,,,,0,,,,0,12,0,1,1,0,0,3.084962500721156,0,194.0,1,1,1,,,,needs_manual_review,No gambling-list match and no Tranco match,5
sportsplus.com.ph,0,1.0,confirmed_gambling,Block List Project,single_source,sportsplus.com.ph,Block List Project,1,,,,0,17,0,2,2,0,0,3.29277019393699,0,0.0,0,1,1,,,,confirmed_gambling,Already confirmed by gambling blocklist/manual research,99
joypang-0907.com,1,,needs_review,,,,,0,,,,0,16,4,2,1,1,0,3.75,0,282.0,1,0,0,,,,needs_manual_review,No gambling-list match and no Tranco match,5
festival.sg8.casino,0,1.0,confirmed_gambling,Block List Project,single_source,sg8.casino,Block List Project,1,,,,1,19,1,2,2,0,0,3.6818808028034025,0,0.0,0,0,1,81399.0,sg8.casino,parent_domain,confirmed_gambling,Already confirmed by gambling blocklist/manual research,99
extraspel.com,0,1.0,confirmed_gambling,Block List Project,single_source,extraspel.com,Block List Project,1,,,,0,13,0,1,1,0,0,3.546593564294939,0,5602.0,1,0,0,,,,confirmed_gambling,Already confirmed by gambling blocklist/manual research,99
betmaster.eu,0,1.0,confirmed_gambling,Block List Project,single_source,betmaster.eu,Block List Project,1,,,,1,12,0,1,1,0,0,3.0220552088742005,0,0.0,0,1,1,,,,confirmed_gambling,Already confirmed by gambling blocklist/manual research,99
winz.ph,0,,priority_review,,,,,0,,,,1,7,0,1,1,0,0,2.807354922057604,0,0.0,0,0,1,,,,priority_gambling_review,Contains gambling-related keyword,3
scorchingslots.com,0,1.0,confirmed_gambling,Block List Project,single_source,scorchingslots.com,Block List Project,1,,,,1,18,0,1,1,0,0,3.377443751081734,0,3540.0,1,1,1,,,,confirmed_gambling,Already confirmed by gambling blocklist/manual research,99
wowgames.ph,0,,needs_review,,,,,0,,,,0,11,0,1,1,0,0,3.277613436819116,0,0.0,0,1,1,,,,needs_manual_review,No gambling-list match and no Tranco match,5
bstar.ph,0,,needs_review,,,,,0,,,,0,8,0,1,1,0,0,3.0,0,0.0,0,0,1,,,,needs_manual_review,No gambling-list match and no Tranco match,5
wowgames.vip,0,,needs_review,,,,,0,,,,0,12,0,1,1,0,0,3.4182958340544896,0,653.0,1,1,1,,,,needs_manual_review,No gambling-list match and no Tranco match,5
goldjapan-casino.com,1,,priority_review,,,,,0,,,,1,20,0,2,1,1,0,3.646439344671016,0,1055.0,1,0,0,,,,priority_gambling_review,Contains gambling-related keyword,3
booming-games.com,0,,needs_review,,,,,0,,,,0,17,0,2,1,1,0,3.4104172527605194,0,4191.0,1,0,1,162964.0,booming-games.com,exact,weak_benign_candidate,Appears in Tranco Top 1M,4
20winpkr.com,1,1.0,confirmed_gambling,Block List Project,single_source,20winpkr.com,Block List Project,1,,,,1,12,2,1,1,0,0,3.584962500721156,0,951.0,1,0,1,,,,confirmed_gambling,Already confirmed by gambling blocklist/manual research,99
70bet.com,1,1.0,confirmed_gambling,Block List Project,single_source,70bet.com,Block List Project,1,,,,1,9,2,1,1,0,0,3.169925001442312,0,4617.0,1,1,1,601197.0,70bet.com,exact,confirmed_gambling,Already confirmed by gambling blocklist/manual research,99
7stargaming.com,1,,needs_review,,,,,0,,,,0,15,1,1,1,0,0,3.506890595608519,0,400.0,1,0,1,,,,needs_manual_review,No gambling-list match and no Tranco match,5
aiusbnalhgmigljranigqrvdtgqgbufwhjbet.blogspot.com,1,,priority_review,,,,,0,,,,1,50,0,2,2,0,0,4.338171939471839,0,0.0,0,1,1,101.0,blogspot.com,parent_domain,priority_gambling_review,Contains gambling-related keyword,3
luckyclub.ph,0,,needs_review,,,,,0,,,,0,12,0,1,1,0,0,3.084962500721156,0,0.0,0,1,1,,,,needs_manual_review,No gambling-list match and no Tranco match,5
vie.bet,0,1.0,confirmed_gambling,"Block List Project, UT1 Gambling",multi_source,vie.bet,"Block List Project, UT1 Gambling",2,,,,1,7,0,1,1,0,0,2.521640636343318,0,0.0,0,1,1,,,,confirmed_gambling,Already confirmed by gambling blocklist/manual research,99
cashed.com,1,1.0,confirmed_gambling,Block List Project,single_source,cashed.com,Block List Project,1,,,,0,10,0,1,1,0,0,3.1219280948873624,0,9620.0,1,0,1,,,,confirmed_gambling,Already confirmed by gambling blocklist/manual research,99
mobilespin.com,0,,needs_review,,,,,0,,,,0,14,0,1,1,0,0,3.378783493486176,0,7761.0,1,1,1,,,,needs_manual_review,No gambling-list match and no Tranco match,5
slot-bonus-365.buzz,1,,priority_review,,,,,0,,,,1,19,3,3,1,1,0,3.616348566075165,0,0.0,0,0,0,,,,priority_gambling_review,Contains gambling-related keyword,3
bet-verify-365.live,1,,priority_review,,,,,0,,,,1,19,3,3,1,1,0,3.6818808028034025,0,0.0,0,0,0,,,,priority_gambling_review,Contains gambling-related keyword,3
reblz.com,0,1.0,confirmed_gambling,Block List Project,single_source,reblz.com,Block List Project,1,,,,0,9,0,1,1,0,0,3.169925001442312,0,2005.0,1,1,1,,,,confirmed_gambling,Already confirmed by gambling blocklist/manual research,99
slot-win-888.online,1,,priority_review,,,,,0,,,,1,19,3,3,1,1,0,3.326360407952694,1,0.0,0,0,0,,,,priority_gambling_review,Contains gambling-related keyword,3
golden.nebula-ent.com,1,,needs_review,,,,,0,,,,0,21,0,3,2,1,0,3.6537567082870015,0,9371.0,1,0,0,,,,needs_manual_review,No gambling-list match and no Tranco match,5
aplay.mt,0,,needs_review,,,,,0,,,,0,8,0,1,1,0,0,2.75,0,0.0,0,0,1,,,,needs_manual_review,No gambling-list match and no Tranco match,5
jcasino.club,1,,priority_review,,,,,0,,,,1,12,0,1,1,0,0,3.4182958340544896,1,0.0,0,0,0,,,,priority_gambling_review,Contains gambling-related keyword,3
lotusbook.io,1,1.0,confirmed_gambling,Block List Project,single_source,lotusbook.io,Block List Project,1,,,,0,12,0,1,1,0,0,2.9182958340544896,0,2587.0,1,1,1,,,,confirmed_gambling,Already confirmed by gambling blocklist/manual research,99
happybingo.ph,0,1.0,confirmed_gambling,Block List Project,single_source,happybingo.ph,Block List Project,1,,,,0,13,0,1,1,0,0,3.180832987205441,0,0.0,0,1,1,739115.0,happybingo.ph,exact,confirmed_gambling,Already confirmed by gambling blocklist/manual research,99
blingwin.com,0,1.0,confirmed_gambling,Block List Project,single_source,blingwin.com,Block List Project,1,,,,1,12,0,1,1,0,0,3.2516291673878226,0,6.0,1,0,1,,,,confirmed_gambling,Already confirmed by gambling blocklist/manual research,99
luckypence.com,0,,needs_review,,,,,0,,,,0,14,0,1,1,0,0,3.3248629576173565,0,2676.0,1,1,1,,,,needs_manual_review,No gambling-list match and no Tranco match,5
betgoodwin.co.uk,0,1.0,confirmed_gambling,Block List Project,single_source,betgoodwin.co.uk,Block List Project,1,,,,1,16,0,2,2,0,0,3.577819531114783,0,3791.0,1,0,1,280062.0,betgoodwin.co.uk,exact,confirmed_gambling,Already confirmed by gambling blocklist/manual research,99
bwin8998.com,1,,priority_review,,,,,0,,,,1,12,4,1,1,0,0,3.2516291673878226,0,0.0,0,0,0,,,,priority_gambling_review,Contains gambling-related keyword,3
sprush.ph,0,,needs_review,,,,,0,,,,0,9,0,1,1,0,0,2.5032583347756456,0,0.0,0,0,1,,,,needs_manual_review,No gambling-list match and no Tranco match,5
poker-secure-24.site,1,,needs_review,,,,,0,,,,0,20,2,3,1,1,0,3.6219280948873616,1,0.0,0,0,0,,,,needs_manual_review,No gambling-list match and no Tranco match,5
nj.partypoker.com,0,1.0,confirmed_gambling,"Block List Project, UT1 Gambling",multi_source,partypoker.com,"Block List Project, UT1 Gambling",2,,,,0,17,0,2,2,0,0,3.616874605956222,0,9732.0,1,0,1,19557.0,partypoker.com,parent_domain,confirmed_gambling,Already confirmed by gambling blocklist/manual research,99
redrakegaming.com,0,,needs_review,,,,,0,,,,0,17,0,1,1,0,0,3.4992275471326924,0,3862.0,1,0,1,168742.0,redrakegaming.com,exact,weak_benign_candidate,Appears in Tranco Top 1M,4
betstars888.com,1,,priority_review,,,,,0,,,,1,15,3,1,1,0,0,3.323231428797621,0,0.0,0,0,0,,,,priority_gambling_review,Contains gambling-related keyword,3
portybetadder1048.weebly.com,1,,priority_review,,,,,0,,,,1,28,4,2,2,0,0,4.021640636343318,0,7319.0,1,1,1,344.0,weebly.com,parent_domain,priority_gambling_review,Contains gambling-related keyword,3
olaspill.com,0,1.0,confirmed_gambling,Block List Project,single_source,olaspill.com,Block List Project,1,,,,0,12,0,1,1,0,0,3.0220552088742005,0,3624.0,1,1,1,,,,confirmed_gambling,Already confirmed by gambling blocklist/manual research,99
wowgames.net,0,,needs_review,,,,,0,,,,0,12,0,1,1,0,0,3.2516291673878226,0,529.0,1,1,1,,,,needs_manual_review,No gambling-list match and no Tranco match,5
getlucky.com,0,1.0,confirmed_gambling,Block List Project,single_source,getlucky.com,Block List Project,1,,,,0,12,0,1,1,0,0,3.4182958340544896,0,9547.0,1,1,1,636883.0,getlucky.com,exact,confirmed_gambling,Already confirmed by gambling blocklist/manual research,99
casino.boylesports.com,0,1.0,confirmed_gambling,"Block List Project, UT1 Gambling",multi_source,boylesports.com,"Block List Project, UT1 Gambling",2,,,,1,22,0,2,2,0,0,3.697845823084412,0,9117.0,1,0,1,34760.0,boylesports.com,parent_domain,confirmed_gambling,Already confirmed by gambling blocklist/manual research,99
joy-casino24.cc,1,,priority_review,,,,,0,,,,1,15,2,2,1,1,0,3.456564762130954,0,0.0,0,0,0,,,,priority_gambling_review,Contains gambling-related keyword,3
kingcasino.com,0,1.0,confirmed_gambling,"Block List Project, UT1 Gambling",multi_source,kingcasino.com,"Block List Project, UT1 Gambling",2,,,,1,14,0,1,1,0,0,3.235926350629033,0,10062.0,1,1,1,370829.0,kingcasino.com,exact,confirmed_gambling,Already confirmed by gambling blocklist/manual research,99
fortuneworld.ph,0,,needs_review,,,,,0,,,,0,15,0,1,1,0,0,3.640223928941852,0,0.0,0,0,0,,,,needs_manual_review,No gambling-list match and no Tranco match,5
fml1.com,1,,needs_review,,,,,0,,,,0,8,1,1,1,0,0,2.75,0,586.0,1,0,0,,,,needs_manual_review,No gambling-list match and no Tranco match,5
betocean.com,0,,priority_review,,,,,0,,,,1,12,0,1,1,0,0,3.084962500721156,0,3972.0,1,1,1,,,,priority_gambling_review,Contains gambling-related keyword,3
mgame.com,0,,needs_review,,,,,0,,,,0,9,0,1,1,0,0,2.6416041678685938,0,9650.0,1,1,1,197018.0,mgame.com,exact,weak_benign_candidate,Appears in Tranco Top 1M,4
voodoodreams.com,0,1.0,confirmed_gambling,Block List Project,single_source,voodoodreams.com,Block List Project,1,,,,0,16,0,1,1,0,0,3.024397470347699,0,5580.0,1,1,1,327409.0,voodoodreams.com,exact,confirmed_gambling,Already confirmed by gambling blocklist/manual research,99
s5casino.ph,0,1.0,confirmed_gambling,"Block List Project, UT1 Gambling",multi_source,s5casino.ph,"Block List Project, UT1 Gambling",2,,,,1,11,1,1,1,0,0,3.277613436819116,0,0.0,0,0,1,829010.0,s5casino.ph,exact,confirmed_gambling,Already confirmed by gambling blocklist/manual research,99
slotzo.com,0,1.0,confirmed_gambling,Block List Project,single_source,slotzo.com,Block List Project,1,,,,1,10,0,1,1,0,0,2.8464393446710154,0,3018.0,1,0,1,,,,confirmed_gambling,Already confirmed by gambling blocklist/manual research,99
casumo.com,0,1.0,confirmed_gambling,Block List Project,single_source,casumo.com,Block List Project,1,,,,0,10,0,1,1,0,0,2.721928094887362,0,5511.0,1,1,1,50757.0,casumo.com,exact,confirmed_gambling,Already confirmed by gambling blocklist/manual research,99
winzir.com,0,1.0,confirmed_gambling,Block List Project,single_source,winzir.com,Block List Project,1,,,,1,10,0,1,1,0,0,3.1219280948873624,0,1507.0,1,1,1,,,,confirmed_gambling,Already confirmed by gambling blocklist/manual research,99
poker-secure-365.win,1,,priority_review,,,,,0,,,,1,20,3,3,1,1,0,3.884183719779189,0,0.0,0,0,0,,,,priority_gambling_review,Contains gambling-related keyword,3
blingwin.link,0,,priority_review,,,,,0,,,,1,13,0,1,1,0,0,2.815072410115944,0,0.0,0,0,1,,,,priority_gambling_review,Contains gambling-related keyword,3
m.hollywoodbets.co.uk,0,1.0,confirmed_gambling,"Block List Project, UT1 Gambling",multi_source,hollywoodbets.co.uk,"Block List Project, UT1 Gambling",2,,,,1,21,0,3,3,0,0,3.6897037321995474,0,3713.0,1,0,0,312396.0,hollywoodbets.co.uk,parent_domain,confirmed_gambling,Already confirmed by gambling blocklist/manual research,99
deskwin.com,0,,priority_review,,,,,0,,,,1,11,0,1,1,0,0,3.4594316186372973,0,2123.0,1,1,1,,,,priority_gambling_review,Contains gambling-related keyword,3
aud1m.com,1,,needs_review,,,,,0,,,,0,9,1,1,1,0,0,2.94770277922009,0,0.0,0,0,1,,,,needs_manual_review,No gambling-list match and no Tranco match,5
hawkgamingph.com,0,1.0,confirmed_gambling,Block List Project,single_source,hawkgamingph.com,Block List Project,1,,,,0,16,0,1,1,0,0,3.5,0,0.0,0,0,1,,,,confirmed_gambling,Already confirmed by gambling blocklist/manual research,99
hippodromecasino.com,0,1.0,confirmed_gambling,"Block List Project, UT1 Gambling",multi_source,hippodromecasino.com,"Block List Project, UT1 Gambling",2,,,,1,20,0,1,1,0,0,3.521928094887363,0,7781.0,1,1,1,421648.0,hippodromecasino.com,exact,confirmed_gambling,Already confirmed by gambling blocklist/manual research,99
heloboet138,1,,needs_review,,,,,0,,,,0,11,3,0,0,0,0,3.095795255000934,0,0.0,0,0,0,,,,needs_manual_review,No gambling-list match and no Tranco match,5
666casino.com,0,1.0,confirmed_gambling,"Block List Project, UT1 Gambling",multi_source,666casino.com,"Block List Project, UT1 Gambling",2,,,,1,13,3,1,1,0,0,3.026986833359288,0,4856.0,1,1,1,274720.0,666casino.com,exact,confirmed_gambling,Already confirmed by gambling blocklist/manual research,99
slotsanimal.com,0,1.0,confirmed_gambling,Block List Project,single_source,slotsanimal.com,Block List Project,1,,,,1,15,0,1,1,0,0,3.240223928941852,0,3021.0,1,1,1,,,,confirmed_gambling,Already confirmed by gambling blocklist/manual research,99
ladbrokes.com,0,1.0,confirmed_gambling,"Block List Project, UT1 Gambling",multi_source,ladbrokes.com,"Block List Project, UT1 Gambling",2,,,,0,13,0,1,1,0,0,3.546593564294939,0,10295.0,1,0,1,4816.0,ladbrokes.com,exact,confirmed_gambling,Already confirmed by gambling blocklist/manual research,99
god55sg6.net,1,,needs_review,,,,,0,,,,0,12,3,1,1,0,0,3.2516291673878226,0,885.0,1,1,1,,,,needs_manual_review,No gambling-list match and no Tranco match,5
prizewin.ph,0,,priority_review,,,,,0,,,,1,11,0,1,1,0,0,3.095795255000934,0,0.0,0,1,1,,,,priority_gambling_review,Contains gambling-related keyword,3
caesarspalaceonline.com,0,1.0,confirmed_gambling,Block List Project,single_source,caesarspalaceonline.com,Block List Project,1,,,,0,23,0,1,1,0,0,3.4144413036949723,0,1471.0,1,0,1,235358.0,caesarspalaceonline.com,exact,confirmed_gambling,Already confirmed by gambling blocklist/manual research,99
butterflybingo.com,0,1.0,confirmed_gambling,Block List Project,single_source,butterflybingo.com,Block List Project,1,,,,0,18,0,1,1,0,0,3.836591668108978,0,4852.0,1,1,1,,,,confirmed_gambling,Already confirmed by gambling blocklist/manual research,99
slot-free-365.online,1,,priority_review,,,,,0,,,,1,20,3,3,1,1,0,3.684183719779189,1,0.0,0,0,0,,,,priority_gambling_review,Contains gambling-related keyword,3
luckpot.ph,0,1.0,confirmed_gambling,Block List Project,single_source,luckpot.ph,Block List Project,1,,,,0,10,0,1,1,0,0,3.1219280948873624,0,0.0,0,0,1,,,,confirmed_gambling,Already confirmed by gambling blocklist/manual research,99
cherrywins.com,0,,priority_review,,,,,0,,,,1,14,0,1,1,0,0,3.521640636343318,0,3090.0,1,1,1,,,,priority_gambling_review,Contains gambling-related keyword,3
fortunepub.com,1,,needs_review,,,,,0,,,,0,14,0,1,1,0,0,3.521640636343318,0,828.0,1,1,1,,,,needs_manual_review,No gambling-list match and no Tranco match,5
okadaonlinecasino.com,0,1.0,confirmed_gambling,Block List Project,single_source,okadaonlinecasino.com,Block List Project,1,,,,1,21,0,1,1,0,0,3.3680424225727155,0,1698.0,1,1,1,816573.0,okadaonlinecasino.com,exact,confirmed_gambling,Already confirmed by gambling blocklist/manual research,99
onelottery.co.uk,0,,needs_review,,,,,0,,,,0,16,0,2,2,0,0,3.327819531114783,0,2413.0,1,0,1,,,,needs_manual_review,No gambling-list match and no Tranco match,5
slotsaces.net,1,,priority_review,,,,,0,,,,1,13,0,1,1,0,0,3.026986833359288,0,898.0,1,0,1,,,,priority_gambling_review,Contains gambling-related keyword,3
dragonaracasino.com,0,,priority_review,,,,,0,,,,1,19,0,1,1,0,0,3.260828171224456,0,6013.0,1,0,1,,,,priority_gambling_review,Contains gambling-related keyword,3
casiwinner.com,1,1.0,confirmed_gambling,Block List Project,single_source,casiwinner.com,Block List Project,1,,,,1,14,0,1,1,0,0,3.378783493486176,0,444.0,1,1,1,,,,confirmed_gambling,Already confirmed by gambling blocklist/manual research,99
amusnet.hr,0,,needs_review,,,,,0,,,,0,10,0,1,1,0,0,3.321928094887362,0,1509.0,1,1,1,,,,needs_manual_review,No gambling-list match and no Tranco match,5
blogjb3919.com,1,,needs_review,,,,,0,,,,0,14,4,1,1,0,0,3.378783493486176,0,1387.0,1,0,1,,,,needs_manual_review,No gambling-list match and no Tranco match,5
hacksawgaming.com,0,1.0,confirmed_gambling,"Block List Project, UT1 Gambling",multi_source,hacksawgaming.com,"Block List Project, UT1 Gambling",2,,,,0,17,0,1,1,0,0,3.4548223999466057,0,3062.0,1,0,1,33494.0,hacksawgaming.com,exact,confirmed_gambling,Already confirmed by gambling blocklist/manual research,99
royale-casino.net,1,1.0,confirmed_gambling,Block List Project,single_source,royale-casino.net,Block List Project,1,,,,1,17,0,2,1,1,0,3.616874605956222,0,775.0,1,1,1,,,,confirmed_gambling,Already confirmed by gambling blocklist/manual research,99
hippodromeonline.com,0,1.0,confirmed_gambling,Block List Project,single_source,hippodromeonline.com,Block List Project,1,,,,0,20,0,1,1,0,0,3.4219280948873627,0,5967.0,1,0,1,387583.0,hippodromeonline.com,exact,confirmed_gambling,Already confirmed by gambling blocklist/manual research,99
24pokies5.com,1,,needs_review,,,,,0,,,,0,13,3,1,1,0,0,3.546593564294939,0,0.0,0,0,0,,,,needs_manual_review,No gambling-list match and no Tranco match,5
juanace.ph,0,,needs_review,,,,,0,,,,0,10,0,1,1,0,0,3.1219280948873624,0,0.0,0,1,1,,,,needs_manual_review,No gambling-list match and no Tranco match,5
casinoper790.com,1,1.0,confirmed_gambling,UT1 Gambling,single_source,casinoper790.com,UT1 Gambling,1,,,,1,16,3,1,1,0,0,3.75,0,0.0,0,0,1,,,,confirmed_gambling,Already confirmed by gambling blocklist/manual research,99
kaisarpteir.net,1,,needs_review,,,,,0,,,,0,15,0,1,1,0,0,3.240223928941852,0,0.0,0,0,0,,,,needs_manual_review,No gambling-list match and no Tranco match,5
pokerstars.uk,0,1.0,confirmed_gambling,Block List Project,single_source,pokerstars.uk,Block List Project,1,,,,0,13,0,1,1,0,0,3.238901256602631,0,4322.0,1,0,1,155733.0,pokerstars.uk,exact,confirmed_gambling,Already confirmed by gambling blocklist/manual research,99
fairbahis10.com,1,,needs_review,,,,,0,,,,0,15,2,1,1,0,0,3.640223928941852,0,0.0,0,0,0,,,,needs_manual_review,No gambling-list match and no Tranco match,5
luckyfuel.com,0,1.0,confirmed_gambling,Block List Project,single_source,luckyfuel.com,Block List Project,1,,,,0,13,0,1,1,0,0,3.238901256602631,0,2222.0,1,1,1,,,,confirmed_gambling,Already confirmed by gambling blocklist/manual research,99
numerouno.com.ph,0,,needs_review,,,,,0,,,,0,16,0,2,2,0,0,3.202819531114783,0,0.0,0,0,1,,,,needs_manual_review,No gambling-list match and no Tranco match,5
bygame.com,0,,needs_review,,,,,0,,,,0,10,0,1,1,0,0,3.1219280948873624,0,9108.0,1,1,1,,,,needs_manual_review,No gambling-list match and no Tranco match,5
1x-bet.co,1,,priority_review,,,,,0,,,,1,9,1,2,1,1,0,3.169925001442312,0,275.0,1,0,0,,,,priority_gambling_review,Contains gambling-related keyword,3
winzir.ph,0,1.0,confirmed_gambling,Block List Project,single_source,winzir.ph,Block List Project,1,,,,1,9,0,1,1,0,0,2.94770277922009,0,0.0,0,1,1,71814.0,winzir.ph,exact,confirmed_gambling,Already confirmed by gambling blocklist/manual research,99
giantspins.com,0,1.0,confirmed_gambling,Block List Project,single_source,giantspins.com,Block List Project,1,,,,0,14,0,1,1,0,0,3.378783493486176,0,2825.0,1,1,1,,,,confirmed_gambling,Already confirmed by gambling blocklist/manual research,99
poker-free-24.win,1,,priority_review,,,,,0,,,,1,17,2,3,1,1,0,3.572469458770135,0,0.0,0,0,0,,,,priority_gambling_review,Contains gambling-related keyword,3
bwin.com,0,1.0,confirmed_gambling,"Block List Project, UT1 Gambling",multi_source,bwin.com,"Block List Project, UT1 Gambling",2,,,,1,8,0,1,1,0,0,3.0,0,8409.0,1,0,1,18287.0,bwin.com,exact,confirmed_gambling,Already confirmed by gambling blocklist/manual research,99
playsg8.com,0,,needs_review,,,,,0,,,,0,11,1,1,1,0,0,3.4594316186372973,0,274.0,1,1,1,,,,needs_manual_review,No gambling-list match and no Tranco match,5
caletagaming.com,0,,needs_review,,,,,0,,,,0,16,0,1,1,0,0,3.327819531114783,0,4684.0,1,1,1,,,,needs_manual_review,No gambling-list match and no Tranco match,5
smarkets.com,0,1.0,confirmed_gambling,Block List Project,single_source,smarkets.com,Block List Project,1,,,,0,12,0,1,1,0,0,3.2516291673878226,0,7510.0,1,0,1,129283.0,smarkets.com,exact,confirmed_gambling,Already confirmed by gambling blocklist/manual research,99
filplay.com,0,,needs_review,,,,,0,,,,0,11,0,1,1,0,0,3.277613436819116,0,1578.0,1,1,1,,,,needs_manual_review,No gambling-list match and no Tranco match,5
hawkgaming.ph,0,,needs_review,,,,,0,,,,0,13,0,1,1,0,0,3.238901256602631,0,0.0,0,0,0,,,,needs_manual_review,No gambling-list match and no Tranco match,5
xlbet.com,0,1.0,confirmed_gambling,"Block List Project, UT1 Gambling",multi_source,xlbet.com,"Block List Project, UT1 Gambling",2,,,,1,9,0,1,1,0,0,3.169925001442312,0,7810.0,1,0,1,,,,confirmed_gambling,Already confirmed by gambling blocklist/manual research,99
amusnet.it,0,,needs_review,,,,,0,,,,0,10,0,1,1,0,0,3.1219280948873624,0,1506.0,1,1,1,,,,needs_manual_review,No gambling-list match and no Tranco match,5
bnrurabetegt.biz.site,1,,priority_review,,,,,0,,,,1,21,0,2,2,0,0,3.4273334938982645,1,1996.0,1,0,0,,,,priority_gambling_review,Contains gambling-related keyword,3
betovis.com,1,1.0,confirmed_gambling,Block List Project,single_source,betovis.com,Block List Project,1,,,,1,11,0,1,1,0,0,3.277613436819116,0,2010.0,1,0,1,,,,confirmed_gambling,Already confirmed by gambling blocklist/manual research,99
blingwin.net,0,,priority_review,,,,,0,,,,1,12,0,1,1,0,0,3.0220552088742005,0,0.0,0,0,1,,,,priority_gambling_review,Contains gambling-related keyword,3
gamxsports.com.ph,0,,needs_review,,,,,0,,,,0,17,0,2,2,0,0,3.4992275471326924,0,0.0,0,0,1,,,,needs_manual_review,No gambling-list match and no Tranco match,5
m.betboro.co.uk,0,,priority_review,,,,,0,,,,1,15,0,3,3,0,0,3.139572261986723,0,3806.0,1,1,1,,,,priority_gambling_review,Contains gambling-related keyword,3
cockfightbet.cc,1,,priority_review,,,,,0,,,,1,15,0,1,1,0,0,3.240223928941852,0,1910.0,1,0,1,,,,priority_gambling_review,Contains gambling-related keyword,3
coral.co.uk,0,1.0,confirmed_gambling,"Block List Project, UT1 Gambling",multi_source,coral.co.uk,"Block List Project, UT1 Gambling",2,,,,0,11,0,2,2,0,0,2.913977073182752,0,10846.0,1,0,1,12177.0,coral.co.uk,exact,confirmed_gambling,Already confirmed by gambling blocklist/manual research,99
option888.com,1,,needs_review,,,,,0,,,,0,13,3,1,1,0,0,2.9689185639620974,0,4378.0,1,1,1,,,,needs_manual_review,No gambling-list match and no Tranco match,5
bybet.co,0,,priority_review,,,,,0,,,,1,8,0,1,1,0,0,2.75,0,566.0,1,1,1,,,,priority_gambling_review,Contains gambling-related keyword,3
solaireonline.com,0,1.0,confirmed_gambling,Block List Project,single_source,solaireonline.com,Block List Project,1,,,,0,17,0,1,1,0,0,3.3371753411230767,0,3389.0,1,1,1,505704.0,solaireonline.com,exact,confirmed_gambling,Already confirmed by gambling blocklist/manual research,99
win-free-777.vip,1,,priority_review,,,,,0,,,,1,16,3,3,1,1,0,3.327819531114783,0,0.0,0,0,0,,,,priority_gambling_review,Contains gambling-related keyword,3
okbet.game,0,1.0,confirmed_gambling,Block List Project,single_source,okbet.game,Block List Project,1,,,,1,10,0,1,1,0,0,3.1219280948873624,0,1512.0,1,1,1,,,,confirmed_gambling,Already confirmed by gambling blocklist/manual research,99
malta-casino.com,1,,priority_review,,,,,0,,,,1,16,0,2,1,1,0,3.327819531114783,0,1880.0,1,1,1,,,,priority_gambling_review,Contains gambling-related keyword,3
luckytayasports.com,0,,needs_review,,,,,0,,,,0,19,0,1,1,0,0,3.616348566075165,0,276.0,1,1,1,,,,needs_manual_review,No gambling-list match and no Tranco match,5
kaguraslot777.com,1,,priority_review,,,,,0,,,,1,17,3,1,1,0,0,3.572469458770135,0,0.0,0,0,1,,,,priority_gambling_review,Contains gambling-related keyword,3
12wincasino.net,1,,priority_review,,,,,0,,,,1,15,2,1,1,0,0,3.456564762130954,0,4092.0,1,1,1,,,,priority_gambling_review,Contains gambling-related keyword,3
poker-account-777.site,1,,priority_review,,,,,0,,,,1,22,3,3,1,1,0,3.788754913993503,1,0.0,0,0,0,,,,priority_gambling_review,Contains gambling-related keyword,3
s5live.ph,0,,needs_review,,,,,0,,,,0,9,1,1,1,0,0,3.169925001442312,0,0.0,0,0,1,,,,needs_manual_review,No gambling-list match and no Tranco match,5
mix4bet.ie,0,,priority_review,,,,,0,,,,1,10,1,1,1,0,0,2.9219280948873623,0,872.0,1,1,1,,,,priority_gambling_review,Contains gambling-related keyword,3
paddypower.com,0,1.0,confirmed_gambling,"Block List Project, UT1 Gambling",multi_source,paddypower.com,"Block List Project, UT1 Gambling",2,,,,0,14,0,1,1,0,0,3.378783493486176,0,10127.0,1,0,1,5468.0,paddypower.com,exact,confirmed_gambling,Already confirmed by gambling blocklist/manual research,99
hunkybingo.com,0,1.0,confirmed_gambling,Block List Project,single_source,hunkybingo.com,Block List Project,1,,,,0,14,0,1,1,0,0,3.521640636343318,0,4222.0,1,1,1,,,,confirmed_gambling,Already confirmed by gambling blocklist/manual research,99
poker-login-888.win,1,,priority_review,,,,,0,,,,1,19,3,3,1,1,0,3.5766176449086657,0,0.0,0,0,0,,,,priority_gambling_review,Contains gambling-related keyword,3
747ph.live,0,1.0,confirmed_gambling,Block List Project,single_source,747ph.live,Block List Project,1,,,,0,10,3,1,1,0,0,3.1219280948873624,0,0.0,0,1,1,73565.0,747ph.live,exact,confirmed_gambling,Already confirmed by gambling blocklist/manual research,99
inplay.88play.ph,0,1.0,confirmed_gambling,Block List Project,single_source,88play.ph,Block List Project,1,,,,0,16,2,2,2,0,0,3.077819531114783,0,0.0,0,0,0,,,,confirmed_gambling,Already confirmed by gambling blocklist/manual research,99
v8.com,1,,needs_review,,,,,0,,,,0,6,1,1,1,0,0,2.584962500721156,0,10182.0,1,1,1,,,,needs_manual_review,No gambling-list match and no Tranco match,5
mobile.betboro.com,0,1.0,confirmed_gambling,Block List Project,single_source,betboro.com,Block List Project,1,,,,1,18,0,2,2,0,0,3.127986806877676,0,4603.0,1,1,1,152825.0,betboro.com,parent_domain,confirmed_gambling,Already confirmed by gambling blocklist/manual research,99
kingvip.ph,0,,needs_review,,,,,0,,,,0,10,0,1,1,0,0,2.9219280948873623,0,0.0,0,0,1,,,,needs_manual_review,No gambling-list match and no Tranco match,5
olympusplay.com,1,,needs_review,,,,,0,,,,0,15,0,1,1,0,0,3.240223928941852,0,1798.0,1,1,1,,,,needs_manual_review,No gambling-list match and no Tranco match,5
god55sg3.org,1,,needs_review,,,,,0,,,,0,12,3,1,1,0,0,2.8553885422075336,0,1368.0,1,1,1,,,,needs_manual_review,No gambling-list match and no Tranco match,5
efc88.me,1,,needs_review,,,,,0,,,,0,8,2,1,1,0,0,2.5,0,1157.0,1,0,1,,,,needs_manual_review,No gambling-list match and no Tranco match,5
b-bets.com,0,1.0,confirmed_gambling,Block List Project,single_source,b-bets.com,Block List Project,1,,,,1,10,0,2,1,1,0,3.1219280948873624,0,4381.0,1,0,1,572728.0,b-bets.com,exact,confirmed_gambling,Already confirmed by gambling blocklist/manual research,99
alfobet.com,0,1.0,confirmed_gambling,"Block List Project, UT1 Gambling",multi_source,alfobet.com,"Block List Project, UT1 Gambling",2,,,,1,11,0,1,1,0,0,3.277613436819116,0,465.0,1,1,1,,,,confirmed_gambling,Already confirmed by gambling blocklist/manual research,99
lotus303.casino,1,,priority_review,,,,,0,,,,1,15,3,1,1,0,0,3.506890595608519,0,0.0,0,0,1,,,,priority_gambling_review,Contains gambling-related keyword,3
grandmondial.co.uk,0,1.0,confirmed_gambling,Block List Project,single_source,grandmondial.co.uk,Block List Project,1,,,,0,18,0,2,2,0,0,3.614369445886757,0,6873.0,1,1,1,,,,confirmed_gambling,Already confirmed by gambling blocklist/manual research,99
nitrocasino.com,0,1.0,confirmed_gambling,"Block List Project, UT1 Gambling",multi_source,nitrocasino.com,"Block List Project, UT1 Gambling",2,,,,1,15,0,1,1,0,0,3.1898980954642875,0,4218.0,1,0,1,930451.0,nitrocasino.com,exact,confirmed_gambling,Already confirmed by gambling blocklist/manual research,99
fcb500.com,1,,needs_review,,,,,0,,,,0,10,3,1,1,0,0,2.9219280948873623,0,0.0,0,0,0,,,,needs_manual_review,No gambling-list match and no Tranco match,5
betuk.com,0,1.0,confirmed_gambling,"Block List Project, UT1 Gambling",multi_source,betuk.com,"Block List Project, UT1 Gambling",2,,,,1,9,0,1,1,0,0,3.169925001442312,0,9368.0,1,1,1,286053.0,betuk.com,exact,confirmed_gambling,Already confirmed by gambling blocklist/manual research,99
loginyaris.store,1,,needs_review,,,,,0,,,,0,16,0,1,1,0,0,3.5,0,0.0,0,0,1,,,,needs_manual_review,No gambling-list match and no Tranco match,5
god55th3.com,1,,needs_review,,,,,0,,,,0,12,3,1,1,0,0,3.2516291673878226,0,885.0,1,1,1,,,,needs_manual_review,No gambling-list match and no Tranco match,5
phoeniciancasino.eu,0,1.0,confirmed_gambling,Block List Project,single_source,phoeniciancasino.eu,Block List Project,1,,,,1,19,0,1,1,0,0,3.326360407952694,0,0.0,0,1,1,,,,confirmed_gambling,Already confirmed by gambling blocklist/manual research,99
casino-jackpot-365.top,1,,priority_review,,,,,0,,,,1,22,3,3,1,1,0,3.788754913993503,1,0.0,0,0,0,,,,priority_gambling_review,Contains gambling-related keyword,3
playtime.com.ph,0,1.0,confirmed_gambling,Block List Project,single_source,playtime.com.ph,Block List Project,1,,,,0,15,0,2,2,0,0,3.506890595608519,0,0.0,0,1,1,,,,confirmed_gambling,Already confirmed by gambling blocklist/manual research,99
ww88xx.vip,1,1.0,confirmed_gambling,Block List Project,single_source,ww88xx.vip,Block List Project,1,,,,0,10,2,1,1,0,0,2.721928094887362,0,233.0,1,1,1,,,,confirmed_gambling,Already confirmed by gambling blocklist/manual research,99
partypoker.com,0,1.0,confirmed_gambling,"Block List Project, UT1 Gambling",multi_source,partypoker.com,"Block List Project, UT1 Gambling",2,,,,0,14,0,1,1,0,0,3.378783493486176,0,9732.0,1,0,1,19557.0,partypoker.com,exact,confirmed_gambling,Already confirmed by gambling blocklist/manual research,99
w88.com,1,1.0,confirmed_gambling,Block List Project,single_source,w88.com,Block List Project,1,,,,0,7,2,1,1,0,0,2.521640636343318,0,8411.0,1,0,1,,,,confirmed_gambling,Already confirmed by gambling blocklist/manual research,99
casinojefe.com,0,1.0,confirmed_gambling,Block List Project,single_source,casinojefe.com,Block List Project,1,,,,1,14,0,1,1,0,0,3.378783493486176,0,4147.0,1,1,1,,,,confirmed_gambling,Already confirmed by gambling blocklist/manual research,99
4crownscasino1.com,1,1.0,confirmed_gambling,Block List Project,single_source,4crownscasino1.com,Block List Project,1,,,,1,18,2,1,1,0,0,3.4193819456463714,0,0.0,0,1,1,,,,confirmed_gambling,Already confirmed by gambling blocklist/manual research,99
maisquebet.com,1,,priority_review,,,,,0,,,,1,14,0,1,1,0,0,3.521640636343318,0,0.0,0,0,0,,,,priority_gambling_review,Contains gambling-related keyword,3
cfg4.com,1,,needs_review,,,,,0,,,,0,8,1,1,1,0,0,2.75,0,1824.0,1,0,1,,,,needs_manual_review,No gambling-list match and no Tranco match,5
panaloplay777.com,0,,priority_review,,,,,0,,,,1,17,3,1,1,0,0,3.175123135113461,0,509.0,1,0,0,,,,priority_gambling_review,Contains gambling-related keyword,3
gullybet.com,1,1.0,confirmed_gambling,Block List Project,single_source,gullybet.com,Block List Project,1,,,,1,12,0,1,1,0,0,3.4182958340544896,0,1810.0,1,0,1,,,,confirmed_gambling,Already confirmed by gambling blocklist/manual research,99
bet-jackpot-888.xyz,1,,priority_review,,,,,0,,,,1,19,3,3,1,1,0,3.787143960698139,1,0.0,0,0,0,,,,priority_gambling_review,Contains gambling-related keyword,3
alivate.app,0,,needs_review,,,,,0,,,,0,11,0,1,1,0,0,2.8453509366224368,0,0.0,0,1,1,,,,needs_manual_review,No gambling-list match and no Tranco match,5
casino-secure-777.click,1,,priority_review,,,,,0,,,,1,23,3,3,1,1,0,3.621175542919471,0,0.0,0,0,0,,,,priority_gambling_review,Contains gambling-related keyword,3
verajohncasino.com,0,1.0,confirmed_gambling,"Block List Project, UT1 Gambling",multi_source,verajohncasino.com,"Block List Project, UT1 Gambling",2,,,,1,18,0,1,1,0,0,3.5724312513221195,0,5668.0,1,0,1,,,,confirmed_gambling,Already confirmed by gambling blocklist/manual research,99
sportybet-winningodd.weebly.com,1,,priority_review,,,,,0,,,,1,31,0,3,2,1,0,4.042433003725894,0,7319.0,1,0,0,344.0,weebly.com,parent_domain,priority_gambling_review,Contains gambling-related keyword,3
bahisnow,1,,needs_review,,,,,0,,,,0,8,0,0,0,0,0,3.0,0,0.0,0,0,0,,,,needs_manual_review,No gambling-list match and no Tranco match,5
ptgaming.ph,0,1.0,confirmed_gambling,Block List Project,single_source,ptgaming.ph,Block List Project,1,,,,0,11,0,1,1,0,0,3.095795255000934,0,0.0,0,1,1,1648.0,ptgaming.ph,exact,confirmed_gambling,Already confirmed by gambling blocklist/manual research,99
365winner.asia,1,,priority_review,,,,,0,,,,1,14,3,1,1,0,0,3.378783493486176,0,1058.0,1,0,1,,,,priority_gambling_review,Contains gambling-related keyword,3
jbgame-99.com,1,,needs_review,,,,,0,,,,0,13,2,2,1,1,0,3.3927474104487847,0,849.0,1,1,1,,,,needs_manual_review,No gambling-list match and no Tranco match,5
god55singapore.net,1,,needs_review,,,,,0,,,,0,18,2,1,1,0,0,3.614369445886757,0,171.0,1,1,1,,,,needs_manual_review,No gambling-list match and no Tranco match,5
happybingo.games,0,,needs_review,,,,,0,,,,0,16,0,1,1,0,0,3.625,0,0.0,0,1,1,,,,needs_manual_review,No gambling-list match and no Tranco match,5
affiliates.winzir.com,0,1.0,confirmed_gambling,Block List Project,single_source,winzir.com,Block List Project,1,,,,1,21,0,2,2,0,0,3.7256507561120937,0,1507.0,1,1,1,,,,confirmed_gambling,Already confirmed by gambling blocklist/manual research,99
casino-arcade.com,1,,priority_review,,,,,0,,,,1,17,0,2,1,1,0,3.4104172527605194,0,254.0,1,1,1,,,,priority_gambling_review,Contains gambling-related keyword,3
justspin.com,0,1.0,confirmed_gambling,Block List Project,single_source,justspin.com,Block List Project,1,,,,0,12,0,1,1,0,0,3.4182958340544896,0,5572.0,1,0,1,,,,confirmed_gambling,Already confirmed by gambling blocklist/manual research,99
pin77.net,0,,needs_review,,,,,0,,,,0,9,2,1,1,0,0,2.725480556997868,0,364.0,1,0,1,,,,needs_manual_review,No gambling-list match and no Tranco match,5
betmaster.co.uk,0,,priority_review,,,,,0,,,,1,15,0,2,2,0,0,3.506890595608519,0,1344.0,1,1,1,885161.0,betmaster.co.uk,exact,priority_gambling_review,Contains gambling-related keyword,3
black-white-casino.com,1,,priority_review,,,,,0,,,,1,22,0,3,1,1,0,3.8796640049025934,0,0.0,0,0,0,,,,priority_gambling_review,Contains gambling-related keyword,3
123sports.ph,0,,needs_review,,,,,0,,,,0,12,3,1,1,0,0,3.2516291673878226,0,0.0,0,1,1,,,,needs_manual_review,No gambling-list match and no Tranco match,5
dogobet,1,,priority_review,,,,,0,,,,1,7,0,0,0,0,0,2.521640636343318,0,0.0,0,0,0,,,,priority_gambling_review,Contains gambling-related keyword,3
juan365.win,0,,priority_review,,,,,0,,,,1,11,3,1,1,0,0,3.277613436819116,0,404.0,1,1,1,,,,priority_gambling_review,Contains gambling-related keyword,3
horseshoeonlinecasino.com,0,1.0,confirmed_gambling,Block List Project,single_source,horseshoeonlinecasino.com,Block List Project,1,,,,1,25,0,1,1,0,0,3.368884070537636,0,824.0,1,1,1,,,,confirmed_gambling,Already confirmed by gambling blocklist/manual research,99
betso88.ph,1,,priority_review,,,,,0,,,,1,10,2,1,1,0,0,3.1219280948873624,0,0.0,0,0,1,,,,priority_gambling_review,Contains gambling-related keyword,3
luckydino.com,0,1.0,confirmed_gambling,Block List Project,single_source,luckydino.com,Block List Project,1,,,,0,13,0,1,1,0,0,3.3927474104487847,0,4555.0,1,0,1,,,,confirmed_gambling,Already confirmed by gambling blocklist/manual research,99
thelotterlab.com,1,1.0,confirmed_gambling,Block List Project,single_source,thelotterlab.com,Block List Project,1,,,,0,16,0,1,1,0,0,3.327819531114783,0,934.0,1,1,1,,,,confirmed_gambling,Already confirmed by gambling blocklist/manual research,99
betsound39.com,1,,priority_review,,,,,0,,,,1,14,2,1,1,0,0,3.664497779200461,0,0.0,0,0,1,,,,priority_gambling_review,Contains gambling-related keyword,3
bet-secure-888.live,1,,priority_review,,,,,0,,,,1,19,3,3,1,1,0,3.471354487013929,0,0.0,0,0,0,,,,priority_gambling_review,Contains gambling-related keyword,3
login.747ph.live,0,1.0,confirmed_gambling,Block List Project,single_source,747ph.live,Block List Project,1,,,,0,16,3,2,2,0,0,3.5,0,0.0,0,1,1,73565.0,747ph.live,parent_domain,confirmed_gambling,Already confirmed by gambling blocklist/manual research,99
wowgames.com,0,,needs_review,,,,,0,,,,0,12,0,1,1,0,0,3.084962500721156,0,9447.0,1,1,1,,,,needs_manual_review,No gambling-list match and no Tranco match,5
redcross.org.uk,0,,needs_review,,,,,0,,,,0,15,0,2,2,0,0,3.1898980954642875,0,10846.0,1,1,1,34703.0,redcross.org.uk,exact,medium_benign_candidate,Top 100K Tranco and no gambling keyword,2
filgame.com,0,,needs_review,,,,,0,,,,0,11,0,1,1,0,0,3.277613436819116,0,1829.0,1,1,1,,,,needs_manual_review,No gambling-list match and no Tranco match,5
wsop.com,0,1.0,confirmed_gambling,Block List Project,single_source,wsop.com,Block List Project,1,,,,0,8,0,1,1,0,0,2.75,0,8375.0,1,0,1,58305.0,wsop.com,exact,confirmed_gambling,Already confirmed by gambling blocklist/manual research,99
1xlite-4357202.top,1,,needs_review,,,,,0,,,,0,18,8,2,1,1,0,3.94770277922009,1,55.0,1,1,1,,,,needs_manual_review,No gambling-list match and no Tranco match,5
bingo.boylesports.com,0,1.0,confirmed_gambling,"Block List Project, UT1 Gambling",multi_source,boylesports.com,"Block List Project, UT1 Gambling",2,,,,0,21,0,2,2,0,0,3.7256507561120937,0,9117.0,1,0,1,34760.0,boylesports.com,parent_domain,confirmed_gambling,Already confirmed by gambling blocklist/manual research,99
sportybetadder-90.weebly.com,1,,priority_review,,,,,0,,,,1,28,2,3,2,1,0,4.021640636343318,0,7319.0,1,1,1,344.0,weebly.com,parent_domain,priority_gambling_review,Contains gambling-related keyword,3
indoniche.com,1,,needs_review,,,,,0,,,,0,13,0,1,1,0,0,3.0850551027564768,0,0.0,0,0,0,,,,needs_manual_review,No gambling-list match and no Tranco match,5
bybet.com,0,1.0,confirmed_gambling,Block List Project,single_source,bybet.com,Block List Project,1,,,,1,9,0,1,1,0,0,2.94770277922009,0,4616.0,1,1,1,,,,confirmed_gambling,Already confirmed by gambling blocklist/manual research,99
replay-casino.net,1,,priority_review,,,,,0,,,,1,17,0,2,1,1,0,3.7345216647797512,0,0.0,0,0,0,,,,priority_gambling_review,Contains gambling-related keyword,3
megapremyo.ph,0,,needs_review,,,,,0,,,,0,13,0,1,1,0,0,3.238901256602631,0,0.0,0,0,0,,,,needs_manual_review,No gambling-list match and no Tranco match,5
betxbahis.com,1,,priority_review,,,,,0,,,,1,13,0,1,1,0,0,3.546593564294939,0,282.0,1,0,0,,,,priority_gambling_review,Contains gambling-related keyword,3
happybingo.fun,0,,needs_review,,,,,0,,,,0,14,0,1,1,0,0,3.521640636343318,0,421.0,1,0,1,,,,needs_manual_review,No gambling-list match and no Tranco match,5
bingoal.com,0,,needs_review,,,,,0,,,,0,11,0,1,1,0,0,3.277613436819116,0,9080.0,1,0,1,,,,needs_manual_review,No gambling-list match and no Tranco match,5
juankada.ph,0,,needs_review,,,,,0,,,,0,11,0,1,1,0,0,3.0271691184406184,0,0.0,0,1,1,,,,needs_manual_review,No gambling-list match and no Tranco match,5
buenas.asia,0,1.0,confirmed_gambling,Block List Project,single_source,buenas.asia,Block List Project,1,,,,0,11,0,1,1,0,0,2.8453509366224368,0,825.0,1,1,1,,,,confirmed_gambling,Already confirmed by gambling blocklist/manual research,99
king.ph,0,1.0,confirmed_gambling,Block List Project,single_source,king.ph,Block List Project,1,,,,0,7,0,1,1,0,0,2.807354922057604,0,0.0,0,0,1,198687.0,king.ph,exact,confirmed_gambling,Already confirmed by gambling blocklist/manual research,99
casinoburada250.com,1,,priority_review,,,,,0,,,,1,19,3,1,1,0,0,3.787143960698139,0,0.0,0,0,0,,,,priority_gambling_review,Contains gambling-related keyword,3
1x-bet.in,1,,priority_review,,,,,0,,,,1,9,1,2,1,1,0,3.169925001442312,0,1214.0,1,1,1,,,,priority_gambling_review,Contains gambling-related keyword,3
eastbridge-sb.com,1,1.0,confirmed_gambling,Block List Project,single_source,eastbridge-sb.com,Block List Project,1,,,,0,17,0,2,1,1,0,3.7345216647797512,0,4184.0,1,0,1,,,,confirmed_gambling,Already confirmed by gambling blocklist/manual research,99
help.winzir.com,0,1.0,confirmed_gambling,Block List Project,single_source,winzir.com,Block List Project,1,,,,1,15,0,2,2,0,0,3.640223928941852,0,1507.0,1,1,1,,,,confirmed_gambling,Already confirmed by gambling blocklist/manual research,99
betwien.com,1,,priority_review,,,,,0,,,,1,11,0,1,1,0,0,3.277613436819116,0,110.0,1,0,0,,,,priority_gambling_review,Contains gambling-related keyword,3
adaxbet246.com,1,,priority_review,,,,,0,,,,1,14,3,1,1,0,0,3.664497779200461,0,0.0,0,0,0,,,,priority_gambling_review,Contains gambling-related keyword,3
betowen.com,1,,priority_review,,,,,0,,,,1,11,0,1,1,0,0,3.095795255000934,0,3104.0,1,0,0,,,,priority_gambling_review,Contains gambling-related keyword,3
api.blingwin.com,0,1.0,confirmed_gambling,Block List Project,single_source,blingwin.com,Block List Project,1,,,,1,16,0,2,2,0,0,3.452819531114783,0,6.0,1,0,1,,,,confirmed_gambling,Already confirmed by gambling blocklist/manual research,99
god55.media,1,,needs_review,,,,,0,,,,0,11,2,1,1,0,0,3.095795255000934,0,0.0,0,1,1,,,,needs_manual_review,No gambling-list match and no Tranco match,5
bigwin29.com,0,1.0,confirmed_gambling,Block List Project,single_source,bigwin29.com,Block List Project,1,,,,1,12,2,1,1,0,0,3.4182958340544896,0,1206.0,1,0,0,,,,confirmed_gambling,Already confirmed by gambling blocklist/manual research,99
ebet.agency,1,,priority_review,,,,,0,,,,1,11,0,1,1,0,0,3.0271691184406184,0,0.0,0,0,0,,,,priority_gambling_review,Contains gambling-related keyword,3
luckygame.ph,0,1.0,confirmed_gambling,Block List Project,single_source,luckygame.ph,Block List Project,1,,,,0,12,0,1,1,0,0,3.584962500721156,0,0.0,0,0,1,805150.0,luckygame.ph,exact,confirmed_gambling,Already confirmed by gambling blocklist/manual research,99
megawagi.com,0,,needs_review,,,,,0,,,,0,12,0,1,1,0,0,3.084962500721156,0,195.0,1,1,1,,,,needs_manual_review,No gambling-list match and no Tranco match,5
mfe.bigbunny.ph,0,1.0,confirmed_gambling,Block List Project,single_source,bigbunny.ph,Block List Project,1,,,,0,15,0,2,2,0,0,3.506890595608519,0,0.0,0,0,0,81304.0,bigbunny.ph,parent_domain,confirmed_gambling,Already confirmed by gambling blocklist/manual research,99
raybet03.com,1,1.0,confirmed_gambling,Block List Project,single_source,raybet03.com,Block List Project,1,,,,1,12,2,1,1,0,0,3.584962500721156,0,2931.0,1,1,1,,,,confirmed_gambling,Already confirmed by gambling blocklist/manual research,99
buenas.cc,0,1.0,confirmed_gambling,Block List Project,single_source,buenas.cc,Block List Project,1,,,,0,9,0,1,1,0,0,2.94770277922009,0,825.0,1,1,1,,,,confirmed_gambling,Already confirmed by gambling blocklist/manual research,99
66cc6.com,1,1.0,confirmed_gambling,Block List Project,single_source,66cc6.com,Block List Project,1,,,,0,9,3,1,1,0,0,2.113283334294875,0,1721.0,1,0,1,,,,confirmed_gambling,Already confirmed by gambling blocklist/manual research,99
lakiplay.com,0,1.0,confirmed_gambling,Block List Project,single_source,lakiplay.com,Block List Project,1,,,,0,12,0,1,1,0,0,3.2516291673878226,0,749.0,1,0,0,,,,confirmed_gambling,Already confirmed by gambling blocklist/manual research,99
comebetvn4.com,1,,priority_review,,,,,0,,,,1,14,1,1,1,0,0,3.235926350629033,0,0.0,0,0,0,,,,priority_gambling_review,Contains gambling-related keyword,3
quickspinner.com,0,1.0,confirmed_gambling,"Block List Project, UT1 Gambling",multi_source,quickspinner.com,"Block List Project, UT1 Gambling",2,,,,0,16,0,1,1,0,0,3.625,0,2307.0,1,0,1,,,,confirmed_gambling,Already confirmed by gambling blocklist/manual research,99
big5casino.com,0,1.0,confirmed_gambling,Block List Project,single_source,big5casino.com,Block List Project,1,,,,1,14,1,1,1,0,0,3.378783493486176,0,5504.0,1,0,1,,,,confirmed_gambling,Already confirmed by gambling blocklist/manual research,99
luckybull.com,0,1.0,confirmed_gambling,Block List Project,single_source,luckybull.com,Block List Project,1,,,,0,13,0,1,1,0,0,3.026986833359288,0,3941.0,1,0,1,,,,confirmed_gambling,Already confirmed by gambling blocklist/manual research,99
avvabet,1,,priority_review,,,,,0,,,,1,7,0,0,0,0,0,2.235926350629033,0,0.0,0,0,0,,,,priority_gambling_review,Contains gambling-related keyword,3
greendrg88.com,1,,needs_review,,,,,0,,,,0,14,2,1,1,0,0,3.235926350629033,0,0.0,0,0,0,,,,needs_manual_review,No gambling-list match and no Tranco match,5
casinoviva279.com,1,,priority_review,,,,,0,,,,1,17,3,1,1,0,0,3.4992275471326924,0,0.0,0,0,0,,,,priority_gambling_review,Contains gambling-related keyword,3
casino-account-888.click,1,,priority_review,,,,,0,,,,1,24,3,3,1,1,0,3.486440501696144,0,0.0,0,0,0,,,,priority_gambling_review,Contains gambling-related keyword,3
bizzo.world,1,,needs_review,,,,,0,,,,0,11,0,1,1,0,0,3.095795255000934,0,0.0,0,0,1,,,,needs_manual_review,No gambling-list match and no Tranco match,5
vulkanind.site,1,,needs_review,,,,,0,,,,0,14,0,1,1,0,0,3.521640636343318,1,171.0,1,1,1,,,,needs_manual_review,No gambling-list match and no Tranco match,5
comeon.com,0,1.0,confirmed_gambling,"Block List Project, UT1 Gambling",multi_source,comeon.com,"Block List Project, UT1 Gambling",2,,,,0,10,0,1,1,0,0,2.4464393446710155,0,10494.0,1,1,1,132897.0,comeon.com,exact,confirmed_gambling,Already confirmed by gambling blocklist/manual research,99
pisogame.com,0,1.0,confirmed_gambling,Block List Project,single_source,pisogame.com,Block List Project,1,,,,0,12,0,1,1,0,0,3.2516291673878226,0,849.0,1,1,1,,,,confirmed_gambling,Already confirmed by gambling blocklist/manual research,99
cricketbetbd.com,1,,priority_review,,,,,0,,,,1,16,0,1,1,0,0,3.327819531114783,0,361.0,1,1,1,,,,priority_gambling_review,Contains gambling-related keyword,3
playfrank.com,0,1.0,confirmed_gambling,Block List Project,single_source,playfrank.com,Block List Project,1,,,,0,13,0,1,1,0,0,3.546593564294939,0,4625.0,1,1,1,860139.0,playfrank.com,exact,confirmed_gambling,Already confirmed by gambling blocklist/manual research,99
kachingo.com,0,1.0,confirmed_gambling,"Block List Project, UT1 Gambling",multi_source,kachingo.com,"Block List Project, UT1 Gambling",2,,,,0,12,0,1,1,0,0,3.2516291673878226,0,7667.0,1,1,1,,,,confirmed_gambling,Already confirmed by gambling blocklist/manual research,99
apintoto.com,1,,needs_review,,,,,0,,,,0,12,0,1,1,0,0,3.0220552088742005,0,340.0,1,0,1,,,,needs_manual_review,No gambling-list match and no Tranco match,5
pesomaxfun.com,0,1.0,confirmed_gambling,Block List Project,single_source,pesomaxfun.com,Block List Project,1,,,,0,14,0,1,1,0,0,3.521640636343318,0,223.0,1,1,1,207184.0,pesomaxfun.com,exact,confirmed_gambling,Already confirmed by gambling blocklist/manual research,99
arcticcasino.com,0,1.0,confirmed_gambling,"Block List Project, UT1 Gambling",multi_source,arcticcasino.com,"Block List Project, UT1 Gambling",2,,,,1,16,0,1,1,0,0,3.125,0,5089.0,1,1,1,,,,confirmed_gambling,Already confirmed by gambling blocklist/manual research,99
jk88,1,,needs_review,,,,,0,,,,0,4,2,0,0,0,0,1.5,0,0.0,0,0,0,,,,needs_manual_review,No gambling-list match and no Tranco match,5
j8958.com,1,,needs_review,,,,,0,,,,0,9,4,1,1,0,0,2.94770277922009,0,36.0,1,1,1,,,,needs_manual_review,No gambling-list match and no Tranco match,5
ww88web.vip,1,,needs_review,,,,,0,,,,0,11,2,1,1,0,0,2.8453509366224368,0,0.0,0,0,0,,,,needs_manual_review,No gambling-list match and no Tranco match,5
grosvenorcasinos.com,0,1.0,confirmed_gambling,"Block List Project, UT1 Gambling",multi_source,grosvenorcasinos.com,"Block List Project, UT1 Gambling",2,,,,1,20,0,1,1,0,0,3.3841837197791893,0,8543.0,1,0,1,72032.0,grosvenorcasinos.com,exact,confirmed_gambling,Already confirmed by gambling blocklist/manual research,99
god55.cash,1,,needs_review,,,,,0,,,,0,10,2,1,1,0,0,3.1219280948873624,0,0.0,0,1,1,,,,needs_manual_review,No gambling-list match and no Tranco match,5
8558win.com,1,,priority_review,,,,,0,,,,1,11,4,1,1,0,0,3.095795255000934,0,0.0,0,0,0,,,,priority_gambling_review,Contains gambling-related keyword,3
win7979.com,1,,priority_review,,,,,0,,,,1,11,4,1,1,0,0,3.095795255000934,0,842.0,1,1,1,,,,priority_gambling_review,Contains gambling-related keyword,3
greatbet.co.uk,0,,priority_review,,,,,0,,,,1,14,0,2,2,0,0,3.378783493486176,0,3474.0,1,1,1,,,,priority_gambling_review,Contains gambling-related keyword,3
starsports.bet,0,1.0,confirmed_gambling,"Block List Project, UT1 Gambling",multi_source,starsports.bet,"Block List Project, UT1 Gambling",2,,,,1,14,0,1,1,0,0,2.985228136034252,0,0.0,0,1,1,408567.0,starsports.bet,exact,confirmed_gambling,Already confirmed by gambling blocklist/manual research,99
ilotbet-0012.weebly.com,1,,priority_review,,,,,0,,,,1,23,4,3,2,1,0,3.795088586397732,0,7319.0,1,1,1,344.0,weebly.com,parent_domain,priority_gambling_review,Contains gambling-related keyword,3
desklucky.com,0,,needs_review,,,,,0,,,,0,13,0,1,1,0,0,3.3927474104487847,0,533.0,1,1,1,,,,needs_manual_review,No gambling-list match and no Tranco match,5
rayvietnam.net,1,,needs_review,,,,,0,,,,0,14,0,1,1,0,0,3.235926350629033,0,1463.0,1,1,1,,,,needs_manual_review,No gambling-list match and no Tranco match,5
1k8bet,1,,priority_review,,,,,0,,,,1,6,2,0,0,0,0,2.584962500721156,0,0.0,0,0,0,,,,priority_gambling_review,Contains gambling-related keyword,3
egibet103.com,1,,priority_review,,,,,0,,,,1,13,3,1,1,0,0,3.546593564294939,0,0.0,0,0,0,,,,priority_gambling_review,Contains gambling-related keyword,3
msspins.com,0,,needs_review,,,,,0,,,,0,11,0,1,1,0,0,2.8453509366224368,0,970.0,1,1,1,,,,needs_manual_review,No gambling-list match and no Tranco match,5
dingcasino.com,0,1.0,confirmed_gambling,"Block List Project, UT1 Gambling",multi_source,dingcasino.com,"Block List Project, UT1 Gambling",2,,,,1,14,0,1,1,0,0,3.235926350629033,0,907.0,1,1,1,,,,confirmed_gambling,Already confirmed by gambling blocklist/manual research,99
legendlink.com,0,1.0,confirmed_gambling,Block List Project,single_source,legendlink.com,Block List Project,1,,,,0,14,0,1,1,0,0,3.378783493486176,0,6983.0,1,1,1,,,,confirmed_gambling,Already confirmed by gambling blocklist/manual research,99
juanpanalo.ph,0,,needs_review,,,,,0,,,,0,13,0,1,1,0,0,3.026986833359288,0,0.0,0,1,1,,,,needs_manual_review,No gambling-list match and no Tranco match,5
kingspin.uk,0,,needs_review,,,,,0,,,,0,11,0,1,1,0,0,2.913977073182752,0,653.0,1,1,1,,,,needs_manual_review,No gambling-list match and no Tranco match,5
jackpotcitycasino.co.uk,0,1.0,confirmed_gambling,"Block List Project, UT1 Gambling",multi_source,jackpotcitycasino.co.uk,"Block List Project, UT1 Gambling",2,,,,1,23,0,2,2,0,0,3.5342190211803404,0,1198.0,1,1,1,492898.0,jackpotcitycasino.co.uk,exact,confirmed_gambling,Already confirmed by gambling blocklist/manual research,99
ggpoker.ph,0,1.0,confirmed_gambling,Block List Project,single_source,ggpoker.ph,Block List Project,1,,,,0,10,0,1,1,0,0,2.9219280948873623,0,0.0,0,1,1,,,,confirmed_gambling,Already confirmed by gambling blocklist/manual research,99
gamezone88.com,0,1.0,confirmed_gambling,Block List Project,single_source,gamezone88.com,Block List Project,1,,,,0,14,2,1,1,0,0,3.235926350629033,0,1907.0,1,1,1,,,,confirmed_gambling,Already confirmed by gambling blocklist/manual research,99
blingwin.co,0,,priority_review,,,,,0,,,,1,11,0,1,1,0,0,3.095795255000934,0,0.0,0,0,1,,,,priority_gambling_review,Contains gambling-related keyword,3
casino.fanatics.com,0,,priority_review,,,,,0,,,,1,19,0,2,2,0,0,3.2210972500579573,0,10063.0,1,1,1,10910.0,fanatics.com,parent_domain,priority_gambling_review,Contains gambling-related keyword,3
bppoker.com,0,,needs_review,,,,,0,,,,0,11,0,1,1,0,0,3.095795255000934,0,5295.0,1,1,1,,,,needs_manual_review,No gambling-list match and no Tranco match,5
ultracasino.com,0,1.0,confirmed_gambling,"Block List Project, UT1 Gambling",multi_source,ultracasino.com,"Block List Project, UT1 Gambling",2,,,,1,15,0,1,1,0,0,3.506890595608519,0,7320.0,1,0,1,972316.0,ultracasino.com,exact,confirmed_gambling,Already confirmed by gambling blocklist/manual research,99
luckyi.com,0,1.0,confirmed_gambling,Block List Project,single_source,luckyi.com,Block List Project,1,,,,0,10,0,1,1,0,0,3.1219280948873624,0,8137.0,1,1,1,109585.0,luckyi.com,exact,confirmed_gambling,Already confirmed by gambling blocklist/manual research,99
huhubet665.com,1,,priority_review,,,,,0,,,,1,14,3,1,1,0,0,3.378783493486176,0,0.0,0,0,0,,,,priority_gambling_review,Contains gambling-related keyword,3
liveroulette.com,0,1.0,confirmed_gambling,"Block List Project, UT1 Gambling",multi_source,liveroulette.com,"Block List Project, UT1 Gambling",2,,,,0,16,0,1,1,0,0,3.327819531114783,0,10149.0,1,1,1,,,,confirmed_gambling,Already confirmed by gambling blocklist/manual research,99
bilyoncu127.com,1,,needs_review,,,,,0,,,,0,15,3,1,1,0,0,3.640223928941852,0,0.0,0,0,1,,,,needs_manual_review,No gambling-list match and no Tranco match,5
casino.draftkings.com,0,1.0,confirmed_gambling,"Block List Project, UT1 Gambling",multi_source,draftkings.com,"Block List Project, UT1 Gambling",2,,,,1,21,0,2,2,0,0,3.725650756112093,0,5508.0,1,1,1,4809.0,draftkings.com,parent_domain,confirmed_gambling,Already confirmed by gambling blocklist/manual research,99
king.com.ph,0,,needs_review,,,,,0,,,,0,11,0,2,2,0,0,3.277613436819116,0,0.0,0,0,1,,,,needs_manual_review,No gambling-list match and no Tranco match,5
most-bet.top,1,,priority_review,,,,,0,,,,1,12,0,2,1,1,0,3.0220552088742005,1,94.0,1,1,1,,,,priority_gambling_review,Contains gambling-related keyword,3
galabingo.com,0,1.0,confirmed_gambling,Block List Project,single_source,galabingo.com,Block List Project,1,,,,0,13,0,1,1,0,0,3.238901256602631,0,9860.0,1,0,1,39736.0,galabingo.com,exact,confirmed_gambling,Already confirmed by gambling blocklist/manual research,99
nitrowin.com,0,1.0,confirmed_gambling,Block List Project,single_source,nitrowin.com,Block List Project,1,,,,1,12,0,1,1,0,0,3.084962500721156,0,3505.0,1,1,1,,,,confirmed_gambling,Already confirmed by gambling blocklist/manual research,99
juanzone.ph,0,,needs_review,,,,,0,,,,0,11,0,1,1,0,0,3.277613436819116,0,0.0,0,1,1,,,,needs_manual_review,No gambling-list match and no Tranco match,5
kordonbet.com,1,1.0,confirmed_gambling,Block List Project,single_source,kordonbet.com,Block List Project,1,,,,1,13,0,1,1,0,0,3.334679141051595,0,2087.0,1,0,1,,,,confirmed_gambling,Already confirmed by gambling blocklist/manual research,99
koalaspins.com,1,,needs_review,,,,,0,,,,0,14,0,1,1,0,0,3.378783493486176,0,974.0,1,0,1,,,,needs_manual_review,No gambling-list match and no Tranco match,5
sportybetcompanyonlinelink.weebly.com,1,,priority_review,,,,,0,,,,1,37,0,2,2,0,0,3.925405392539033,0,7319.0,1,0,0,344.0,weebly.com,parent_domain,priority_gambling_review,Contains gambling-related keyword,3
regentplay.com,0,1.0,confirmed_gambling,Block List Project,single_source,regentplay.com,Block List Project,1,,,,0,14,0,1,1,0,0,3.664497779200461,0,2014.0,1,1,1,,,,confirmed_gambling,Already confirmed by gambling blocklist/manual research,99
bzeebet.com,0,,priority_review,,,,,0,,,,1,11,0,1,1,0,0,2.8453509366224368,0,1416.0,1,0,1,,,,priority_gambling_review,Contains gambling-related keyword,3
vauhdikas.com,0,1.0,confirmed_gambling,Block List Project,single_source,vauhdikas.com,Block List Project,1,,,,0,13,0,1,1,0,0,3.546593564294939,0,912.0,1,1,1,,,,confirmed_gambling,Already confirmed by gambling blocklist/manual research,99
eurobahis.com,1,,needs_review,,,,,0,,,,0,13,0,1,1,0,0,3.546593564294939,0,1538.0,1,0,1,,,,needs_manual_review,No gambling-list match and no Tranco match,5
kzingdemo.com,1,1.0,confirmed_gambling,Block List Project,single_source,kzingdemo.com,Block List Project,1,,,,0,13,0,1,1,0,0,3.3927474104487847,0,2600.0,1,1,1,,,,confirmed_gambling,Already confirmed by gambling blocklist/manual research,99
ggbbbet.net,1,1.0,confirmed_gambling,Block List Project,single_source,ggbbbet.net,Block List Project,1,,,,1,11,0,1,1,0,0,2.481714572986073,0,1663.0,1,0,1,,,,confirmed_gambling,Already confirmed by gambling blocklist/manual research,99
nj.bet365.com,0,1.0,confirmed_gambling,"Block List Project, UT1 Gambling",multi_source,bet365.com,"Block List Project, UT1 Gambling",2,,,,1,13,3,2,2,0,0,3.546593564294939,0,9747.0,1,0,1,4398.0,bet365.com,parent_domain,confirmed_gambling,Already confirmed by gambling blocklist/manual research,99
winzir.net,0,1.0,confirmed_gambling,Block List Project,single_source,winzir.net,Block List Project,1,,,,1,10,0,1,1,0,0,2.9219280948873623,0,1507.0,1,1,1,,,,confirmed_gambling,Already confirmed by gambling blocklist/manual research,99
24casino1.bet,1,1.0,confirmed_gambling,"Block List Project, UT1 Gambling",multi_source,24casino1.bet,"Block List Project, UT1 Gambling",2,,,,1,13,3,1,1,0,0,3.7004397181410926,0,0.0,0,1,1,,,,confirmed_gambling,Already confirmed by gambling blocklist/manual research,99
luckystarph.com,0,,needs_review,,,,,0,,,,0,15,0,1,1,0,0,3.773557262275186,0,276.0,1,0,1,,,,needs_manual_review,No gambling-list match and no Tranco match,5
arcticbet.com,0,,priority_review,,,,,0,,,,1,13,0,1,1,0,0,3.180832987205441,0,1027.0,1,1,1,,,,priority_gambling_review,Contains gambling-related keyword,3
atm228.com,1,,needs_review,,,,,0,,,,0,10,3,1,1,0,0,2.9219280948873623,0,1782.0,1,0,1,,,,needs_manual_review,No gambling-list match and no Tranco match,5
casipol957.com,1,,needs_review,,,,,0,,,,0,14,3,1,1,0,0,3.521640636343318,0,0.0,0,0,0,,,,needs_manual_review,No gambling-list match and no Tranco match,5
specialty.mgame.ph,0,,needs_review,,,,,0,,,,0,18,0,2,2,0,0,3.614369445886757,0,0.0,0,0,1,,,,needs_manual_review,No gambling-list match and no Tranco match,5
kwiff.com,0,1.0,confirmed_gambling,Block List Project,single_source,kwiff.com,Block List Project,1,,,,0,9,0,1,1,0,0,2.94770277922009,0,4306.0,1,1,1,274292.0,kwiff.com,exact,confirmed_gambling,Already confirmed by gambling blocklist/manual research,99
pokerstarscasino.uk,0,1.0,confirmed_gambling,"Block List Project, UT1 Gambling",multi_source,pokerstarscasino.uk,"Block List Project, UT1 Gambling",2,,,,1,19,0,1,1,0,0,3.5766176449086657,0,4220.0,1,1,1,,,,confirmed_gambling,Already confirmed by gambling blocklist/manual research,99
betnef369.com,1,,priority_review,,,,,0,,,,1,13,3,1,1,0,0,3.546593564294939,0,0.0,0,0,1,,,,priority_gambling_review,Contains gambling-related keyword,3
healthlottery.co.uk,0,1.0,confirmed_gambling,"Block List Project, UT1 Gambling",multi_source,healthlottery.co.uk,"Block List Project, UT1 Gambling",2,,,,0,19,0,2,2,0,0,3.471354487013929,0,6891.0,1,1,1,385135.0,healthlottery.co.uk,exact,confirmed_gambling,Already confirmed by gambling blocklist/manual research,99
sportybet-nigeria-bookings.weebly.com,1,,priority_review,,,,,0,,,,1,37,0,4,2,1,0,4.087567554701195,0,7319.0,1,0,0,344.0,weebly.com,parent_domain,priority_gambling_review,Contains gambling-related keyword,3
bet88.stream,0,,priority_review,,,,,0,,,,1,12,2,1,1,0,0,3.084962500721156,0,1053.0,1,1,1,,,,priority_gambling_review,Contains gambling-related keyword,3
filgame.ph,0,,needs_review,,,,,0,,,,0,10,0,1,1,0,0,3.321928094887362,0,0.0,0,1,1,,,,needs_manual_review,No gambling-list match and no Tranco match,5
sugarino.com,0,1.0,confirmed_gambling,Block List Project,single_source,sugarino.com,Block List Project,1,,,,0,12,0,1,1,0,0,3.4182958340544896,0,4370.0,1,1,1,,,,confirmed_gambling,Already confirmed by gambling blocklist/manual research,99
luckypantsbingo.com,0,1.0,confirmed_gambling,Block List Project,single_source,luckypantsbingo.com,Block List Project,1,,,,0,19,0,1,1,0,0,3.932138039759375,0,5044.0,1,0,1,386603.0,luckypantsbingo.com,exact,confirmed_gambling,Already confirmed by gambling blocklist/manual research,99
omnislots.com,0,1.0,confirmed_gambling,"Block List Project, UT1 Gambling",multi_source,omnislots.com,"Block List Project, UT1 Gambling",2,,,,1,13,0,1,1,0,0,3.026986833359288,0,4159.0,1,0,1,545490.0,omnislots.com,exact,confirmed_gambling,Already confirmed by gambling blocklist/manual research,99
alpha66,1,,needs_review,,,,,0,,,,0,7,2,0,0,0,0,2.235926350629033,0,0.0,0,0,0,,,,needs_manual_review,No gambling-list match and no Tranco match,5
wheeloffortunecasino.com,0,,priority_review,,,,,0,,,,1,24,0,1,1,0,0,3.8035088547976783,0,3176.0,1,0,1,,,,priority_gambling_review,Contains gambling-related keyword,3
efc88.club,1,,needs_review,,,,,0,,,,0,10,2,1,1,0,0,2.9219280948873623,1,1157.0,1,0,1,,,,needs_manual_review,No gambling-list match and no Tranco match,5
blgcoin88.com,1,,needs_review,,,,,0,,,,0,13,2,1,1,0,0,3.238901256602631,0,0.0,0,0,1,,,,needs_manual_review,No gambling-list match and no Tranco match,5
joker777.net,1,,priority_review,,,,,0,,,,1,12,3,1,1,0,0,3.0220552088742005,0,2557.0,1,1,1,,,,priority_gambling_review,Contains gambling-related keyword,3
crown01.org,1,,needs_review,,,,,0,,,,0,11,2,1,1,0,0,3.095795255000934,0,1009.0,1,0,1,,,,needs_manual_review,No gambling-list match and no Tranco match,5
bingoplus.com,0,1.0,confirmed_gambling,Block List Project,single_source,bingoplus.com,Block List Project,1,,,,0,13,0,1,1,0,0,3.546593564294939,0,8407.0,1,1,1,1591.0,bingoplus.com,exact,confirmed_gambling,Already confirmed by gambling blocklist/manual research,99
nj.betrivers.com,0,1.0,confirmed_gambling,"Block List Project, UT1 Gambling",multi_source,betrivers.com,"Block List Project, UT1 Gambling",2,,,,1,16,0,2,2,0,0,3.625,0,2879.0,1,1,1,45626.0,betrivers.com,parent_domain,confirmed_gambling,Already confirmed by gambling blocklist/manual research,99
hashlucky.io,1,1.0,confirmed_gambling,Block List Project,single_source,hashlucky.io,Block List Project,1,,,,0,12,0,1,1,0,0,3.4182958340544896,0,900.0,1,0,1,,,,confirmed_gambling,Already confirmed by gambling blocklist/manual research,99
magicred.com,0,1.0,confirmed_gambling,"Block List Project, UT1 Gambling",multi_source,magicred.com,"Block List Project, UT1 Gambling",2,,,,0,12,0,1,1,0,0,3.2516291673878226,0,7606.0,1,1,1,529608.0,magicred.com,exact,confirmed_gambling,Already confirmed by gambling blocklist/manual research,99
pirateslots.com,0,1.0,confirmed_gambling,Block List Project,single_source,pirateslots.com,Block List Project,1,,,,1,15,0,1,1,0,0,3.506890595608519,0,3513.0,1,1,1,,,,confirmed_gambling,Already confirmed by gambling blocklist/manual research,99
doctorjudi.com,1,,needs_review,,,,,0,,,,0,14,0,1,1,0,0,3.1820058147602133,0,1512.0,1,0,1,,,,needs_manual_review,No gambling-list match and no Tranco match,5
peryaplay.ph,0,1.0,confirmed_gambling,Block List Project,single_source,peryaplay.ph,Block List Project,1,,,,0,12,0,1,1,0,0,2.8553885422075336,0,0.0,0,1,1,,,,confirmed_gambling,Already confirmed by gambling blocklist/manual research,99
kittybingo.com,0,1.0,confirmed_gambling,Block List Project,single_source,kittybingo.com,Block List Project,1,,,,0,14,0,1,1,0,0,3.378783493486176,0,6886.0,1,0,1,414130.0,kittybingo.com,exact,confirmed_gambling,Already confirmed by gambling blocklist/manual research,99
hannliveonline.com,0,1.0,confirmed_gambling,Block List Project,single_source,hannliveonline.com,Block List Project,1,,,,0,18,0,1,1,0,0,3.281036112553424,0,772.0,1,0,1,,,,confirmed_gambling,Already confirmed by gambling blocklist/manual research,99
sg8.bet,0,1.0,confirmed_gambling,"Block List Project, UT1 Gambling",multi_source,sg8.bet,"Block List Project, UT1 Gambling",2,,,,1,7,1,1,1,0,0,2.807354922057604,0,0.0,0,1,1,,,,confirmed_gambling,Already confirmed by gambling blocklist/manual research,99
hawkgaming.com,0,1.0,confirmed_gambling,Block List Project,single_source,hawkgaming.com,Block List Project,1,,,,0,14,0,1,1,0,0,3.378783493486176,0,4452.0,1,0,0,,,,confirmed_gambling,Already confirmed by gambling blocklist/manual research,99
hipercasino889.com,1,,priority_review,,,,,0,,,,1,18,3,1,1,0,0,3.725480556997868,0,0.0,0,0,1,,,,priority_gambling_review,Contains gambling-related keyword,3
kaiyun.io,1,,needs_review,,,,,0,,,,0,9,0,1,1,0,0,2.94770277922009,0,1329.0,1,0,1,,,,needs_manual_review,No gambling-list match and no Tranco match,5
elbet.com,0,1.0,confirmed_gambling,Block List Project,single_source,elbet.com,Block List Project,1,,,,1,9,0,1,1,0,0,2.94770277922009,0,7820.0,1,1,1,327386.0,elbet.com,exact,confirmed_gambling,Already confirmed by gambling blocklist/manual research,99
winkbingo.com,0,1.0,confirmed_gambling,Block List Project,single_source,winkbingo.com,Block List Project,1,,,,1,13,0,1,1,0,0,3.238901256602631,0,6857.0,1,0,1,314157.0,winkbingo.com,exact,confirmed_gambling,Already confirmed by gambling blocklist/manual research,99
ak-vn.com,1,,needs_review,,,,,0,,,,0,9,0,2,1,1,0,3.169925001442312,0,0.0,0,1,1,,,,needs_manual_review,No gambling-list match and no Tranco match,5
spinjam.com,0,,needs_review,,,,,0,,,,0,11,0,1,1,0,0,3.277613436819116,0,8362.0,1,1,1,,,,needs_manual_review,No gambling-list match and no Tranco match,5
spinrio.com,0,1.0,confirmed_gambling,Block List Project,single_source,spinrio.com,Block List Project,1,,,,0,11,0,1,1,0,0,3.095795255000934,0,2099.0,1,1,1,,,,confirmed_gambling,Already confirmed by gambling blocklist/manual research,99
footballbet.weebly.com,1,,priority_review,,,,,0,,,,1,22,0,2,2,0,0,3.413088436425757,0,7319.0,1,1,1,344.0,weebly.com,parent_domain,priority_gambling_review,Contains gambling-related keyword,3
queenvegas.com,0,1.0,confirmed_gambling,Block List Project,single_source,queenvegas.com,Block List Project,1,,,,0,14,0,1,1,0,0,3.4677201004745,0,7391.0,1,0,1,,,,confirmed_gambling,Already confirmed by gambling blocklist/manual research,99
betfred.com,0,1.0,confirmed_gambling,"Block List Project, UT1 Gambling",multi_source,betfred.com,"Block List Project, UT1 Gambling",2,,,,1,11,0,1,1,0,0,3.277613436819116,0,8451.0,1,0,1,29639.0,betfred.com,exact,confirmed_gambling,Already confirmed by gambling blocklist/manual research,99
betonego.com,1,,priority_review,,,,,0,,,,1,12,0,1,1,0,0,3.0220552088742005,0,937.0,1,0,1,,,,priority_gambling_review,Contains gambling-related keyword,3
s5.com,0,1.0,confirmed_gambling,Block List Project,single_source,s5.com,Block List Project,1,,,,0,6,1,1,1,0,0,2.584962500721156,0,10721.0,1,0,1,126238.0,s5.com,exact,confirmed_gambling,Already confirmed by gambling blocklist/manual research,99
jackpotvulcan.com,1,,priority_review,,,,,0,,,,1,17,0,1,1,0,0,3.572469458770135,0,1256.0,1,1,1,,,,priority_gambling_review,Contains gambling-related keyword,3
fairplay.ph,0,1.0,confirmed_gambling,Block List Project,single_source,fairplay.ph,Block List Project,1,,,,0,11,0,1,1,0,0,3.095795255000934,0,0.0,0,1,1,782298.0,fairplay.ph,exact,confirmed_gambling,Already confirmed by gambling blocklist/manual research,99
bet-login-777.xyz,1,,priority_review,,,,,0,,,,1,17,3,3,1,1,0,3.690116517593665,1,0.0,0,0,0,,,,priority_gambling_review,Contains gambling-related keyword,3
buffalo39a.com,1,,needs_review,,,,,0,,,,0,14,2,1,1,0,0,3.378783493486176,0,0.0,0,0,1,,,,needs_manual_review,No gambling-list match and no Tranco match,5
playojo.co.uk,0,,needs_review,,,,,0,,,,0,13,0,2,2,0,0,3.180832987205441,0,3696.0,1,1,1,,,,needs_manual_review,No gambling-list match and no Tranco match,5
casino.netbet.co.uk,0,1.0,confirmed_gambling,"Block List Project, UT1 Gambling",multi_source,netbet.co.uk,"Block List Project, UT1 Gambling",2,,,,1,19,0,3,3,0,0,3.471354487013929,0,7283.0,1,0,1,76142.0,netbet.co.uk,parent_domain,confirmed_gambling,Already confirmed by gambling blocklist/manual research,99
plazaroyal.com,0,1.0,confirmed_gambling,Block List Project,single_source,plazaroyal.com,Block List Project,1,,,,0,14,0,1,1,0,0,3.1820058147602133,0,9943.0,1,1,1,,,,confirmed_gambling,Already confirmed by gambling blocklist/manual research,99
raisebet24.com,1,,priority_review,,,,,0,,,,1,14,2,1,1,0,0,3.664497779200461,0,1724.0,1,0,0,,,,priority_gambling_review,Contains gambling-related keyword,3
ilotbetzipeg1li1itch.weebly.com,1,,priority_review,,,,,0,,,,1,31,2,2,2,0,0,3.808719697344071,0,7319.0,1,0,0,344.0,weebly.com,parent_domain,priority_gambling_review,Contains gambling-related keyword,3
okfun.ph,0,1.0,confirmed_gambling,Block List Project,single_source,okfun.ph,Block List Project,1,,,,0,8,0,1,1,0,0,3.0,0,0.0,0,1,1,,,,confirmed_gambling,Already confirmed by gambling blocklist/manual research,99
betmod90.com,1,,priority_review,,,,,0,,,,1,12,2,1,1,0,0,3.2516291673878226,0,0.0,0,0,0,,,,priority_gambling_review,Contains gambling-related keyword,3
j8962.com,1,,needs_review,,,,,0,,,,0,9,4,1,1,0,0,3.169925001442312,0,36.0,1,1,1,,,,needs_manual_review,No gambling-list match and no Tranco match,5
patokbet.com,0,1.0,confirmed_gambling,Block List Project,single_source,patokbet.com,Block List Project,1,,,,1,12,0,1,1,0,0,3.2516291673878226,0,1052.0,1,1,1,,,,confirmed_gambling,Already confirmed by gambling blocklist/manual research,99
playpal77.ph,0,1.0,confirmed_gambling,Block List Project,single_source,playpal77.ph,Block List Project,1,,,,0,12,2,1,1,0,0,2.688721875540867,0,0.0,0,1,1,,,,confirmed_gambling,Already confirmed by gambling blocklist/manual research,99
fbmplay.ph,0,,needs_review,,,,,0,,,,0,10,0,1,1,0,0,3.1219280948873624,0,0.0,0,1,1,,,,needs_manual_review,No gambling-list match and no Tranco match,5
afgames.com,1,,needs_review,,,,,0,,,,0,11,0,1,1,0,0,3.095795255000934,0,4874.0,1,0,1,,,,needs_manual_review,No gambling-list match and no Tranco match,5
joy-casino.in,1,,priority_review,,,,,0,,,,1,13,0,2,1,1,0,3.238901256602631,0,0.0,0,0,0,,,,priority_gambling_review,Contains gambling-related keyword,3
slotvocalnocasheu.vip,1,,priority_review,,,,,0,,,,1,21,0,1,1,0,0,3.6897037321995474,0,109.0,1,0,1,,,,priority_gambling_review,Contains gambling-related keyword,3
adaxbet,1,,priority_review,,,,,0,,,,1,7,0,0,0,0,0,2.521640636343318,0,0.0,0,0,0,,,,priority_gambling_review,Contains gambling-related keyword,3
casinoeye.com,0,,priority_review,,,,,0,,,,1,13,0,1,1,0,0,3.238901256602631,0,8086.0,1,1,1,,,,priority_gambling_review,Contains gambling-related keyword,3
okgames.net,0,1.0,confirmed_gambling,Block List Project,single_source,okgames.net,Block List Project,1,,,,0,11,0,1,1,0,0,3.277613436819116,0,7722.0,1,1,1,,,,confirmed_gambling,Already confirmed by gambling blocklist/manual research,99
bet365vnn.com,1,,priority_review,,,,,0,,,,1,13,3,1,1,0,0,3.546593564294939,0,496.0,1,1,1,,,,priority_gambling_review,Contains gambling-related keyword,3
slotsroyale.co.uk,0,,priority_review,,,,,0,,,,1,17,0,2,2,0,0,3.4548223999466057,0,2365.0,1,1,1,,,,priority_gambling_review,Contains gambling-related keyword,3
bigwin668.com,1,,priority_review,,,,,0,,,,1,13,3,1,1,0,0,3.3927474104487847,0,2061.0,1,0,0,,,,priority_gambling_review,Contains gambling-related keyword,3
spinomenal.io,0,,needs_review,,,,,0,,,,0,13,0,1,1,0,0,3.238901256602631,0,2247.0,1,0,1,549059.0,spinomenal.io,exact,weak_benign_candidate,Appears in Tranco Top 1M,4
1-bdmbet.com,1,1.0,confirmed_gambling,Block List Project,single_source,1-bdmbet.com,Block List Project,1,,,,1,12,1,2,1,1,0,3.2516291673878226,0,659.0,1,0,0,,,,confirmed_gambling,Already confirmed by gambling blocklist/manual research,99
755bet.com,1,1.0,confirmed_gambling,Block List Project,single_source,755bet.com,Block List Project,1,,,,1,10,3,1,1,0,0,3.1219280948873624,0,3227.0,1,1,1,753316.0,755bet.com,exact,confirmed_gambling,Already confirmed by gambling blocklist/manual research,99
bingoplus.online,0,1.0,confirmed_gambling,Block List Project,single_source,bingoplus.online,Block List Project,1,,,,0,16,0,1,1,0,0,3.327819531114783,1,1613.0,1,1,1,,,,confirmed_gambling,Already confirmed by gambling blocklist/manual research,99
light-pay.com,1,,needs_review,,,,,0,,,,0,13,0,2,1,1,0,3.7004397181410926,0,1136.0,1,1,1,,,,needs_manual_review,No gambling-list match and no Tranco match,5
lottoland.co.uk,0,1.0,confirmed_gambling,Block List Project,single_source,lottoland.co.uk,Block List Project,1,,,,0,15,0,2,2,0,0,3.1898980954642875,0,4827.0,1,1,1,160656.0,lottoland.co.uk,exact,confirmed_gambling,Already confirmed by gambling blocklist/manual research,99
sportsbet.mgame.ph,0,,priority_review,,,,,0,,,,1,18,0,2,2,0,0,3.5032583347756456,0,0.0,0,1,1,,,,priority_gambling_review,Contains gambling-related keyword,3
casino-free-777.click,1,,priority_review,,,,,0,,,,1,21,3,3,1,1,0,3.6537567082870015,0,0.0,0,0,0,,,,priority_gambling_review,Contains gambling-related keyword,3
bigwin99.net,1,,priority_review,,,,,0,,,,1,12,2,1,1,0,0,3.084962500721156,0,0.0,0,0,1,,,,priority_gambling_review,Contains gambling-related keyword,3
megascratch.com,0,,needs_review,,,,,0,,,,0,15,0,1,1,0,0,3.323231428797621,0,8612.0,1,1,1,,,,needs_manual_review,No gambling-list match and no Tranco match,5
skyvegas.com,0,1.0,confirmed_gambling,Block List Project,single_source,skyvegas.com,Block List Project,1,,,,0,12,0,1,1,0,0,3.4182958340544896,0,9175.0,1,1,1,3624.0,skyvegas.com,exact,confirmed_gambling,Already confirmed by gambling blocklist/manual research,99
888.co.uk,0,,needs_review,,,,,0,,,,0,9,3,2,2,0,0,2.4193819456463714,0,10433.0,1,1,1,,,,needs_manual_review,No gambling-list match and no Tranco match,5
spinara.com,0,,needs_review,,,,,0,,,,0,11,0,1,1,0,0,3.277613436819116,0,1105.0,1,1,1,,,,needs_manual_review,No gambling-list match and no Tranco match,5
kingbet86.com,1,1.0,confirmed_gambling,Block List Project,single_source,kingbet86.com,Block List Project,1,,,,1,13,2,1,1,0,0,3.7004397181410926,0,71.0,1,0,1,,,,confirmed_gambling,Already confirmed by gambling blocklist/manual research,99
viplucky.com,0,,needs_review,,,,,0,,,,0,12,0,1,1,0,0,3.4182958340544896,0,2924.0,1,1,1,,,,needs_manual_review,No gambling-list match and no Tranco match,5
app-domain.pin77.com,0,1.0,confirmed_gambling,Block List Project,single_source,pin77.com,Block List Project,1,,,,0,20,2,3,2,1,0,3.3841837197791893,0,2135.0,1,0,0,,,,confirmed_gambling,Already confirmed by gambling blocklist/manual research,99
pin77.asia,0,,needs_review,,,,,0,,,,0,10,2,1,1,0,0,2.721928094887362,0,0.0,0,0,1,,,,needs_manual_review,No gambling-list match and no Tranco match,5
bahistream.org,1,,needs_review,,,,,0,,,,0,14,0,1,1,0,0,3.521640636343318,0,0.0,0,0,0,,,,needs_manual_review,No gambling-list match and no Tranco match,5
jackpotcity.co.uk,0,1.0,confirmed_gambling,Block List Project,single_source,jackpotcity.co.uk,Block List Project,1,,,,1,17,0,2,2,0,0,3.3371753411230767,0,8718.0,1,1,1,,,,confirmed_gambling,Already confirmed by gambling blocklist/manual research,99
casinosieger.com,0,1.0,confirmed_gambling,Block List Project,single_source,casinosieger.com,Block List Project,1,,,,1,16,0,1,1,0,0,3.375,0,5385.0,1,0,1,649008.0,casinosieger.com,exact,confirmed_gambling,Already confirmed by gambling blocklist/manual research,99
grandfinityplay,1,,needs_review,,,,,0,,,,0,15,0,0,0,0,0,3.373557262275185,0,0.0,0,0,0,,,,needs_manual_review,No gambling-list match and no Tranco match,5
win1212.com,1,,priority_review,,,,,0,,,,1,11,4,1,1,0,0,3.095795255000934,0,13.0,1,0,0,,,,priority_gambling_review,Contains gambling-related keyword,3
epicgame.ph,0,,needs_review,,,,,0,,,,0,11,0,1,1,0,0,3.095795255000934,0,0.0,0,0,1,,,,needs_manual_review,No gambling-list match and no Tranco match,5
bwin98.com,1,,priority_review,,,,,0,,,,1,10,2,1,1,0,0,3.321928094887362,0,3227.0,1,0,1,,,,priority_gambling_review,Contains gambling-related keyword,3
1x-play.com,1,,needs_review,,,,,0,,,,0,11,1,2,1,1,0,3.4594316186372973,0,247.0,1,1,1,,,,needs_manual_review,No gambling-list match and no Tranco match,5
halfagoal.com,1,,needs_review,,,,,0,,,,0,13,0,1,1,0,0,3.026986833359288,0,4163.0,1,0,1,,,,needs_manual_review,No gambling-list match and no Tranco match,5
fb88cool.com,1,,needs_review,,,,,0,,,,0,12,2,1,1,0,0,2.8553885422075336,0,2004.0,1,0,1,,,,needs_manual_review,No gambling-list match and no Tranco match,5
jackpotcombo.com,0,,priority_review,,,,,0,,,,1,16,0,1,1,0,0,3.077819531114783,0,528.0,1,1,1,,,,priority_gambling_review,Contains gambling-related keyword,3
gtaya.com,0,1.0,confirmed_gambling,Block List Project,single_source,gtaya.com,Block List Project,1,,,,0,9,0,1,1,0,0,2.94770277922009,0,309.0,1,1,1,216340.0,gtaya.com,exact,confirmed_gambling,Already confirmed by gambling blocklist/manual research,99
royalvalleycasino.com,0,,priority_review,,,,,0,,,,1,21,0,1,1,0,0,3.52257158913636,0,2070.0,1,1,1,,,,priority_gambling_review,Contains gambling-related keyword,3
blingwin.me,0,,priority_review,,,,,0,,,,1,11,0,1,1,0,0,3.095795255000934,0,491.0,1,0,1,,,,priority_gambling_review,Contains gambling-related keyword,3
slotnite.com,0,1.0,confirmed_gambling,Block List Project,single_source,slotnite.com,Block List Project,1,,,,1,12,0,1,1,0,0,3.2516291673878226,0,2792.0,1,1,1,,,,confirmed_gambling,Already confirmed by gambling blocklist/manual research,99
902bahisnow.com,1,,needs_review,,,,,0,,,,0,15,3,1,1,0,0,3.773557262275186,0,0.0,0,0,0,,,,needs_manual_review,No gambling-list match and no Tranco match,5
pin77.com,0,1.0,confirmed_gambling,Block List Project,single_source,pin77.com,Block List Project,1,,,,0,13,2,2,2,0,0,3.026986833359288,0,2135.0,1,0,1,,,,confirmed_gambling,Already confirmed by gambling blocklist/manual research,99
bwin6996.com,1,,priority_review,,,,,0,,,,1,12,4,1,1,0,0,3.2516291673878226,0,0.0,0,0,0,,,,priority_gambling_review,Contains gambling-related keyword,3
j8992.com,1,1.0,confirmed_gambling,Block List Project,single_source,j8992.com,Block List Project,1,,,,0,9,4,1,1,0,0,2.94770277922009,0,20.0,1,0,1,,,,confirmed_gambling,Already confirmed by gambling blocklist/manual research,99
amusnet.es,0,,needs_review,,,,,0,,,,0,10,0,1,1,0,0,2.9219280948873623,0,0.0,0,1,1,,,,needs_manual_review,No gambling-list match and no Tranco match,5
slot-bonus-777.buzz,1,,priority_review,,,,,0,,,,1,19,3,3,1,1,0,3.3660913291191923,0,0.0,0,0,0,,,,priority_gambling_review,Contains gambling-related keyword,3
pickmeupbingo.com,0,,needs_review,,,,,0,,,,0,17,0,1,1,0,0,3.4992275471326924,0,7492.0,1,1,1,,,,needs_manual_review,No gambling-list match and no Tranco match,5
lakilucky.com,0,,needs_review,,,,,0,,,,0,13,0,1,1,0,0,3.238901256602631,0,774.0,1,1,1,,,,needs_manual_review,No gambling-list match and no Tranco match,5
460.com,1,1.0,confirmed_gambling,Block List Project,single_source,460.com,Block List Project,1,,,,0,7,3,1,1,0,0,2.807354922057604,0,10201.0,1,1,1,751861.0,460.com,exact,confirmed_gambling,Already confirmed by gambling blocklist/manual research,99
hipspin.com,0,,needs_review,,,,,0,,,,0,11,0,1,1,0,0,3.095795255000934,0,3046.0,1,1,1,,,,needs_manual_review,No gambling-list match and no Tranco match,5
cfg600.com,1,,needs_review,,,,,0,,,,0,10,3,1,1,0,0,2.9219280948873623,0,0.0,0,0,0,,,,needs_manual_review,No gambling-list match and no Tranco match,5
inplay.powerplay.ph,0,1.0,confirmed_gambling,Block List Project,single_source,powerplay.ph,Block List Project,1,,,,0,19,0,2,2,0,0,3.4058222502856905,0,0.0,0,1,1,,,,confirmed_gambling,Already confirmed by gambling blocklist/manual research,99
jackpotcitycasino-uk.uk,1,,priority_review,,,,,0,,,,1,23,0,2,1,1,0,3.675310868912364,0,156.0,1,1,1,,,,priority_gambling_review,Contains gambling-related keyword,3
fezzogaming.com,1,,needs_review,,,,,0,,,,0,15,0,1,1,0,0,3.373557262275185,0,0.0,0,0,1,,,,needs_manual_review,No gambling-list match and no Tranco match,5
slotsmagic.com,0,1.0,confirmed_gambling,Block List Project,single_source,slotsmagic.com,Block List Project,1,,,,1,14,0,1,1,0,0,3.235926350629033,0,8371.0,1,1,1,497205.0,slotsmagic.com,exact,confirmed_gambling,Already confirmed by gambling blocklist/manual research,99
red.mgame.com,0,,needs_review,,,,,0,,,,0,13,0,2,2,0,0,3.026986833359288,0,9650.0,1,0,1,197018.0,mgame.com,parent_domain,weak_benign_candidate,Appears in Tranco Top 1M,4
casivera.pro,1,,needs_review,,,,,0,,,,0,12,0,1,1,0,0,3.2516291673878226,0,0.0,0,0,1,,,,needs_manual_review,No gambling-list match and no Tranco match,5
betdaq.com,0,1.0,confirmed_gambling,"Block List Project, UT1 Gambling",multi_source,betdaq.com,"Block List Project, UT1 Gambling",2,,,,1,10,0,1,1,0,0,3.321928094887362,0,9388.0,1,1,1,188373.0,betdaq.com,exact,confirmed_gambling,Already confirmed by gambling blocklist/manual research,99
bet-account-777.xyz,1,,priority_review,,,,,0,,,,1,19,3,3,1,1,0,3.6818808028034025,1,0.0,0,0,0,,,,priority_gambling_review,Contains gambling-related keyword,3
gamezone.ph,0,1.0,confirmed_gambling,Block List Project,single_source,gamezone.ph,Block List Project,1,,,,0,11,0,1,1,0,0,3.277613436819116,0,0.0,0,1,1,216181.0,gamezone.ph,exact,confirmed_gambling,Already confirmed by gambling blocklist/manual research,99
spgames.ph,0,,needs_review,,,,,0,,,,0,10,0,1,1,0,0,2.9219280948873623,0,0.0,0,0,1,,,,needs_manual_review,No gambling-list match and no Tranco match,5
buenas.pro,0,1.0,confirmed_gambling,Block List Project,single_source,buenas.pro,Block List Project,1,,,,0,10,0,1,1,0,0,3.321928094887362,0,0.0,0,1,1,,,,confirmed_gambling,Already confirmed by gambling blocklist/manual research,99
aw33bd.com,1,,needs_review,,,,,0,,,,0,10,2,1,1,0,0,3.1219280948873624,0,1191.0,1,0,1,,,,needs_manual_review,No gambling-list match and no Tranco match,5
idnplaypoker,1,,needs_review,,,,,0,,,,0,12,0,0,0,0,0,3.4182958340544896,0,0.0,0,0,0,,,,needs_manual_review,No gambling-list match and no Tranco match,5
pinkribbonbingo.com,0,,needs_review,,,,,0,,,,0,19,0,1,1,0,0,3.246898565619697,0,5815.0,1,1,1,,,,needs_manual_review,No gambling-list match and no Tranco match,5
cashwin,1,,priority_review,,,,,0,,,,1,7,0,0,0,0,0,2.807354922057604,0,0.0,0,0,0,,,,priority_gambling_review,Contains gambling-related keyword,3
casinoburada204.com,1,,priority_review,,,,,0,,,,1,19,3,1,1,0,0,3.787143960698139,0,516.0,1,0,1,,,,priority_gambling_review,Contains gambling-related keyword,3
casivera66.com,1,,needs_review,,,,,0,,,,0,14,2,1,1,0,0,3.378783493486176,0,0.0,0,0,1,,,,needs_manual_review,No gambling-list match and no Tranco match,5
birinicibet2.com,1,,priority_review,,,,,0,,,,1,16,1,1,1,0,0,3.25,0,0.0,0,0,0,,,,priority_gambling_review,Contains gambling-related keyword,3
rgp.egamescasino.ph,0,1.0,confirmed_gambling,Block List Project,single_source,egamescasino.ph,Block List Project,1,,,,1,19,0,2,2,0,0,3.616348566075165,0,0.0,0,1,1,747344.0,egamescasino.ph,parent_domain,confirmed_gambling,Already confirmed by gambling blocklist/manual research,99
747.live,1,1.0,confirmed_gambling,Block List Project,single_source,747.live,Block List Project,1,,,,0,8,3,1,1,0,0,2.75,0,0.0,0,1,1,22197.0,747.live,exact,confirmed_gambling,Already confirmed by gambling blocklist/manual research,99
sportybetbalanceadderx.weebly.com,1,,priority_review,,,,,0,,,,1,33,0,2,2,0,0,3.9195633472747033,0,7319.0,1,0,0,344.0,weebly.com,parent_domain,priority_gambling_review,Contains gambling-related keyword,3
nopeampi.com,0,1.0,confirmed_gambling,"Block List Project, UT1 Gambling",multi_source,nopeampi.com,"Block List Project, UT1 Gambling",2,,,,0,12,0,1,1,0,0,3.084962500721156,0,3071.0,1,1,1,732420.0,nopeampi.com,exact,confirmed_gambling,Already confirmed by gambling blocklist/manual research,99
explosionbet.com,1,,priority_review,,,,,0,,,,1,16,0,1,1,0,0,3.577819531114783,0,0.0,0,0,0,,,,priority_gambling_review,Contains gambling-related keyword,3
betsson.co.uk,0,,priority_review,,,,,0,,,,1,13,0,2,2,0,0,3.238901256602631,0,6454.0,1,1,1,,,,priority_gambling_review,Contains gambling-related keyword,3
pushbet.co.uk,0,1.0,confirmed_gambling,Block List Project,single_source,pushbet.co.uk,Block List Project,1,,,,1,13,0,2,2,0,0,3.3927474104487847,0,2155.0,1,1,1,,,,confirmed_gambling,Already confirmed by gambling blocklist/manual research,99
youplayfortuna.com,1,,needs_review,,,,,0,,,,0,18,0,1,1,0,0,3.5724312513221195,0,0.0,0,0,0,,,,needs_manual_review,No gambling-list match and no Tranco match,5
electricspins.com,0,1.0,confirmed_gambling,Block List Project,single_source,electricspins.com,Block List Project,1,,,,0,17,0,1,1,0,0,3.4548223999466057,0,2844.0,1,1,1,,,,confirmed_gambling,Already confirmed by gambling blocklist/manual research,99
24grandcasino.com,1,,priority_review,,,,,0,,,,1,17,2,1,1,0,0,3.616874605956222,0,4589.0,1,0,1,,,,priority_gambling_review,Contains gambling-related keyword,3
skycasino.com,0,1.0,confirmed_gambling,"Block List Project, UT1 Gambling",multi_source,skycasino.com,"Block List Project, UT1 Gambling",2,,,,1,13,0,1,1,0,0,3.238901256602631,0,10803.0,1,0,1,89444.0,skycasino.com,exact,confirmed_gambling,Already confirmed by gambling blocklist/manual research,99
harbibahis.com,1,,needs_review,,,,,0,,,,0,14,0,1,1,0,0,3.235926350629033,0,2887.0,1,0,1,,,,needs_manual_review,No gambling-list match and no Tranco match,5
essbahis.com,1,,needs_review,,,,,0,,,,0,12,0,1,1,0,0,3.188721875540867,0,1344.0,1,0,1,,,,needs_manual_review,No gambling-list match and no Tranco match,5
sportybetadder581spo.weebly.com,1,,priority_review,,,,,0,,,,1,31,3,2,2,0,0,4.026619294188054,0,7319.0,1,1,1,344.0,weebly.com,parent_domain,priority_gambling_review,Contains gambling-related keyword,3
jadedsportsbet.com,0,,priority_review,,,,,0,,,,1,18,0,1,1,0,0,3.614369445886757,0,0.0,0,0,0,,,,priority_gambling_review,Contains gambling-related keyword,3
download.pin77.com,0,1.0,confirmed_gambling,Block List Project,single_source,pin77.com,Block List Project,1,,,,0,18,2,2,2,0,0,3.4613201402110083,0,2135.0,1,1,1,,,,confirmed_gambling,Already confirmed by gambling blocklist/manual research,99
vavadacnv.com,1,,needs_review,,,,,0,,,,0,13,0,1,1,0,0,2.815072410115944,0,0.0,0,0,0,,,,needs_manual_review,No gambling-list match and no Tranco match,5
747.casino,1,,priority_review,,,,,0,,,,1,10,3,1,1,0,0,3.1219280948873624,0,0.0,0,0,1,,,,priority_gambling_review,Contains gambling-related keyword,3
slot-login-777.buzz,1,,priority_review,,,,,0,,,,1,19,3,3,1,1,0,3.5766176449086657,0,0.0,0,0,0,,,,priority_gambling_review,Contains gambling-related keyword,3
endorphina.com,0,,needs_review,,,,,0,,,,0,14,0,1,1,0,0,3.521640636343318,0,4609.0,1,0,1,210784.0,endorphina.com,exact,weak_benign_candidate,Appears in Tranco Top 1M,4
bestbetss2u.com,1,,priority_review,,,,,0,,,,1,15,1,1,1,0,0,3.1898980954642875,0,0.0,0,0,1,,,,priority_gambling_review,Contains gambling-related keyword,3
sportybet-nig-bookingcode.weebly.com,1,,priority_review,,,,,0,,,,1,36,0,4,2,1,0,4.048688113203416,0,7319.0,1,0,0,344.0,weebly.com,parent_domain,priority_gambling_review,Contains gambling-related keyword,3
bet33.in,1,,priority_review,,,,,0,,,,1,8,2,1,1,0,0,2.75,0,1507.0,1,1,1,,,,priority_gambling_review,Contains gambling-related keyword,3
god55m6.org,1,,needs_review,,,,,0,,,,0,11,3,1,1,0,0,2.913977073182752,0,1457.0,1,1,1,,,,needs_manual_review,No gambling-list match and no Tranco match,5
borgataonline.com,0,1.0,confirmed_gambling,"Block List Project, UT1 Gambling",multi_source,borgataonline.com,"Block List Project, UT1 Gambling",2,,,,0,17,0,1,1,0,0,3.572469458770135,0,9398.0,1,1,1,145171.0,borgataonline.com,exact,confirmed_gambling,Already confirmed by gambling blocklist/manual research,99
play.monopolycasino.com,0,1.0,confirmed_gambling,Block List Project,single_source,monopolycasino.com,Block List Project,1,,,,1,23,0,2,2,0,0,3.323142804994543,0,9944.0,1,0,1,295540.0,monopolycasino.com,parent_domain,confirmed_gambling,Already confirmed by gambling blocklist/manual research,99
amgaminggroup.com,0,,needs_review,,,,,0,,,,0,17,0,1,1,0,0,3.29277019393699,0,1553.0,1,1,1,,,,needs_manual_review,No gambling-list match and no Tranco match,5
apuestarey.com,0,1.0,confirmed_gambling,"Block List Project, UT1 Gambling",multi_source,apuestarey.com,"Block List Project, UT1 Gambling",2,,,,0,14,0,1,1,0,0,3.521640636343318,0,1270.0,1,1,1,,,,confirmed_gambling,Already confirmed by gambling blocklist/manual research,99
betacular.live,1,,priority_review,,,,,0,,,,1,14,0,1,1,0,0,3.378783493486176,0,0.0,0,1,1,92163.0,betacular.live,exact,priority_gambling_review,Contains gambling-related keyword,3
1-xbet.in,1,,priority_review,,,,,0,,,,1,9,1,2,1,1,0,3.169925001442312,0,1870.0,1,0,1,,,,priority_gambling_review,Contains gambling-related keyword,3
nordicautomaten.com,0,,needs_review,,,,,0,,,,0,19,0,1,1,0,0,3.471354487013929,0,4661.0,1,1,1,,,,needs_manual_review,No gambling-list match and no Tranco match,5
rekabet.eu,1,,priority_review,,,,,0,,,,1,10,0,1,1,0,0,2.8464393446710154,0,0.0,0,0,0,,,,priority_gambling_review,Contains gambling-related keyword,3
vulkan-365.cc,1,,needs_review,,,,,0,,,,0,13,3,2,1,1,0,3.546593564294939,0,287.0,1,0,0,,,,needs_manual_review,No gambling-list match and no Tranco match,5
spintime.ph,0,1.0,confirmed_gambling,Block List Project,single_source,spintime.ph,Block List Project,1,,,,0,11,0,1,1,0,0,3.095795255000934,0,0.0,0,0,1,,,,confirmed_gambling,Already confirmed by gambling blocklist/manual research,99
sportybetreedembonus04.weebly.com,1,,priority_review,,,,,0,,,,1,33,2,2,2,0,0,3.9225895736416696,0,7319.0,1,0,0,344.0,weebly.com,parent_domain,priority_gambling_review,Contains gambling-related keyword,3
ibet1x2.com,1,,priority_review,,,,,0,,,,1,11,2,1,1,0,0,3.4594316186372973,0,0.0,0,0,0,,,,priority_gambling_review,Contains gambling-related keyword,3
ph.747.live,0,1.0,confirmed_gambling,Block List Project,single_source,747.live,Block List Project,1,,,,0,11,3,2,2,0,0,3.095795255000934,0,0.0,0,1,1,22197.0,747.live,parent_domain,confirmed_gambling,Already confirmed by gambling blocklist/manual research,99
lucksports.biz,1,,needs_review,,,,,0,,,,0,14,0,1,1,0,0,3.664497779200461,0,0.0,0,0,0,,,,needs_manual_review,No gambling-list match and no Tranco match,5
winpanalo.com,0,1.0,confirmed_gambling,Block List Project,single_source,winpanalo.com,Block List Project,1,,,,1,13,0,1,1,0,0,3.238901256602631,0,458.0,1,0,0,,,,confirmed_gambling,Already confirmed by gambling blocklist/manual research,99
bet368.in,1,,priority_review,,,,,0,,,,1,9,3,1,1,0,0,3.169925001442312,0,0.0,0,0,0,,,,priority_gambling_review,Contains gambling-related keyword,3
bosswd777,1,,priority_review,,,,,0,,,,1,9,3,0,0,0,0,2.4193819456463714,0,0.0,0,0,0,,,,priority_gambling_review,Contains gambling-related keyword,3
poker-bonus-888.site,1,,needs_review,,,,,0,,,,0,20,3,3,1,1,0,3.684183719779189,1,0.0,0,0,0,,,,needs_manual_review,No gambling-list match and no Tranco match,5
bet-bonus-365.live,1,,priority_review,,,,,0,,,,1,18,3,3,1,1,0,3.836591668108978,0,0.0,0,0,0,,,,priority_gambling_review,Contains gambling-related keyword,3
betmarlo539.com,1,,priority_review,,,,,0,,,,1,15,3,1,1,0,0,3.640223928941852,0,0.0,0,0,1,,,,priority_gambling_review,Contains gambling-related keyword,3
supercasino.com,0,1.0,confirmed_gambling,"Block List Project, UT1 Gambling",multi_source,supercasino.com,"Block List Project, UT1 Gambling",2,,,,1,15,0,1,1,0,0,3.506890595608519,0,8195.0,1,1,1,421070.0,supercasino.com,exact,confirmed_gambling,Already confirmed by gambling blocklist/manual research,99
vulcanplay.one,1,,needs_review,,,,,0,,,,0,14,0,1,1,0,0,3.378783493486176,0,604.0,1,0,1,,,,needs_manual_review,No gambling-list match and no Tranco match,5
dafabet,1,,priority_review,,,,,0,,,,1,7,0,0,0,0,0,2.521640636343318,0,0.0,0,0,0,,,,priority_gambling_review,Contains gambling-related keyword,3
betmgm.co.uk,0,1.0,confirmed_gambling,Block List Project,single_source,betmgm.co.uk,Block List Project,1,,,,1,12,0,2,2,0,0,3.2516291673878226,0,1081.0,1,0,1,49757.0,betmgm.co.uk,exact,confirmed_gambling,Already confirmed by gambling blocklist/manual research,99
citybingo.com,0,1.0,confirmed_gambling,"Block List Project, UT1 Gambling",multi_source,citybingo.com,"Block List Project, UT1 Gambling",2,,,,0,13,0,1,1,0,0,3.238901256602631,0,9185.0,1,1,1,,,,confirmed_gambling,Already confirmed by gambling blocklist/manual research,99
klikfifa.com,1,1.0,confirmed_gambling,Block List Project,single_source,klikfifa.com,Block List Project,1,,,,0,12,0,1,1,0,0,3.084962500721156,0,4948.0,1,0,1,,,,confirmed_gambling,Already confirmed by gambling blocklist/manual research,99
tombola.com,0,1.0,confirmed_gambling,Block List Project,single_source,tombola.com,Block List Project,1,,,,0,11,0,1,1,0,0,2.8453509366224368,0,10666.0,1,1,1,315094.0,tombola.com,exact,confirmed_gambling,Already confirmed by gambling blocklist/manual research,99
kodabet.com,0,,priority_review,,,,,0,,,,1,11,0,1,1,0,0,3.277613436819116,0,415.0,1,1,1,,,,priority_gambling_review,Contains gambling-related keyword,3
footballtycoon.org,1,,needs_review,,,,,0,,,,0,18,0,1,1,0,0,3.3027227528624894,0,0.0,0,0,0,,,,needs_manual_review,No gambling-list match and no Tranco match,5
casinowinner.io,1,1.0,confirmed_gambling,"Block List Project, UT1 Gambling",multi_source,casinowinner.io,"Block List Project, UT1 Gambling",2,,,,1,15,0,1,1,0,0,3.139572261986723,0,655.0,1,0,0,,,,confirmed_gambling,Already confirmed by gambling blocklist/manual research,99
bybet.ph,0,,priority_review,,,,,0,,,,1,8,0,1,1,0,0,2.75,0,0.0,0,1,1,,,,priority_gambling_review,Contains gambling-related keyword,3
shbazi30.com,1,,needs_review,,,,,0,,,,0,12,2,1,1,0,0,3.584962500721156,0,0.0,0,0,0,,,,needs_manual_review,No gambling-list match and no Tranco match,5
