domain,label,verified_label,verification_status,verification_source,confirmation_strength,blocklist_match,matched_sources,source_count,manual_verified_label,manual_review_status,manual_notes,has_gambling_keyword,url_length,digit_count,special_char_count,dot_count,has_hyphen,is_ip,entropy,suspicious_tld,domain_age_days,has_domain_info,ssl_valid,dns_resolves,tranco_rank,tranco_match,tranco_match_type,benign_candidate_status,benign_candidate_reason,review_priority,original_domain_before_merge,review_verified_label,review_status_manual,review_verification_method,review_notes,label_conflict,final_verified_label,final_label_source,duplicate_label_conflict
fbm8sm.com,1,,needs_review,,,,,0,,,,0,10,1,1,1,0,0,2.8464393446710154,0,0.0,0,0,0,,,,needs_manual_review,No gambling-list match and no Tranco match,5,fbm8sm.com,,,,,False,,,False
sulobet.ph,0,1.0,confirmed_gambling,Block List Project,single_source,sulobet.ph,Block List Project,1,,,,1,10,0,1,1,0,0,3.321928094887362,0,0.0,0,1,1,,,,confirmed_gambling,Already confirmed by gambling blocklist/manual research,99,sulobet.ph,,,,,False,1,external gambling verification,False
casino.jackpocket.com,1,1.0,confirmed_gambling,"Block List Project, Manual research",multi_source,casino.jackpocket.com,"Block List Project, Manual research",2,,,,1,21,0,2,2,0,0,3.499227541723357,0,5052.0,1,1,1,105433.0,jackpocket.com,parent_domain,confirmed_gambling,Already confirmed by gambling blocklist/manual research,99,casino.jackpocket.com,,,,,False,1,external gambling verification,False
slot-secure-365.online,1,,priority_review,,,,,0,,,,1,22,3,3,1,1,0,3.788754913993503,1,0.0,0,0,0,,,,priority_gambling_review,Contains gambling-related keyword,3,slot-secure-365.online,,,,,False,,,False
xoplay.ph,0,1.0,confirmed_gambling,Block List Project,single_source,xoplay.ph,Block List Project,1,,,,0,9,0,1,1,0,0,2.94770277922009,0,0.0,0,1,1,,,,confirmed_gambling,Already confirmed by gambling blocklist/manual research,99,xoplay.ph,,,,,False,1,external gambling verification,False
arenapluspro.com,0,,needs_review,,,,,0,,,,0,16,0,1,1,0,0,3.5,0,367.0,1,1,1,,,,needs_manual_review,No gambling-list match and no Tranco match,5,arenapluspro.com,,,,,False,,,False
bet88.com,1,1.0,confirmed_gambling,Manual research,single_source,bet88.com,Manual research,1,,,,1,9,2,1,1,0,0,2.94770277922009,0,9856.0,1,0,0,,,,confirmed_gambling,Already confirmed by gambling blocklist/manual research,99,bet88.com,,,,,False,1,external gambling verification,False
efc88.com,1,,needs_review,,,,,0,,,,0,9,2,1,1,0,0,2.725480556997868,0,1157.0,1,0,1,,,,needs_manual_review,No gambling-list match and no Tranco match,5,efc88.com,,,,,False,,,False
greendrg8.com,1,,needs_review,,,,,0,,,,0,13,1,1,1,0,0,3.238901256602631,0,0.0,0,0,0,,,,needs_manual_review,No gambling-list match and no Tranco match,5,greendrg8.com,,,,,False,,,False
casino-reward-888.top,1,,priority_review,,,,,0,,,,1,21,3,3,1,1,0,3.7849418274376414,1,0.0,0,0,0,,,,priority_gambling_review,Contains gambling-related keyword,3,casino-reward-888.top,,,,,False,,,False
cashsweep1.com,1,,needs_review,,,,,0,,,,0,14,1,1,1,0,0,3.378783493486176,0,1057.0,1,0,1,,,,needs_manual_review,No gambling-list match and no Tranco match,5,cashsweep1.com,,,,,False,,,False
epicwinvip.club,1,1.0,confirmed_gambling,Block List Project,single_source,epicwinvip.club,Block List Project,1,,,,1,15,0,1,1,0,0,3.323231428797621,1,2109.0,1,1,1,,,,confirmed_gambling,Already confirmed by gambling blocklist/manual research,99,epicwinvip.club,,,,,False,1,external gambling verification,False
slotmojo.com,1,1.0,confirmed_gambling,"Block List Project, Manual research",multi_source,slotmojo.com,"Block List Project, Manual research",2,,,,1,12,0,1,1,0,0,2.7516291673878226,0,733.0,1,1,1,,,,confirmed_gambling,Already confirmed by gambling blocklist/manual research,99,slotmojo.com,,,,,False,1,external gambling verification,False
hthbet619.com,1,,priority_review,,,,,0,,,,1,13,3,1,1,0,0,3.3927474104487847,0,1940.0,1,0,1,,,,priority_gambling_review,Contains gambling-related keyword,3,hthbet619.com,,,,,False,,,False
sailorbingo.com,1,1.0,confirmed_gambling,Manual research,single_source,sailorbingo.com,Manual research,1,,,,0,15,0,1,1,0,0,3.456564762130954,0,3693.0,1,1,1,,,,confirmed_gambling,Already confirmed by gambling blocklist/manual research,99,sailorbingo.com,,,,,False,1,external gambling verification,False
ob9myr.com,1,,needs_review,,,,,0,,,,0,10,1,1,1,0,0,2.9219280948873623,0,0.0,0,0,0,,,,needs_manual_review,No gambling-list match and no Tranco match,5,ob9myr.com,,,,,False,,,False
spellandet.net,1,,needs_review,,,,,0,,,,0,14,0,1,1,0,0,3.0391486719030705,0,2935.0,1,1,1,,,,needs_manual_review,No gambling-list match and no Tranco match,5,spellandet.net,,,,,False,,,False
biowin69go.com,1,,priority_review,,,,,0,,,,1,14,2,1,1,0,0,3.3248629576173565,0,0.0,0,0,1,,,,priority_gambling_review,Contains gambling-related keyword,3,biowin69go.com,,,,,False,,,False
juanmate.ph,0,,needs_review,,,,,0,,,,0,11,0,1,1,0,0,3.277613436819116,0,0.0,0,1,1,,,,needs_manual_review,No gambling-list match and no Tranco match,5,juanmate.ph,,,,,False,,,False
juan365.online,0,,needs_review,,,,,0,,,,0,14,3,1,1,0,0,3.4677201004745,1,404.0,1,1,1,,,,needs_manual_review,No gambling-list match and no Tranco match,5,juan365.online,,,,,False,,,False
gamefun.ph,0,1.0,confirmed_gambling,Block List Project,single_source,gamefun.ph,Block List Project,1,,,,0,10,0,1,1,0,0,3.321928094887362,0,0.0,0,1,1,,,,confirmed_gambling,Already confirmed by gambling blocklist/manual research,99,gamefun.ph,,,,,False,1,external gambling verification,False
luckywin.ph,0,,priority_review,,,,,0,,,,1,11,0,1,1,0,0,3.4594316186372973,0,0.0,0,1,1,,,,priority_gambling_review,Contains gambling-related keyword,3,luckywin.ph,,,,,False,,,False
bahisnow.com,1,1.0,confirmed_gambling,Block List Project,single_source,bahisnow.com,Block List Project,1,,,,0,12,0,1,1,0,0,3.4182958340544896,0,3511.0,1,0,1,,,,confirmed_gambling,Already confirmed by gambling blocklist/manual research,99,bahisnow.com,,,,,False,1,external gambling verification,False
playfortunegrand.com,1,,needs_review,,,,,0,,,,0,20,0,1,1,0,0,3.9219280948873614,0,182.0,1,1,1,,,,needs_manual_review,No gambling-list match and no Tranco match,5,playfortunegrand.com,,,,,False,,,False
24pokies3.com,1,1.0,confirmed_gambling,Block List Project,single_source,24pokies3.com,Block List Project,1,,,,0,13,3,1,1,0,0,3.546593564294939,0,554.0,1,1,1,,,,confirmed_gambling,Already confirmed by gambling blocklist/manual research,99,24pokies3.com,,,,,False,1,external gambling verification,False
premium.com,0,,needs_review,,,,,0,,,,0,11,0,1,1,0,0,3.0271691184406184,0,11315.0,1,1,1,,,,needs_manual_review,No gambling-list match and no Tranco match,5,premium.com,,,,,False,,,False
regalwins.com,0,1.0,confirmed_gambling,"Block List Project, UT1 Gambling",multi_source,regalwins.com,"Block List Project, UT1 Gambling",2,,,,1,13,0,1,1,0,0,3.7004397181410926,0,3357.0,1,1,1,876583.0,regalwins.com,exact,confirmed_gambling,Already confirmed by gambling blocklist/manual research,99,regalwins.com,,,,,False,1,external gambling verification,False
bet333.in,1,,priority_review,,,,,0,,,,1,9,3,1,1,0,0,2.6416041678685938,0,0.0,0,1,1,,,,priority_gambling_review,Contains gambling-related keyword,3,bet333.in,,,,,False,,,False
inplay.ph,0,1.0,confirmed_gambling,Block List Project,single_source,inplay.ph,Block List Project,1,,,,0,9,0,1,1,0,0,2.94770277922009,0,0.0,0,1,1,856290.0,inplay.ph,exact,confirmed_gambling,Already confirmed by gambling blocklist/manual research,99,inplay.ph,,,,,False,1,external gambling verification,False
ww88zz.vip,1,,needs_review,,,,,0,,,,0,10,2,1,1,0,0,2.721928094887362,0,0.0,0,0,0,,,,needs_manual_review,No gambling-list match and no Tranco match,5,ww88zz.vip,,,,,False,,,False
zolotojarbuz.com,1,,needs_review,,,,,0,,,,0,16,0,1,1,0,0,3.375,0,0.0,0,0,0,,,,needs_manual_review,No gambling-list match and no Tranco match,5,zolotojarbuz.com,,,,,False,,,False
luckybunny.ph,0,,needs_review,,,,,0,,,,0,13,0,1,1,0,0,3.238901256602631,0,0.0,0,1,1,,,,needs_manual_review,No gambling-list match and no Tranco match,5,luckybunny.ph,,,,,False,,,False
ww88.com,1,1.0,confirmed_gambling,Block List Project,single_source,ww88.com,Block List Project,1,,,,0,8,2,1,1,0,0,2.5,0,7874.0,1,0,0,,,,confirmed_gambling,Already confirmed by gambling blocklist/manual research,99,ww88.com,,,,,False,1,external gambling verification,False
sportybetadder8jx6.weebly.com,1,,priority_review,,,,,0,,,,1,29,2,2,2,0,0,4.099360305472399,0,7319.0,1,0,0,344.0,weebly.com,parent_domain,priority_gambling_review,Contains gambling-related keyword,3,sportybetadder8jx6.weebly.com,,,,,False,,,False
kawskaws11.com,1,,needs_review,,,,,0,,,,0,14,2,1,1,0,0,3.0930692077718898,0,0.0,0,0,1,,,,needs_manual_review,No gambling-list match and no Tranco match,5,kawskaws11.com,,,,,False,,,False
burgerking2u.com,1,,needs_review,,,,,0,,,,0,16,1,1,1,0,0,3.625,0,0.0,0,0,1,,,,needs_manual_review,No gambling-list match and no Tranco match,5,burgerking2u.com,,,,,False,,,False
nagacash9x.com,1,,needs_review,,,,,0,,,,0,14,1,1,1,0,0,3.3248629576173565,0,441.0,1,1,1,,,,needs_manual_review,No gambling-list match and no Tranco match,5,nagacash9x.com,,,,,False,,,False
alivate.io,0,,needs_review,,,,,0,,,,0,10,0,1,1,0,0,2.9219280948873623,0,502.0,1,1,1,,,,needs_manual_review,No gambling-list match and no Tranco match,5,alivate.io,,,,,False,,,False
bybet.io,0,,priority_review,,,,,0,,,,1,8,0,1,1,0,0,2.75,0,1301.0,1,1,1,,,,priority_gambling_review,Contains gambling-related keyword,3,bybet.io,,,,,False,,,False
ww88ww.vip,1,,needs_review,,,,,0,,,,0,10,2,1,1,0,0,2.321928094887362,0,0.0,0,0,0,,,,needs_manual_review,No gambling-list match and no Tranco match,5,ww88ww.vip,,,,,False,,,False
rainbowspins.com,0,1.0,confirmed_gambling,Block List Project,single_source,rainbowspins.com,Block List Project,1,,,,0,16,0,1,1,0,0,3.5,0,2123.0,1,1,1,584356.0,rainbowspins.com,exact,confirmed_gambling,Already confirmed by gambling blocklist/manual research,99,rainbowspins.com,,,,,False,1,external gambling verification,False
mu9.com,1,1.0,confirmed_gambling,Block List Project,single_source,mu9.com,Block List Project,1,,,,0,7,1,1,1,0,0,2.521640636343318,0,8330.0,1,1,1,,,,confirmed_gambling,Already confirmed by gambling blocklist/manual research,99,mu9.com,,,,,False,1,external gambling verification,False
lucky-play.net,1,,needs_review,,,,,0,,,,0,14,0,2,1,1,0,3.521640636343318,0,743.0,1,0,0,,,,needs_manual_review,No gambling-list match and no Tranco match,5,lucky-play.net,,,,,False,,,False
jackpotjoy.com,0,1.0,confirmed_gambling,Block List Project,single_source,jackpotjoy.com,Block List Project,1,,,,1,14,0,1,1,0,0,3.1820058147602133,0,9017.0,1,0,1,59063.0,jackpotjoy.com,exact,confirmed_gambling,Already confirmed by gambling blocklist/manual research,99,jackpotjoy.com,,,,,False,1,external gambling verification,False
casino-login-777.top,1,,priority_review,,,,,0,,,,1,20,3,3,1,1,0,3.546439344671016,1,0.0,0,0,0,,,,priority_gambling_review,Contains gambling-related keyword,3,casino-login-777.top,,,,,False,,,False
wintayo.com,0,,priority_review,,,,,0,,,,1,11,0,1,1,0,0,3.277613436819116,0,0.0,0,0,1,,,,priority_gambling_review,Contains gambling-related keyword,3,wintayo.com,,,,,False,,,False
ftrgame.sgph123.com,1,,needs_review,,,,,0,,,,0,19,3,2,2,0,0,3.932138039759375,0,0.0,0,0,1,,,,needs_manual_review,No gambling-list match and no Tranco match,5,ftrgame.sgph123.com,,,,,False,,,False
kn8vn.com,1,,needs_review,,,,,0,,,,0,9,1,1,1,0,0,2.94770277922009,0,72.0,1,0,1,,,,needs_manual_review,No gambling-list match and no Tranco match,5,kn8vn.com,,,,,False,,,False
casinoper.com,1,1.0,confirmed_gambling,"Block List Project, UT1 Gambling",multi_source,casinoper.com,"Block List Project, UT1 Gambling",2,,,,1,13,0,1,1,0,0,3.3927474104487847,0,2138.0,1,0,1,,,,confirmed_gambling,Already confirmed by gambling blocklist/manual research,99,casinoper.com,,,,,False,1,external gambling verification,False
slot-verify-888.online,1,,priority_review,,,,,0,,,,1,22,3,3,1,1,0,3.697845823084412,1,0.0,0,0,0,,,,priority_gambling_review,Contains gambling-related keyword,3,slot-verify-888.online,,,,,False,,,False
gamezone.com.ph,0,,needs_review,,,,,0,,,,0,15,0,2,2,0,0,3.373557262275185,0,0.0,0,1,1,,,,needs_manual_review,No gambling-list match and no Tranco match,5,gamezone.com.ph,,,,,False,,,False
inplay.betway.com,0,1.0,confirmed_gambling,"Block List Project, UT1 Gambling",multi_source,betway.com,"Block List Project, UT1 Gambling",2,,,,1,17,0,2,2,0,0,3.7345216647797512,0,8734.0,1,0,1,15985.0,betway.com,parent_domain,confirmed_gambling,Already confirmed by gambling blocklist/manual research,99,inplay.betway.com,,,,,False,1,external gambling verification,False
catcasinosx.com,1,,priority_review,,,,,0,,,,1,15,0,1,1,0,0,3.1898980954642875,0,0.0,0,0,0,,,,priority_gambling_review,Contains gambling-related keyword,3,catcasinosx.com,,,,,False,,,False
24pokies4.com,1,1.0,confirmed_gambling,Block List Project,single_source,24pokies4.com,Block List Project,1,,,,0,13,3,1,1,0,0,3.3927474104487847,0,182.0,1,1,1,,,,confirmed_gambling,Already confirmed by gambling blocklist/manual research,99,24pokies4.com,,,,,False,1,external gambling verification,False
frankglass.com,1,,needs_review,,,,,0,,,,0,14,0,1,1,0,0,3.521640636343318,0,411.0,1,0,0,,,,needs_manual_review,No gambling-list match and no Tranco match,5,frankglass.com,,,,,False,,,False
maltakasino.com,1,,needs_review,,,,,0,,,,0,15,0,1,1,0,0,3.323231428797621,0,1220.0,1,1,1,,,,needs_manual_review,No gambling-list match and no Tranco match,5,maltakasino.com,,,,,False,,,False
ww88yy.vip,1,,needs_review,,,,,0,,,,0,10,2,1,1,0,0,2.721928094887362,0,0.0,0,0,0,,,,needs_manual_review,No gambling-list match and no Tranco match,5,ww88yy.vip,,,,,False,,,False
eeze.com,0,,needs_review,,,,,0,,,,0,8,0,1,1,0,0,2.4056390622295662,0,8310.0,1,1,1,562493.0,eeze.com,exact,weak_benign_candidate,Appears in Tranco Top 1M,4,eeze.com,1.0,verified,official website,Live casino and slot provider,False,1,manual verification,False
diyarbet121.com,1,,priority_review,,,,,0,,,,1,15,3,1,1,0,0,3.773557262275186,0,0.0,0,0,1,,,,priority_gambling_review,Contains gambling-related keyword,3,diyarbet121.com,,,,,False,,,False
casino-1xbet.com,1,1.0,confirmed_gambling,Block List Project,single_source,casino-1xbet.com,Block List Project,1,,,,1,16,1,2,1,1,0,3.75,0,1524.0,1,0,1,,,,confirmed_gambling,Already confirmed by gambling blocklist/manual research,99,casino-1xbet.com,,,,,False,1,external gambling verification,False
kordonbet213.com,1,,priority_review,,,,,0,,,,1,16,3,1,1,0,0,3.702819531114783,0,0.0,0,0,0,,,,priority_gambling_review,Contains gambling-related keyword,3,kordonbet213.com,,,,,False,,,False
pisogame.vip,0,,needs_review,,,,,0,,,,0,12,0,1,1,0,0,3.2516291673878226,0,29.0,1,0,0,,,,needs_manual_review,No gambling-list match and no Tranco match,5,pisogame.vip,,,,,False,,,False
slotsofdosh.com,0,,priority_review,,,,,0,,,,1,15,0,1,1,0,0,3.056564762130954,0,5462.0,1,1,1,,,,priority_gambling_review,Contains gambling-related keyword,3,slotsofdosh.com,,,,,False,,,False
bigbunny.ph,0,1.0,confirmed_gambling,Block List Project,single_source,bigbunny.ph,Block List Project,1,,,,0,11,0,1,1,0,0,3.095795255000934,0,0.0,0,1,1,81304.0,bigbunny.ph,exact,confirmed_gambling,Already confirmed by gambling blocklist/manual research,99,bigbunny.ph,,,,,False,1,external gambling verification,False
789.com,0,1.0,confirmed_gambling,Block List Project,single_source,789.com,Block List Project,1,,,,0,7,3,1,1,0,0,2.807354922057604,0,10914.0,1,1,1,,,,confirmed_gambling,Already confirmed by gambling blocklist/manual research,99,789.com,,,,,False,1,external gambling verification,False
522bet.com,1,1.0,confirmed_gambling,Block List Project,single_source,522bet.com,Block List Project,1,,,,1,10,3,1,1,0,0,3.1219280948873624,0,2964.0,1,1,1,752107.0,522bet.com,exact,confirmed_gambling,Already confirmed by gambling blocklist/manual research,99,522bet.com,,,,,False,1,external gambling verification,False
spinnalot.com,0,1.0,confirmed_gambling,Block List Project,single_source,spinnalot.com,Block List Project,1,,,,0,13,0,1,1,0,0,3.3927474104487847,0,1761.0,1,0,1,,,,confirmed_gambling,Already confirmed by gambling blocklist/manual research,99,spinnalot.com,,,,,False,1,external gambling verification,False
fortwinbam.com,1,,priority_review,,,,,0,,,,1,14,0,1,1,0,0,3.521640636343318,0,595.0,1,0,0,,,,priority_gambling_review,Contains gambling-related keyword,3,fortwinbam.com,,,,,False,,,False
casino-ra.com,1,1.0,confirmed_gambling,Block List Project,single_source,casino-ra.com,Block List Project,1,,,,1,13,0,2,1,1,0,3.238901256602631,0,4369.0,1,1,1,,,,confirmed_gambling,Already confirmed by gambling blocklist/manual research,99,casino-ra.com,,,,,False,1,external gambling verification,False
videoslots.com,0,1.0,confirmed_gambling,"Block List Project, UT1 Gambling",multi_source,videoslots.com,"Block List Project, UT1 Gambling",2,,,,1,14,0,1,1,0,0,3.3248629576173565,0,9956.0,1,1,1,48038.0,videoslots.com,exact,confirmed_gambling,Already confirmed by gambling blocklist/manual research,99,videoslots.com,,,,,False,1,external gambling verification,False
bppoker.ph,0,1.0,confirmed_gambling,Block List Project,single_source,bppoker.ph,Block List Project,1,,,,0,10,0,1,1,0,0,2.8464393446710154,0,0.0,0,0,0,,,,confirmed_gambling,Already confirmed by gambling blocklist/manual research,99,bppoker.ph,,,,,False,1,external gambling verification,False
2wkzr.go777.ph,1,,priority_review,,,,,0,,,,1,14,4,2,2,0,0,3.3248629576173565,0,0.0,0,0,1,,,,priority_gambling_review,Contains gambling-related keyword,3,2wkzr.go777.ph,,,,,False,,,False
plusbet21.com,1,,priority_review,,,,,0,,,,1,13,2,1,1,0,0,3.7004397181410926,0,0.0,0,0,0,,,,priority_gambling_review,Contains gambling-related keyword,3,plusbet21.com,,,,,False,,,False
gentlemanjim.bet,0,1.0,confirmed_gambling,"Block List Project, UT1 Gambling",multi_source,gentlemanjim.bet,"Block List Project, UT1 Gambling",2,,,,1,16,0,1,1,0,0,3.327819531114783,0,0.0,0,0,1,,,,confirmed_gambling,Already confirmed by gambling blocklist/manual research,99,gentlemanjim.bet,,,,,False,1,external gambling verification,False
w88br.com,1,1.0,confirmed_gambling,Block List Project,single_source,w88br.com,Block List Project,1,,,,0,9,2,1,1,0,0,2.94770277922009,0,1424.0,1,1,1,,,,confirmed_gambling,Already confirmed by gambling blocklist/manual research,99,w88br.com,,,,,False,1,external gambling verification,False
arenaplus.ph,0,1.0,confirmed_gambling,Block List Project,single_source,arenaplus.ph,Block List Project,1,,,,0,12,0,1,1,0,0,3.2516291673878226,0,0.0,0,1,1,9543.0,arenaplus.ph,exact,confirmed_gambling,Already confirmed by gambling blocklist/manual research,99,arenaplus.ph,,,,,False,1,external gambling verification,False
fbmgame.online,0,,needs_review,,,,,0,,,,0,14,0,1,1,0,0,3.378783493486176,1,45.0,1,1,1,,,,needs_manual_review,No gambling-list match and no Tranco match,5,fbmgame.online,,,,,False,,,False
hollywoodcasino.com,0,,priority_review,,,,,0,,,,1,19,0,1,1,0,0,3.4263674884732267,0,10915.0,1,1,1,558465.0,hollywoodcasino.com,exact,priority_gambling_review,Contains gambling-related keyword,3,hollywoodcasino.com,,,,,False,,,False
playxfortuna.com,1,,needs_review,,,,,0,,,,0,16,0,1,1,0,0,3.75,0,143.0,1,1,1,,,,needs_manual_review,No gambling-list match and no Tranco match,5,playxfortuna.com,,,,,False,,,False
captaincookcasino.co.uk,0,,priority_review,,,,,0,,,,1,23,0,2,2,0,0,3.273349455962949,0,8551.0,1,1,1,,,,priority_gambling_review,Contains gambling-related keyword,3,captaincookcasino.co.uk,,,,,False,,,False
blogib3919.com,1,,needs_review,,,,,0,,,,0,14,4,1,1,0,0,3.378783493486176,0,0.0,0,0,0,,,,needs_manual_review,No gambling-list match and no Tranco match,5,blogib3919.com,,,,,False,,,False
thescore.bet,0,1.0,confirmed_gambling,"Block List Project, UT1 Gambling",multi_source,thescore.bet,"Block List Project, UT1 Gambling",2,,,,1,12,0,1,1,0,0,3.0220552088742005,0,0.0,0,1,1,33347.0,thescore.bet,exact,confirmed_gambling,Already confirmed by gambling blocklist/manual research,99,thescore.bet,,,,,False,1,external gambling verification,False
bossbunny.ph,0,,needs_review,,,,,0,,,,0,12,0,1,1,0,0,3.084962500721156,0,0.0,0,1,1,,,,needs_manual_review,No gambling-list match and no Tranco match,5,bossbunny.ph,,,,,False,,,False
139.59.223.220,1,,needs_review,,,,,0,,,,0,14,11,3,3,0,1,2.610577243331642,0,0.0,0,0,1,,,,needs_manual_review,No gambling-list match and no Tranco match,5,139.59.223.220,,,,,False,,,False
ww88uu.vip,1,1.0,confirmed_gambling,Block List Project,single_source,ww88uu.vip,Block List Project,1,,,,0,10,2,1,1,0,0,2.721928094887362,0,124.0,1,1,1,,,,confirmed_gambling,Already confirmed by gambling blocklist/manual research,99,ww88uu.vip,,,,,False,1,external gambling verification,False
bppoker.live,0,1.0,confirmed_gambling,Block List Project,single_source,bppoker.live,Block List Project,1,,,,0,12,0,1,1,0,0,3.2516291673878226,0,0.0,0,0,0,,,,confirmed_gambling,Already confirmed by gambling blocklist/manual research,99,bppoker.live,,,,,False,1,external gambling verification,False
digiwin.ph,0,,priority_review,,,,,0,,,,1,10,0,1,1,0,0,2.8464393446710154,0,0.0,0,0,0,,,,priority_gambling_review,Contains gambling-related keyword,3,digiwin.ph,,,,,False,,,False
24pokies.com,1,1.0,confirmed_gambling,Block List Project,single_source,24pokies.com,Block List Project,1,,,,0,12,2,1,1,0,0,3.4182958340544896,0,3403.0,1,1,1,,,,confirmed_gambling,Already confirmed by gambling blocklist/manual research,99,24pokies.com,,,,,False,1,external gambling verification,False
fastwin.ph,0,1.0,confirmed_gambling,Block List Project,single_source,fastwin.ph,Block List Project,1,,,,1,10,0,1,1,0,0,3.321928094887362,0,0.0,0,1,1,,,,confirmed_gambling,Already confirmed by gambling blocklist/manual research,99,fastwin.ph,,,,,False,1,external gambling verification,False
gameph.com,0,1.0,confirmed_gambling,Block List Project,single_source,gameph.com,Block List Project,1,,,,0,10,0,1,1,0,0,3.1219280948873624,0,6667.0,1,0,1,,,,confirmed_gambling,Already confirmed by gambling blocklist/manual research,99,gameph.com,,,,,False,1,external gambling verification,False
paywayglobal.com,1,,needs_review,,,,,0,,,,0,16,0,1,1,0,0,3.327819531114783,0,0.0,0,0,0,,,,needs_manual_review,No gambling-list match and no Tranco match,5,paywayglobal.com,,,,,False,,,False
19msia.com,1,,needs_review,,,,,0,,,,0,10,2,1,1,0,0,3.1219280948873624,0,0.0,0,0,0,,,,needs_manual_review,No gambling-list match and no Tranco match,5,19msia.com,,,,,False,,,False
haha777.world,1,1.0,confirmed_gambling,Block List Project,single_source,haha777.world,Block List Project,1,,,,1,13,3,1,1,0,0,3.026986833359288,0,0.0,0,0,1,,,,confirmed_gambling,Already confirmed by gambling blocklist/manual research,99,haha777.world,,,,,False,1,external gambling verification,False
suomikasino.com,0,1.0,confirmed_gambling,"Block List Project, UT1 Gambling",multi_source,suomikasino.com,"Block List Project, UT1 Gambling",2,,,,0,15,0,1,1,0,0,3.1898980954642875,0,6438.0,1,1,1,886256.0,suomikasino.com,exact,confirmed_gambling,Already confirmed by gambling blocklist/manual research,99,suomikasino.com,,,,,False,1,external gambling verification,False
bw988.net,1,,needs_review,,,,,0,,,,0,9,3,1,1,0,0,2.94770277922009,0,2061.0,1,0,0,,,,needs_manual_review,No gambling-list match and no Tranco match,5,bw988.net,,,,,False,,,False
ilotbet-03121.weebly.com,1,,priority_review,,,,,0,,,,1,24,5,3,2,1,0,3.8868421881310113,0,7319.0,1,1,1,344.0,weebly.com,parent_domain,priority_gambling_review,Contains gambling-related keyword,3,ilotbet-03121.weebly.com,,,,,False,,,False
wpcasino.net,1,,priority_review,,,,,0,,,,1,12,0,1,1,0,0,3.4182958340544896,0,2895.0,1,0,1,,,,priority_gambling_review,Contains gambling-related keyword,3,wpcasino.net,,,,,False,,,False
betfair.com,0,1.0,confirmed_gambling,"Block List Project, UT1 Gambling",multi_source,betfair.com,"Block List Project, UT1 Gambling",2,,,,1,11,0,1,1,0,0,3.4594316186372973,0,9523.0,1,0,1,7853.0,betfair.com,exact,confirmed_gambling,Already confirmed by gambling blocklist/manual research,99,betfair.com,,,,,False,1,external gambling verification,False
partycasino.com,0,1.0,confirmed_gambling,"Block List Project, UT1 Gambling",multi_source,partycasino.com,"Block List Project, UT1 Gambling",2,,,,1,15,0,1,1,0,0,3.506890595608519,0,10210.0,1,1,1,30523.0,partycasino.com,exact,confirmed_gambling,Already confirmed by gambling blocklist/manual research,99,partycasino.com,,,,,False,1,external gambling verification,False
betgoo200.com,1,,priority_review,,,,,0,,,,1,13,3,1,1,0,0,3.180832987205441,0,0.0,0,0,1,,,,priority_gambling_review,Contains gambling-related keyword,3,betgoo200.com,,,,,False,,,False
1xqqsite.com,1,,needs_review,,,,,0,,,,0,12,1,1,1,0,0,3.4182958340544896,0,0.0,0,0,1,,,,needs_manual_review,No gambling-list match and no Tranco match,5,1xqqsite.com,,,,,False,,,False
nkryu17dc.com,1,,needs_review,,,,,0,,,,0,13,2,1,1,0,0,3.546593564294939,0,484.0,1,0,1,,,,needs_manual_review,No gambling-list match and no Tranco match,5,nkryu17dc.com,,,,,False,,,False
asiabet338.website,1,,priority_review,,,,,0,,,,1,18,3,1,1,0,0,3.239097917988786,0,0.0,0,0,1,,,,priority_gambling_review,Contains gambling-related keyword,3,asiabet338.website,,,,,False,,,False
spinnerikasino.com,0,,needs_review,,,,,0,,,,0,18,0,1,1,0,0,3.4193819456463714,0,334.0,1,0,1,,,,needs_manual_review,No gambling-list match and no Tranco match,5,spinnerikasino.com,,,,,False,,,False
24pokies1.com,1,1.0,confirmed_gambling,Block List Project,single_source,24pokies1.com,Block List Project,1,,,,0,13,3,1,1,0,0,3.546593564294939,0,604.0,1,0,0,,,,confirmed_gambling,Already confirmed by gambling blocklist/manual research,99,24pokies1.com,,,,,False,1,external gambling verification,False
line35266.com,1,,needs_review,,,,,0,,,,0,13,5,1,1,0,0,3.546593564294939,0,0.0,0,0,1,,,,needs_manual_review,No gambling-list match and no Tranco match,5,line35266.com,,,,,False,,,False
luckymate.co.uk,0,1.0,confirmed_gambling,"Block List Project, UT1 Gambling",multi_source,luckymate.co.uk,"Block List Project, UT1 Gambling",2,,,,0,15,0,2,2,0,0,3.373557262275185,0,1024.0,1,0,1,,,,confirmed_gambling,Already confirmed by gambling blocklist/manual research,99,luckymate.co.uk,,,,,False,1,external gambling verification,False
buzzbingo.com,0,1.0,confirmed_gambling,Block List Project,single_source,buzzbingo.com,Block List Project,1,,,,0,13,0,1,1,0,0,3.238901256602631,0,9520.0,1,0,1,62888.0,buzzbingo.com,exact,confirmed_gambling,Already confirmed by gambling blocklist/manual research,99,buzzbingo.com,,,,,False,1,external gambling verification,False
bet-at-home.de,0,1.0,confirmed_gambling,"Block List Project, UT1 Gambling",multi_source,bet-at-home.de,"Block List Project, UT1 Gambling",2,,,,1,14,0,3,1,1,0,3.1820058147602133,0,0.0,0,1,1,148396.0,bet-at-home.de,exact,confirmed_gambling,Already confirmed by gambling blocklist/manual research,99,bet-at-home.de,,,,,False,1,external gambling verification,False
rp777.vip,1,,priority_review,,,,,0,,,,1,9,3,1,1,0,0,2.4193819456463714,0,357.0,1,1,1,,,,priority_gambling_review,Contains gambling-related keyword,3,rp777.vip,,,,,False,,,False
juan365.ph,0,,needs_review,,,,,0,,,,0,10,3,1,1,0,0,3.321928094887362,0,0.0,0,1,1,,,,needs_manual_review,No gambling-list match and no Tranco match,5,juan365.ph,,,,,False,,,False
nj.betmgm.com,0,1.0,confirmed_gambling,"Block List Project, UT1 Gambling",multi_source,betmgm.com,"Block List Project, UT1 Gambling",2,,,,1,13,0,2,2,0,0,3.180832987205441,0,8655.0,1,0,1,10694.0,betmgm.com,parent_domain,confirmed_gambling,Already confirmed by gambling blocklist/manual research,99,nj.betmgm.com,,,,,False,1,external gambling verification,False
ciprobet,1,,priority_review,,,,,0,,,,1,8,0,0,0,0,0,3.0,0,0.0,0,0,0,,,,priority_gambling_review,Contains gambling-related keyword,3,ciprobet,,,,,False,,,False
buenas.plus,0,1.0,confirmed_gambling,Block List Project,single_source,buenas.plus,Block List Project,1,,,,0,11,0,1,1,0,0,3.095795255000934,0,0.0,0,1,1,,,,confirmed_gambling,Already confirmed by gambling blocklist/manual research,99,buenas.plus,,,,,False,1,external gambling verification,False
crazywingo.asia,0,,priority_review,,,,,0,,,,1,15,0,1,1,0,0,3.456564762130954,0,73.0,1,1,1,,,,priority_gambling_review,Contains gambling-related keyword,3,crazywingo.asia,,,,,False,,,False
123bingo.ph,0,,needs_review,,,,,0,,,,0,11,3,1,1,0,0,3.4594316186372973,0,0.0,0,1,1,,,,needs_manual_review,No gambling-list match and no Tranco match,5,123bingo.ph,,,,,False,,,False
playtime.ph,0,1.0,confirmed_gambling,Block List Project,single_source,playtime.ph,Block List Project,1,,,,0,11,0,1,1,0,0,3.277613436819116,0,0.0,0,1,1,17806.0,playtime.ph,exact,confirmed_gambling,Already confirmed by gambling blocklist/manual research,99,playtime.ph,,,,,False,1,external gambling verification,False
evolutiongaming.com,0,,needs_review,,,,,0,,,,0,19,0,1,1,0,0,3.5766176449086657,0,8067.0,1,1,1,290820.0,evolutiongaming.com,exact,weak_benign_candidate,Appears in Tranco Top 1M,4,evolutiongaming.com,,,,,False,,,False
thesecretsocietyxx.com,1,,needs_review,,,,,0,,,,0,22,0,1,1,0,0,3.390805482076982,0,169.0,1,1,1,,,,needs_manual_review,No gambling-list match and no Tranco match,5,thesecretsocietyxx.com,,,,,False,,,False
nagacash9b.homes,1,,needs_review,,,,,0,,,,0,16,1,1,1,0,0,3.452819531114783,0,440.0,1,0,0,,,,needs_manual_review,No gambling-list match and no Tranco match,5,nagacash9b.homes,,,,,False,,,False
azino-777.live,1,,priority_review,,,,,0,,,,1,14,3,2,1,1,0,3.3248629576173565,0,0.0,0,0,0,,,,priority_gambling_review,Contains gambling-related keyword,3,azino-777.live,,,,,False,,,False
luckytaya.ph,0,,needs_review,,,,,0,,,,0,12,0,1,1,0,0,3.2516291673878226,0,0.0,0,0,1,,,,needs_manual_review,No gambling-list match and no Tranco match,5,luckytaya.ph,,,,,False,,,False
sportsplus.ph,0,1.0,confirmed_gambling,Block List Project,single_source,sportsplus.ph,Block List Project,1,,,,0,13,0,1,1,0,0,2.9689185639620974,0,0.0,0,1,1,23253.0,sportsplus.ph,exact,confirmed_gambling,Already confirmed by gambling blocklist/manual research,99,sportsplus.ph,,,,,False,1,external gambling verification,False
pocketaces-sp.ph,0,,needs_review,,,,,0,,,,0,16,0,2,1,1,0,3.327819531114783,0,0.0,0,1,1,,,,needs_manual_review,No gambling-list match and no Tranco match,5,pocketaces-sp.ph,,,,,False,,,False
laviergp.com,0,,needs_review,,,,,0,,,,0,12,0,1,1,0,0,3.584962500721156,0,866.0,1,0,1,,,,needs_manual_review,No gambling-list match and no Tranco match,5,laviergp.com,,,,,False,,,False
win-bonus-888.pro,1,,priority_review,,,,,0,,,,1,17,3,3,1,1,0,3.4548223999466057,0,0.0,0,0,0,,,,priority_gambling_review,Contains gambling-related keyword,3,win-bonus-888.pro,,,,,False,,,False
sbobet.com,1,1.0,confirmed_gambling,"Block List Project, UT1 Gambling",multi_source,sbobet.com,"Block List Project, UT1 Gambling",2,,,,1,10,0,1,1,0,0,2.9219280948873623,0,8233.0,1,0,1,35640.0,sbobet.com,exact,confirmed_gambling,Already confirmed by gambling blocklist/manual research,99,sbobet.com,,,,,False,1,external gambling verification,False
livebid.in,1,,needs_review,,,,,0,,,,0,10,0,1,1,0,0,2.8464393446710154,0,2471.0,1,0,0,,,,needs_manual_review,No gambling-list match and no Tranco match,5,livebid.in,,,,,False,,,False
eplay.egamescasino.ph,0,1.0,confirmed_gambling,Block List Project,single_source,egamescasino.ph,Block List Project,1,,,,1,21,0,2,2,0,0,3.6537567082870015,0,0.0,0,0,0,747344.0,egamescasino.ph,parent_domain,confirmed_gambling,Already confirmed by gambling blocklist/manual research,99,eplay.egamescasino.ph,,,,,False,1,external gambling verification,False
betvenedik.com,1,,priority_review,,,,,0,,,,1,14,0,1,1,0,0,3.4677201004745,0,1289.0,1,1,1,,,,priority_gambling_review,Contains gambling-related keyword,3,betvenedik.com,,,,,False,,,False
betmaks433.com,1,,priority_review,,,,,0,,,,1,14,3,1,1,0,0,3.521640636343318,0,0.0,0,0,1,,,,priority_gambling_review,Contains gambling-related keyword,3,betmaks433.com,,,,,False,,,False
jbac001.org,1,,needs_review,,,,,0,,,,0,11,3,1,1,0,0,3.277613436819116,0,0.0,0,1,1,,,,needs_manual_review,No gambling-list match and no Tranco match,5,jbac001.org,,,,,False,,,False
diyarbet123.com,1,,priority_review,,,,,0,,,,1,15,3,1,1,0,0,3.906890595608519,0,0.0,0,0,1,,,,priority_gambling_review,Contains gambling-related keyword,3,diyarbet123.com,,,,,False,,,False
ray097.com,1,,needs_review,,,,,0,,,,0,10,3,1,1,0,0,3.321928094887362,0,1803.0,1,1,1,,,,needs_manual_review,No gambling-list match and no Tranco match,5,ray097.com,,,,,False,,,False
sportingbet.com,0,1.0,confirmed_gambling,"Block List Project, UT1 Gambling",multi_source,sportingbet.com,"Block List Project, UT1 Gambling",2,,,,1,15,0,1,1,0,0,3.640223928941852,0,10446.0,1,1,1,26728.0,sportingbet.com,exact,confirmed_gambling,Already confirmed by gambling blocklist/manual research,99,sportingbet.com,,,,,False,1,external gambling verification,False
wowgames.app,0,,needs_review,,,,,0,,,,0,12,0,1,1,0,0,3.084962500721156,0,0.0,0,1,1,,,,needs_manual_review,No gambling-list match and no Tranco match,5,wowgames.app,,,,,False,,,False
sportybetadder001.weebly.com,1,,priority_review,,,,,0,,,,1,28,3,2,2,0,0,3.950212064914747,0,7319.0,1,0,0,344.0,weebly.com,parent_domain,priority_gambling_review,Contains gambling-related keyword,3,sportybetadder001.weebly.com,,,,,False,,,False
skybingo.com,0,1.0,confirmed_gambling,Block List Project,single_source,skybingo.com,Block List Project,1,,,,0,12,0,1,1,0,0,3.4182958340544896,0,9582.0,1,1,1,84895.0,skybingo.com,exact,confirmed_gambling,Already confirmed by gambling blocklist/manual research,99,skybingo.com,,,,,False,1,external gambling verification,False
206casinoturka,1,,priority_review,,,,,0,,,,1,14,3,0,0,0,0,3.664497779200461,0,0.0,0,0,0,,,,priority_gambling_review,Contains gambling-related keyword,3,206casinoturka,,,,,False,,,False
uwin992.cc,1,,priority_review,,,,,0,,,,1,10,3,1,1,0,0,2.9219280948873623,0,1151.0,1,0,1,,,,priority_gambling_review,Contains gambling-related keyword,3,uwin992.cc,,,,,False,,,False
casinoin.ie,0,1.0,confirmed_gambling,"Block List Project, UT1 Gambling",multi_source,casinoin.ie,"Block List Project, UT1 Gambling",2,,,,1,11,0,1,1,0,0,2.8453509366224368,0,1170.0,1,1,1,,,,confirmed_gambling,Already confirmed by gambling blocklist/manual research,99,casinoin.ie,,,,,False,1,external gambling verification,False
sin88.club,1,1.0,confirmed_gambling,Block List Project,single_source,sin88.club,Block List Project,1,,,,0,10,2,1,1,0,0,3.1219280948873624,1,2360.0,1,1,1,,,,confirmed_gambling,Already confirmed by gambling blocklist/manual research,99,sin88.club,,,,,False,1,external gambling verification,False
z8.com,1,,needs_review,,,,,0,,,,0,6,1,1,1,0,0,2.584962500721156,0,10478.0,1,1,1,852883.0,z8.com,exact,weak_benign_candidate,Appears in Tranco Top 1M,4,z8.com,,uncertain,manual research,Gambling-related evidence exists but current status unresolved,False,,,False
ibet.com,0,1.0,confirmed_gambling,Block List Project,single_source,ibet.com,Block List Project,1,,,,1,8,0,1,1,0,0,3.0,0,10387.0,1,0,1,271654.0,ibet.com,exact,confirmed_gambling,Already confirmed by gambling blocklist/manual research,99,ibet.com,,,,,False,1,external gambling verification,False
epicwin2.com,1,,priority_review,,,,,0,,,,1,12,1,1,1,0,0,3.2516291673878226,0,283.0,1,0,0,,,,priority_gambling_review,Contains gambling-related keyword,3,epicwin2.com,,,,,False,,,False
casipol,1,,needs_review,,,,,0,,,,0,7,0,0,0,0,0,2.807354922057604,0,0.0,0,0,0,,,,needs_manual_review,No gambling-list match and no Tranco match,5,casipol,,,,,False,,,False
1club1way.com,1,,needs_review,,,,,0,,,,0,13,2,1,1,0,0,3.3927474104487847,0,0.0,0,0,0,,,,needs_manual_review,No gambling-list match and no Tranco match,5,1club1way.com,,,,,False,,,False
karhubet.com,0,1.0,confirmed_gambling,Block List Project,single_source,karhubet.com,Block List Project,1,,,,1,12,0,1,1,0,0,3.584962500721156,0,257.0,1,1,1,,,,confirmed_gambling,Already confirmed by gambling blocklist/manual research,99,karhubet.com,,,,,False,1,external gambling verification,False
sportybetballanceader.weebly.com,1,,priority_review,,,,,0,,,,1,32,0,2,2,0,0,3.8164280318460246,0,7319.0,1,0,0,344.0,weebly.com,parent_domain,priority_gambling_review,Contains gambling-related keyword,3,sportybetballanceader.weebly.com,,,,,False,,,False
mgt-casino.com,1,,priority_review,,,,,0,,,,1,14,0,2,1,1,0,3.378783493486176,0,308.0,1,1,1,,,,priority_gambling_review,Contains gambling-related keyword,3,mgt-casino.com,,,,,False,,,False
boss365au.com,1,,needs_review,,,,,0,,,,0,13,3,1,1,0,0,3.3927474104487847,0,678.0,1,0,1,,,,needs_manual_review,No gambling-list match and no Tranco match,5,boss365au.com,,,,,False,,,False
berlian33.club,1,,needs_review,,,,,0,,,,0,14,2,1,1,0,0,3.378783493486176,1,1353.0,1,0,1,,,,needs_manual_review,No gambling-list match and no Tranco match,5,berlian33.club,,,,,False,,,False
fortunelink.com.ph,0,,needs_review,,,,,0,,,,0,18,0,2,2,0,0,3.836591668108978,0,0.0,0,0,1,,,,needs_manual_review,No gambling-list match and no Tranco match,5,fortunelink.com.ph,,,,,False,,,False
god55.company,1,,needs_review,,,,,0,,,,0,13,2,1,1,0,0,3.3927474104487847,0,0.0,0,1,1,,,,needs_manual_review,No gambling-list match and no Tranco match,5,god55.company,,,,,False,,,False
diyarbet,1,,priority_review,,,,,0,,,,1,8,0,0,0,0,0,3.0,0,0.0,0,0,0,,,,priority_gambling_review,Contains gambling-related keyword,3,diyarbet,,,,,False,,,False
casinomga.com,1,,priority_review,,,,,0,,,,1,13,0,1,1,0,0,3.0850551027564768,0,3051.0,1,0,0,,,,priority_gambling_review,Contains gambling-related keyword,3,casinomga.com,,,,,False,,,False
istanacuan.us,1,,needs_review,,,,,0,,,,0,13,0,1,1,0,0,2.873140679513133,0,0.0,0,0,1,,,,needs_manual_review,No gambling-list match and no Tranco match,5,istanacuan.us,,,,,False,,,False
panaloplay.ph,0,,needs_review,,,,,0,,,,0,13,0,1,1,0,0,2.815072410115944,0,0.0,0,1,1,,,,needs_manual_review,No gambling-list match and no Tranco match,5,panaloplay.ph,,,,,False,,,False
arenapluspro.net,0,,needs_review,,,,,0,,,,0,16,0,1,1,0,0,3.375,0,367.0,1,1,1,,,,needs_manual_review,No gambling-list match and no Tranco match,5,arenapluspro.net,,,,,False,,,False
lv666,1,,needs_review,,,,,0,,,,0,5,3,0,0,0,0,1.3709505944546687,0,0.0,0,0,0,,,,needs_manual_review,No gambling-list match and no Tranco match,5,lv666,,,,,False,,,False
nustargame.ph,0,,needs_review,,,,,0,,,,0,13,0,1,1,0,0,3.546593564294939,0,0.0,0,0,1,75785.0,nustargame.ph,exact,medium_benign_candidate,Top 100K Tranco and no gambling keyword,2,nustargame.ph,1.0,verified,official website,Online casino and gaming website,False,1,manual verification,False
foxybingo.com,0,1.0,confirmed_gambling,Block List Project,single_source,foxybingo.com,Block List Project,1,,,,0,13,0,1,1,0,0,3.334679141051595,0,7737.0,1,0,1,56044.0,foxybingo.com,exact,confirmed_gambling,Already confirmed by gambling blocklist/manual research,99,foxybingo.com,,,,,False,1,external gambling verification,False
77win,1,,priority_review,,,,,0,,,,1,5,2,0,0,0,0,1.9219280948873625,0,0.0,0,0,0,,,,priority_gambling_review,Contains gambling-related keyword,3,77win,,,,,False,,,False
va-va-da.club,1,,needs_review,,,,,0,,,,0,13,0,3,1,1,0,3.026986833359288,1,0.0,0,0,0,,,,needs_manual_review,No gambling-list match and no Tranco match,5,va-va-da.club,,,,,False,,,False
sportybetbalanceadderssappss.weebly.com,1,,priority_review,,,,,0,,,,1,39,0,2,2,0,0,3.830811040575055,0,7319.0,1,0,0,344.0,weebly.com,parent_domain,priority_gambling_review,Contains gambling-related keyword,3,sportybetbalanceadderssappss.weebly.com,,,,,False,,,False
nustar.ph,0,,needs_review,,,,,0,,,,0,9,0,1,1,0,0,3.169925001442312,0,0.0,0,0,1,149357.0,nustar.ph,exact,weak_benign_candidate,Appears in Tranco Top 1M,4,nustar.ph,1.0,verified,official website,NUSTAR casino and gaming,False,1,manual verification,False
donaldwin.com,1,,priority_review,,,,,0,,,,1,13,0,1,1,0,0,3.238901256602631,0,706.0,1,0,1,,,,priority_gambling_review,Contains gambling-related keyword,3,donaldwin.com,,,,,False,,,False
juan365.app,0,,needs_review,,,,,0,,,,0,11,3,1,1,0,0,3.095795255000934,0,0.0,0,0,1,,,,needs_manual_review,No gambling-list match and no Tranco match,5,juan365.app,,,,,False,,,False
bybet.vip,0,,priority_review,,,,,0,,,,1,9,0,1,1,0,0,2.94770277922009,0,457.0,1,1,1,,,,priority_gambling_review,Contains gambling-related keyword,3,bybet.vip,,,,,False,,,False
vipking.ph,0,,needs_review,,,,,0,,,,0,10,0,1,1,0,0,2.9219280948873623,0,0.0,0,0,1,,,,needs_manual_review,No gambling-list match and no Tranco match,5,vipking.ph,,,,,False,,,False
poshbingo.co.uk,0,,needs_review,,,,,0,,,,0,15,0,2,2,0,0,3.456564762130954,0,7215.0,1,1,1,,,,needs_manual_review,No gambling-list match and no Tranco match,5,poshbingo.co.uk,,,,,False,,,False
cpcalendars.winzir.com,0,1.0,confirmed_gambling,Block List Project,single_source,winzir.com,Block List Project,1,,,,1,22,0,2,2,0,0,3.788754913993503,0,1507.0,1,1,1,,,,confirmed_gambling,Already confirmed by gambling blocklist/manual research,99,cpcalendars.winzir.com,,,,,False,1,external gambling verification,False
tastevegas.com,0,1.0,confirmed_gambling,Block List Project,single_source,tastevegas.com,Block List Project,1,,,,0,14,0,1,1,0,0,3.235926350629033,0,6827.0,1,1,1,,,,confirmed_gambling,Already confirmed by gambling blocklist/manual research,99,tastevegas.com,,,,,False,1,external gambling verification,False
hunterbetting5.com,1,,priority_review,,,,,0,,,,1,18,1,1,1,0,0,3.683542362433231,0,0.0,0,0,0,,,,priority_gambling_review,Contains gambling-related keyword,3,hunterbetting5.com,,,,,False,,,False
gtongits.com,0,1.0,confirmed_gambling,Block List Project,single_source,gtongits.com,Block List Project,1,,,,0,12,0,1,1,0,0,3.084962500721156,0,128.0,1,1,1,789037.0,gtongits.com,exact,confirmed_gambling,Already confirmed by gambling blocklist/manual research,99,gtongits.com,,,,,False,1,external gambling verification,False
optibet.com,0,1.0,confirmed_gambling,Block List Project,single_source,optibet.com,Block List Project,1,,,,1,11,0,1,1,0,0,3.095795255000934,0,9216.0,1,1,1,868535.0,optibet.com,exact,confirmed_gambling,Already confirmed by gambling blocklist/manual research,99,optibet.com,,,,,False,1,external gambling verification,False
bet-at-home.com,0,1.0,confirmed_gambling,"Block List Project, UT1 Gambling",multi_source,bet-at-home.com,"Block List Project, UT1 Gambling",2,,,,1,15,0,3,1,1,0,3.240223928941852,0,9686.0,1,0,1,149662.0,bet-at-home.com,exact,confirmed_gambling,Already confirmed by gambling blocklist/manual research,99,bet-at-home.com,,,,,False,1,external gambling verification,False
anibet.com,0,,priority_review,,,,,0,,,,1,10,0,1,1,0,0,3.321928094887362,0,5079.0,1,0,0,,,,priority_gambling_review,Contains gambling-related keyword,3,anibet.com,,,,,False,,,False
vavadahades.com,1,,needs_review,,,,,0,,,,0,15,0,1,1,0,0,3.106890595608519,0,55.0,1,1,1,,,,needs_manual_review,No gambling-list match and no Tranco match,5,vavadahades.com,,,,,False,,,False
zetbet.com,0,1.0,confirmed_gambling,Block List Project,single_source,zetbet.com,Block List Project,1,,,,1,10,0,1,1,0,0,2.9219280948873623,0,5457.0,1,1,1,,,,confirmed_gambling,Already confirmed by gambling blocklist/manual research,99,zetbet.com,,,,,False,1,external gambling verification,False
sportybetfixednetvip.weebly.com,1,,priority_review,,,,,0,,,,1,31,0,2,2,0,0,4.039211536948156,0,7319.0,1,0,0,344.0,weebly.com,parent_domain,priority_gambling_review,Contains gambling-related keyword,3,sportybetfixednetvip.weebly.com,,,,,False,,,False
bongo.io,0,,needs_review,,,,,0,,,,0,8,0,1,1,0,0,2.4056390622295662,0,1676.0,1,1,1,,,,needs_manual_review,No gambling-list match and no Tranco match,5,bongo.io,,,,,False,,,False
quinnbet.com,0,1.0,confirmed_gambling,Block List Project,single_source,quinnbet.com,Block List Project,1,,,,1,12,0,1,1,0,0,3.4182958340544896,0,3264.0,1,1,1,299870.0,quinnbet.com,exact,confirmed_gambling,Already confirmed by gambling blocklist/manual research,99,quinnbet.com,,,,,False,1,external gambling verification,False
136bet.com,1,1.0,confirmed_gambling,Block List Project,single_source,136bet.com,Block List Project,1,,,,1,10,3,1,1,0,0,3.321928094887362,0,4236.0,1,1,1,601164.0,136bet.com,exact,confirmed_gambling,Already confirmed by gambling blocklist/manual research,99,136bet.com,,,,,False,1,external gambling verification,False
casipol409.com,1,,needs_review,,,,,0,,,,0,14,3,1,1,0,0,3.521640636343318,0,0.0,0,0,1,,,,needs_manual_review,No gambling-list match and no Tranco match,5,casipol409.com,,,,,False,,,False
debet.bot,1,1.0,confirmed_gambling,Block List Project,single_source,debet.bot,Block List Project,1,,,,1,9,0,1,1,0,0,2.5032583347756456,0,0.0,0,1,1,,,,confirmed_gambling,Already confirmed by gambling blocklist/manual research,99,debet.bot,,,,,False,1,external gambling verification,False
888.com,0,1.0,confirmed_gambling,"Block List Project, UT1 Gambling",multi_source,888.com,"Block List Project, UT1 Gambling",2,,,,0,7,3,1,1,0,0,2.128085278891394,0,11112.0,1,1,1,46757.0,888.com,exact,confirmed_gambling,Already confirmed by gambling blocklist/manual research,99,888.com,,,,,False,1,external gambling verification,False
rlivegame.net,0,,needs_review,,,,,0,,,,0,13,0,1,1,0,0,3.334679141051595,0,0.0,0,1,1,,,,needs_manual_review,No gambling-list match and no Tranco match,5,rlivegame.net,,,,,False,,,False
okplay.ph,0,1.0,confirmed_gambling,Block List Project,single_source,okplay.ph,Block List Project,1,,,,0,9,0,1,1,0,0,2.94770277922009,0,0.0,0,1,1,86470.0,okplay.ph,exact,confirmed_gambling,Already confirmed by gambling blocklist/manual research,99,okplay.ph,,,,,False,1,external gambling verification,False
1mebetx.com,1,,priority_review,,,,,0,,,,1,11,1,1,1,0,0,3.095795255000934,0,2881.0,1,0,0,,,,priority_gambling_review,Contains gambling-related keyword,3,1mebetx.com,,,,,False,,,False
gladiator-slot.com,1,1.0,confirmed_gambling,Block List Project,single_source,gladiator-slot.com,Block List Project,1,,,,1,18,0,2,1,1,0,3.5724312513221195,0,1872.0,1,1,1,,,,confirmed_gambling,Already confirmed by gambling blocklist/manual research,99,gladiator-slot.com,,,,,False,1,external gambling verification,False
alpha66.shop,1,,needs_review,,,,,0,,,,0,12,2,1,1,0,0,2.918295834054489,0,1435.0,1,0,1,,,,needs_manual_review,No gambling-list match and no Tranco match,5,alpha66.shop,,,,,False,,,False
efesbetcasino353.com,1,,priority_review,,,,,0,,,,1,20,3,1,1,0,0,3.684183719779189,0,0.0,0,0,1,,,,priority_gambling_review,Contains gambling-related keyword,3,efesbetcasino353.com,,,,,False,,,False
bigbet138.xyz,1,,priority_review,,,,,0,,,,1,13,3,1,1,0,0,3.546593564294939,1,0.0,0,0,1,,,,priority_gambling_review,Contains gambling-related keyword,3,bigbet138.xyz,,,,,False,,,False
linqapp.com,1,,needs_review,,,,,0,,,,0,11,0,1,1,0,0,3.277613436819116,0,5044.0,1,0,1,233414.0,linqapp.com,exact,weak_benign_candidate,Appears in Tranco Top 1M,4,linqapp.com,0.0,verified,official documentation,Digital business card and CRM platform,False,0,manual verification,False
29bet.com,1,,priority_review,,,,,0,,,,1,9,2,1,1,0,0,3.169925001442312,0,5238.0,1,0,1,,,,priority_gambling_review,Contains gambling-related keyword,3,29bet.com,,,,,False,,,False
stardustcasino.com,0,1.0,confirmed_gambling,Block List Project,single_source,stardustcasino.com,Block List Project,1,,,,1,18,0,1,1,0,0,3.4613201402110083,0,10552.0,1,0,1,589655.0,stardustcasino.com,exact,confirmed_gambling,Already confirmed by gambling blocklist/manual research,99,stardustcasino.com,,,,,False,1,external gambling verification,False
ina0808.com,1,,needs_review,,,,,0,,,,0,11,4,1,1,0,0,3.095795255000934,0,761.0,1,1,1,,,,needs_manual_review,No gambling-list match and no Tranco match,5,ina0808.com,,,,,False,,,False
bixbet.com,1,,priority_review,,,,,0,,,,1,10,0,1,1,0,0,3.1219280948873624,0,4116.0,1,1,1,,,,priority_gambling_review,Contains gambling-related keyword,3,bixbet.com,,,,,False,,,False
betvadi,1,,priority_review,,,,,0,,,,1,7,0,0,0,0,0,2.807354922057604,0,0.0,0,0,0,,,,priority_gambling_review,Contains gambling-related keyword,3,betvadi,,,,,False,,,False
casinoplatin.net,1,,priority_review,,,,,0,,,,1,16,0,1,1,0,0,3.327819531114783,0,421.0,1,1,1,,,,priority_gambling_review,Contains gambling-related keyword,3,casinoplatin.net,,,,,False,,,False
81bet.com,1,1.0,confirmed_gambling,Block List Project,single_source,81bet.com,Block List Project,1,,,,1,9,2,1,1,0,0,3.169925001442312,0,7115.0,1,1,1,601202.0,81bet.com,exact,confirmed_gambling,Already confirmed by gambling blocklist/manual research,99,81bet.com,,,,,False,1,external gambling verification,False
nobet177.com,1,,priority_review,,,,,0,,,,1,12,3,1,1,0,0,3.2516291673878226,0,102.0,1,0,0,,,,priority_gambling_review,Contains gambling-related keyword,3,nobet177.com,,,,,False,,,False
betcombet,1,,priority_review,,,,,0,,,,1,9,0,0,0,0,0,2.5032583347756456,0,0.0,0,0,0,,,,priority_gambling_review,Contains gambling-related keyword,3,betcombet,,,,,False,,,False
copybet.com,0,1.0,confirmed_gambling,Block List Project,single_source,copybet.com,Block List Project,1,,,,1,11,0,1,1,0,0,3.095795255000934,0,4796.0,1,1,1,394263.0,copybet.com,exact,confirmed_gambling,Already confirmed by gambling blocklist/manual research,99,copybet.com,,,,,False,1,external gambling verification,False
sportotobet.com,1,,priority_review,,,,,0,,,,1,15,0,1,1,0,0,3.056564762130954,0,4156.0,1,1,1,,,,priority_gambling_review,Contains gambling-related keyword,3,sportotobet.com,,,,,False,,,False
ugaming.com,0,,needs_review,,,,,0,,,,0,11,0,1,1,0,0,3.095795255000934,0,3951.0,1,0,0,,,,needs_manual_review,No gambling-list match and no Tranco match,5,ugaming.com,,,,,False,,,False
777-azino.in,1,,priority_review,,,,,0,,,,1,12,3,2,1,1,0,2.8553885422075336,0,0.0,0,0,0,,,,priority_gambling_review,Contains gambling-related keyword,3,777-azino.in,,,,,False,,,False
efc88.city,1,,needs_review,,,,,0,,,,0,10,2,1,1,0,0,2.9219280948873623,0,0.0,0,0,1,,,,needs_manual_review,No gambling-list match and no Tranco match,5,efc88.city,,,,,False,,,False
bet-free-777.xyz,1,,priority_review,,,,,0,,,,1,16,3,3,1,1,0,3.2806390622295662,1,0.0,0,0,0,,,,priority_gambling_review,Contains gambling-related keyword,3,bet-free-777.xyz,,,,,False,,,False
konterwd.net,1,,needs_review,,,,,0,,,,0,12,0,1,1,0,0,3.084962500721156,0,61.0,1,0,1,,,,needs_manual_review,No gambling-list match and no Tranco match,5,konterwd.net,,,,,False,,,False
anibet.ph,0,,priority_review,,,,,0,,,,1,9,0,1,1,0,0,3.169925001442312,0,0.0,0,0,1,,,,priority_gambling_review,Contains gambling-related keyword,3,anibet.ph,,,,,False,,,False
gperya.com,0,1.0,confirmed_gambling,Block List Project,single_source,gperya.com,Block List Project,1,,,,0,10,0,1,1,0,0,3.321928094887362,0,218.0,1,1,1,11281.0,gperya.com,exact,confirmed_gambling,Already confirmed by gambling blocklist/manual research,99,gperya.com,,,,,False,1,external gambling verification,False
caesarcrown.com,1,,needs_review,,,,,0,,,,0,15,0,1,1,0,0,3.1898980954642875,0,1724.0,1,0,0,,,,needs_manual_review,No gambling-list match and no Tranco match,5,caesarcrown.com,,,,,False,,,False
111casinoviva.com,1,,priority_review,,,,,0,,,,1,17,3,1,1,0,0,3.2195282822995472,0,0.0,0,0,0,,,,priority_gambling_review,Contains gambling-related keyword,3,111casinoviva.com,,,,,False,,,False
desktaya.ph,0,,needs_review,,,,,0,,,,0,11,0,1,1,0,0,3.277613436819116,0,0.0,0,1,1,,,,needs_manual_review,No gambling-list match and no Tranco match,5,desktaya.ph,,,,,False,,,False
slot-account-888.buzz,1,,priority_review,,,,,0,,,,1,21,3,3,1,1,0,3.594465636961452,0,0.0,0,0,0,,,,priority_gambling_review,Contains gambling-related keyword,3,slot-account-888.buzz,,,,,False,,,False
okbet.com,0,1.0,confirmed_gambling,Block List Project,single_source,okbet.com,Block List Project,1,,,,1,9,0,1,1,0,0,2.94770277922009,0,8182.0,1,1,1,9115.0,okbet.com,exact,confirmed_gambling,Already confirmed by gambling blocklist/manual research,99,okbet.com,,,,,False,1,external gambling verification,False
betsmith.com,0,,priority_review,,,,,0,,,,1,12,0,1,1,0,0,3.2516291673878226,0,4984.0,1,1,1,657420.0,betsmith.com,exact,priority_gambling_review,Contains gambling-related keyword,3,betsmith.com,,,,,False,,,False
netplaypoker.com,1,,needs_review,,,,,0,,,,0,16,0,1,1,0,0,3.625,0,0.0,0,0,0,,,,needs_manual_review,No gambling-list match and no Tranco match,5,netplaypoker.com,,,,,False,,,False
7ll6v.cc,1,,needs_review,,,,,0,,,,0,8,2,1,1,0,0,2.5,0,0.0,0,0,1,,,,needs_manual_review,No gambling-list match and no Tranco match,5,7ll6v.cc,,,,,False,,,False
betboro.co.uk,0,,priority_review,,,,,0,,,,1,13,0,2,2,0,0,3.026986833359288,0,3806.0,1,1,1,,,,priority_gambling_review,Contains gambling-related keyword,3,betboro.co.uk,,,,,False,,,False
badak69.co,1,,needs_review,,,,,0,,,,0,10,2,1,1,0,0,3.1219280948873624,0,812.0,1,0,1,,,,needs_manual_review,No gambling-list match and no Tranco match,5,badak69.co,,,,,False,,,False
jackpot247.com,0,1.0,confirmed_gambling,Block List Project,single_source,jackpot247.com,Block List Project,1,,,,1,14,3,1,1,0,0,3.521640636343318,0,8092.0,1,1,1,895898.0,jackpot247.com,exact,confirmed_gambling,Already confirmed by gambling blocklist/manual research,99,jackpot247.com,,,,,False,1,external gambling verification,False
jili88asia.com,1,,needs_review,,,,,0,,,,0,14,2,1,1,0,0,3.1820058147602133,0,0.0,0,0,1,,,,needs_manual_review,No gambling-list match and no Tranco match,5,jili88asia.com,,,,,False,,,False
buenas.life,0,1.0,confirmed_gambling,Block List Project,single_source,buenas.life,Block List Project,1,,,,0,11,0,1,1,0,0,3.277613436819116,0,0.0,0,1,1,,,,confirmed_gambling,Already confirmed by gambling blocklist/manual research,99,buenas.life,,,,,False,1,external gambling verification,False
eubet8my.com,1,,priority_review,,,,,0,,,,1,12,1,1,1,0,0,3.2516291673878226,0,0.0,0,0,0,,,,priority_gambling_review,Contains gambling-related keyword,3,eubet8my.com,,,,,False,,,False
immortalwins.com,0,1.0,confirmed_gambling,Block List Project,single_source,immortalwins.com,Block List Project,1,,,,1,16,0,1,1,0,0,3.452819531114783,0,2080.0,1,0,1,,,,confirmed_gambling,Already confirmed by gambling blocklist/manual research,99,immortalwins.com,,,,,False,1,external gambling verification,False
lakiwin.com,0,1.0,confirmed_gambling,Block List Project,single_source,lakiwin.com,Block List Project,1,,,,1,11,0,1,1,0,0,3.277613436819116,0,816.0,1,1,1,205009.0,lakiwin.com,exact,confirmed_gambling,Already confirmed by gambling blocklist/manual research,99,lakiwin.com,,,,,False,1,external gambling verification,False
123go.com,0,,needs_review,,,,,0,,,,0,9,3,1,1,0,0,2.94770277922009,0,11141.0,1,1,1,,,,needs_manual_review,No gambling-list match and no Tranco match,5,123go.com,,,,,False,,,False
rabbitreel.com,0,,needs_review,,,,,0,,,,0,14,0,1,1,0,0,3.378783493486176,0,3201.0,1,1,1,,,,needs_manual_review,No gambling-list match and no Tranco match,5,rabbitreel.com,,,,,False,,,False
deluxe-bet.com,1,,priority_review,,,,,0,,,,1,14,0,2,1,1,0,3.4677201004745,0,277.0,1,0,0,,,,priority_gambling_review,Contains gambling-related keyword,3,deluxe-bet.com,,,,,False,,,False
bilyoncu.com,1,,needs_review,,,,,0,,,,0,12,0,1,1,0,0,3.2516291673878226,0,98.0,1,0,1,,,,needs_manual_review,No gambling-list match and no Tranco match,5,bilyoncu.com,,,,,False,,,False
asiabet33.net,1,,priority_review,,,,,0,,,,1,13,2,1,1,0,0,3.0850551027564768,0,2913.0,1,1,1,,,,priority_gambling_review,Contains gambling-related keyword,3,asiabet33.net,,,,,False,,,False
22funph1.com,1,,needs_review,,,,,0,,,,0,12,3,1,1,0,0,3.4182958340544896,0,1090.0,1,0,0,,,,needs_manual_review,No gambling-list match and no Tranco match,5,22funph1.com,,,,,False,,,False
filslots.com,0,,priority_review,,,,,0,,,,1,12,0,1,1,0,0,3.084962500721156,0,495.0,1,1,1,,,,priority_gambling_review,Contains gambling-related keyword,3,filslots.com,,,,,False,,,False
wowsports.ph,0,,needs_review,,,,,0,,,,0,12,0,1,1,0,0,2.918295834054489,0,0.0,0,1,1,,,,needs_manual_review,No gambling-list match and no Tranco match,5,wowsports.ph,,,,,False,,,False
god55.today,1,,needs_review,,,,,0,,,,0,11,2,1,1,0,0,2.913977073182752,0,0.0,0,1,1,,,,needs_manual_review,No gambling-list match and no Tranco match,5,god55.today,,,,,False,,,False
orangeplusbet.com,1,,priority_review,,,,,0,,,,1,17,0,1,1,0,0,3.85216872360328,0,750.0,1,0,1,,,,priority_gambling_review,Contains gambling-related keyword,3,orangeplusbet.com,,,,,False,,,False
chillybets.com,0,,priority_review,,,,,0,,,,1,14,0,1,1,0,0,3.521640636343318,0,1876.0,1,1,1,,,,priority_gambling_review,Contains gambling-related keyword,3,chillybets.com,,,,,False,,,False
pisogame.top,0,,needs_review,,,,,0,,,,0,12,0,1,1,0,0,3.2516291673878226,1,46.0,1,0,0,,,,needs_manual_review,No gambling-list match and no Tranco match,5,pisogame.top,,,,,False,,,False
betway.com,0,1.0,confirmed_gambling,"Block List Project, UT1 Gambling",multi_source,betway.com,"Block List Project, UT1 Gambling",2,,,,1,10,0,1,1,0,0,3.321928094887362,0,8734.0,1,1,1,15985.0,betway.com,exact,confirmed_gambling,Already confirmed by gambling blocklist/manual research,99,betway.com,,,,,False,1,external gambling verification,False
wuvq4.com,1,,needs_review,,,,,0,,,,0,9,1,1,1,0,0,3.169925001442312,0,0.0,0,0,0,,,,needs_manual_review,No gambling-list match and no Tranco match,5,wuvq4.com,,,,,False,,,False
mohegansuncasino.com,0,1.0,confirmed_gambling,"Block List Project, UT1 Gambling",multi_source,mohegansuncasino.com,"Block List Project, UT1 Gambling",2,,,,1,20,0,1,1,0,0,3.4464393446710155,0,8132.0,1,1,1,262624.0,mohegansuncasino.com,exact,confirmed_gambling,Already confirmed by gambling blocklist/manual research,99,mohegansuncasino.com,,,,,False,1,external gambling verification,False
nj.playstar.com,0,,needs_review,,,,,0,,,,0,15,0,2,2,0,0,3.640223928941852,0,7847.0,1,0,1,704022.0,playstar.com,parent_domain,weak_benign_candidate,Appears in Tranco Top 1M,4,nj.playstar.com,,,,,False,,,False
flexiblesport.com,1,,needs_review,,,,,0,,,,0,17,0,1,1,0,0,3.7345216647797512,0,558.0,1,0,1,,,,needs_manual_review,No gambling-list match and no Tranco match,5,flexiblesport.com,,,,,False,,,False
amusnetgaming.com,0,1.0,confirmed_gambling,Block List Project,single_source,amusnetgaming.com,Block List Project,1,,,,0,17,0,1,1,0,0,3.4548223999466057,0,4952.0,1,1,1,,,,confirmed_gambling,Already confirmed by gambling blocklist/manual research,99,amusnetgaming.com,,,,,False,1,external gambling verification,False
casinoclassic.co.uk,0,,priority_review,,,,,0,,,,1,19,0,2,2,0,0,3.155565013329719,0,8334.0,1,1,1,,,,priority_gambling_review,Contains gambling-related keyword,3,casinoclassic.co.uk,,,,,False,,,False
alibaba66a.online,1,,needs_review,,,,,0,,,,0,17,2,1,1,0,0,3.0286393118385746,1,1538.0,1,0,1,,,,needs_manual_review,No gambling-list match and no Tranco match,5,alibaba66a.online,,,,,False,,,False
dapurbet.net,1,,priority_review,,,,,0,,,,1,12,0,1,1,0,0,3.2516291673878226,0,166.0,1,0,1,,,,priority_gambling_review,Contains gambling-related keyword,3,dapurbet.net,,,,,False,,,False
fruitkings.com,0,,needs_review,,,,,0,,,,0,14,0,1,1,0,0,3.664497779200461,0,7465.0,1,1,1,903173.0,fruitkings.com,exact,weak_benign_candidate,Appears in Tranco Top 1M,4,fruitkings.com,1.0,verified,official website,Real-money online casino,False,1,manual verification,False
888bingo.com,0,1.0,confirmed_gambling,"Block List Project, UT1 Gambling",multi_source,888bingo.com,"Block List Project, UT1 Gambling",2,,,,0,12,3,1,1,0,0,3.0220552088742005,0,8634.0,1,1,1,,,,confirmed_gambling,Already confirmed by gambling blocklist/manual research,99,888bingo.com,,,,,False,1,external gambling verification,False
dunia11bola.com,1,,needs_review,,,,,0,,,,0,15,2,1,1,0,0,3.506890595608519,0,0.0,0,0,1,,,,needs_manual_review,No gambling-list match and no Tranco match,5,dunia11bola.com,,,,,False,,,False
casinomaxx.ph,0,1.0,confirmed_gambling,Block List Project,single_source,casinomaxx.ph,Block List Project,1,,,,1,13,0,1,1,0,0,3.3927474104487847,0,0.0,0,1,1,,,,confirmed_gambling,Already confirmed by gambling blocklist/manual research,99,casinomaxx.ph,,,,,False,1,external gambling verification,False
matchbook.com,0,1.0,confirmed_gambling,"Block List Project, UT1 Gambling",multi_source,matchbook.com,"Block List Project, UT1 Gambling",2,,,,0,13,0,1,1,0,0,3.026986833359288,0,11355.0,1,1,1,192700.0,matchbook.com,exact,confirmed_gambling,Already confirmed by gambling blocklist/manual research,99,matchbook.com,,,,,False,1,external gambling verification,False
casino.betway.com,0,1.0,confirmed_gambling,"Block List Project, UT1 Gambling",multi_source,betway.com,"Block List Project, UT1 Gambling",2,,,,1,17,0,2,2,0,0,3.616874605956222,0,8734.0,1,1,1,15985.0,betway.com,parent_domain,confirmed_gambling,Already confirmed by gambling blocklist/manual research,99,casino.betway.com,,,,,False,1,external gambling verification,False
747live.net,1,,needs_review,,,,,0,,,,0,11,3,1,1,0,0,3.095795255000934,0,1666.0,1,0,1,,,,needs_manual_review,No gambling-list match and no Tranco match,5,747live.net,,,,,False,,,False
a9ty.com,1,,needs_review,,,,,0,,,,0,8,1,1,1,0,0,3.0,0,946.0,1,0,1,,,,needs_manual_review,No gambling-list match and no Tranco match,5,a9ty.com,,,,,False,,,False
postcodelottery.co.uk,0,1.0,confirmed_gambling,Block List Project,single_source,postcodelottery.co.uk,Block List Project,1,,,,0,21,0,2,2,0,0,3.499227541723357,0,8189.0,1,1,1,60248.0,postcodelottery.co.uk,exact,confirmed_gambling,Already confirmed by gambling blocklist/manual research,99,postcodelottery.co.uk,,,,,False,1,external gambling verification,False
deskace.com,0,,needs_review,,,,,0,,,,0,11,0,1,1,0,0,3.095795255000934,0,2066.0,1,1,1,,,,needs_manual_review,No gambling-list match and no Tranco match,5,deskace.com,,,,,False,,,False
365-bets.com,1,,priority_review,,,,,0,,,,1,12,3,2,1,1,0,3.584962500721156,0,372.0,1,0,0,,,,priority_gambling_review,Contains gambling-related keyword,3,365-bets.com,,,,,False,,,False
okbet.one,0,1.0,confirmed_gambling,Block List Project,single_source,okbet.one,Block List Project,1,,,,1,9,0,1,1,0,0,2.725480556997868,0,1524.0,1,1,1,,,,confirmed_gambling,Already confirmed by gambling blocklist/manual research,99,okbet.one,,,,,False,1,external gambling verification,False
casino-royal.net,1,,priority_review,,,,,0,,,,1,16,0,2,1,1,0,3.625,0,3192.0,1,0,1,,,,priority_gambling_review,Contains gambling-related keyword,3,casino-royal.net,,,,,False,,,False
genieriches.com,0,,needs_review,,,,,0,,,,0,15,0,1,1,0,0,3.323231428797621,0,1992.0,1,0,1,,,,needs_manual_review,No gambling-list match and no Tranco match,5,genieriches.com,,,,,False,,,False
nustargame.com.ph,0,,needs_review,,,,,0,,,,0,17,0,2,2,0,0,3.7345216647797512,0,0.0,0,1,1,,,,needs_manual_review,No gambling-list match and no Tranco match,5,nustargame.com.ph,,,,,False,,,False
slotzy.com,0,1.0,confirmed_gambling,Block List Project,single_source,slotzy.com,Block List Project,1,,,,1,10,0,1,1,0,0,3.1219280948873624,0,7243.0,1,1,1,,,,confirmed_gambling,Already confirmed by gambling blocklist/manual research,99,slotzy.com,,,,,False,1,external gambling verification,False
nj.partycasino.com,0,1.0,confirmed_gambling,"Block List Project, UT1 Gambling",multi_source,partycasino.com,"Block List Project, UT1 Gambling",2,,,,1,18,0,2,2,0,0,3.614369445886757,0,10210.0,1,1,1,30523.0,partycasino.com,parent_domain,confirmed_gambling,Already confirmed by gambling blocklist/manual research,99,nj.partycasino.com,,,,,False,1,external gambling verification,False
747live.asia,1,,needs_review,,,,,0,,,,0,12,3,1,1,0,0,3.084962500721156,0,1510.0,1,0,1,,,,needs_manual_review,No gambling-list match and no Tranco match,5,747live.asia,,,,,False,,,False
y9.com,1,,needs_review,,,,,0,,,,0,6,1,1,1,0,0,2.584962500721156,0,10562.0,1,0,1,,,,needs_manual_review,No gambling-list match and no Tranco match,5,y9.com,,,,,False,,,False
win-jackpot-777.vip,1,,priority_review,,,,,0,,,,1,19,3,3,1,1,0,3.6818808028034025,0,0.0,0,0,0,,,,priority_gambling_review,Contains gambling-related keyword,3,win-jackpot-777.vip,,,,,False,,,False
canada777.com,1,1.0,confirmed_gambling,Block List Project,single_source,canada777.com,Block List Project,1,,,,1,13,3,1,1,0,0,2.815072410115944,0,2072.0,1,0,1,,,,confirmed_gambling,Already confirmed by gambling blocklist/manual research,99,canada777.com,,,,,False,1,external gambling verification,False
god55.wiki,1,,needs_review,,,,,0,,,,0,10,2,1,1,0,0,2.9219280948873623,0,0.0,0,1,1,,,,needs_manual_review,No gambling-list match and no Tranco match,5,god55.wiki,,,,,False,,,False
buenas.site,0,1.0,confirmed_gambling,Block List Project,single_source,buenas.site,Block List Project,1,,,,0,11,0,1,1,0,0,3.095795255000934,1,825.0,1,1,1,,,,confirmed_gambling,Already confirmed by gambling blocklist/manual research,99,buenas.site,,,,,False,1,external gambling verification,False
richbet.co.uk,0,,priority_review,,,,,0,,,,1,13,0,2,2,0,0,3.3927474104487847,0,821.0,1,0,1,,,,priority_gambling_review,Contains gambling-related keyword,3,richbet.co.uk,,,,,False,,,False
msw.ph,0,1.0,confirmed_gambling,Block List Project,single_source,msw.ph,Block List Project,1,,,,0,6,0,1,1,0,0,2.584962500721156,0,0.0,0,1,1,606297.0,msw.ph,exact,confirmed_gambling,Already confirmed by gambling blocklist/manual research,99,msw.ph,,,,,False,1,external gambling verification,False
elyucasino.com,1,1.0,confirmed_gambling,"Block List Project, UT1 Gambling",multi_source,elyucasino.com,"Block List Project, UT1 Gambling",2,,,,1,14,0,1,1,0,0,3.521640636343318,0,1332.0,1,0,1,,,,confirmed_gambling,Already confirmed by gambling blocklist/manual research,99,elyucasino.com,,,,,False,1,external gambling verification,False
luxurycasino.co.uk,0,,priority_review,,,,,0,,,,1,18,0,2,2,0,0,3.5724312513221195,0,4733.0,1,1,1,,,,priority_gambling_review,Contains gambling-related keyword,3,luxurycasino.co.uk,,,,,False,,,False
kingspin.co.uk,0,,needs_review,,,,,0,,,,0,14,0,2,2,0,0,3.235926350629033,0,2117.0,1,0,0,,,,needs_manual_review,No gambling-list match and no Tranco match,5,kingspin.co.uk,,,,,False,,,False
betwin.ph,0,,priority_review,,,,,0,,,,1,9,0,1,1,0,0,3.169925001442312,0,0.0,0,0,0,,,,priority_gambling_review,Contains gambling-related keyword,3,betwin.ph,,,,,False,,,False
juan365.com,0,1.0,confirmed_gambling,Block List Project,single_source,juan365.com,Block List Project,1,,,,0,11,3,1,1,0,0,3.4594316186372973,0,429.0,1,0,1,9595.0,juan365.com,exact,confirmed_gambling,Already confirmed by gambling blocklist/manual research,99,juan365.com,,,,,False,1,external gambling verification,False
betwin78.net,1,,priority_review,,,,,0,,,,1,12,2,1,1,0,0,3.084962500721156,0,641.0,1,1,1,,,,priority_gambling_review,Contains gambling-related keyword,3,betwin78.net,,,,,False,,,False
hawkgaming888.com,0,,needs_review,,,,,0,,,,0,17,3,1,1,0,0,3.4548223999466057,0,953.0,1,0,0,,,,needs_manual_review,No gambling-list match and no Tranco match,5,hawkgaming888.com,,,,,False,,,False
vegas.betway.com,0,1.0,confirmed_gambling,"Block List Project, UT1 Gambling",multi_source,betway.com,"Block List Project, UT1 Gambling",2,,,,1,16,0,2,2,0,0,3.625,0,8734.0,1,1,1,15985.0,betway.com,parent_domain,confirmed_gambling,Already confirmed by gambling blocklist/manual research,99,vegas.betway.com,,,,,False,1,external gambling verification,False
ps88.com,0,1.0,confirmed_gambling,Block List Project,single_source,ps88.com,Block List Project,1,,,,0,8,2,1,1,0,0,2.75,0,4615.0,1,1,1,,,,confirmed_gambling,Already confirmed by gambling blocklist/manual research,99,ps88.com,,,,,False,1,external gambling verification,False
bbet.ph,0,,priority_review,,,,,0,,,,1,7,0,1,1,0,0,2.521640636343318,0,0.0,0,0,1,,,,priority_gambling_review,Contains gambling-related keyword,3,bbet.ph,,,,,False,,,False
sg8.zone,0,1.0,confirmed_gambling,Block List Project,single_source,sg8.zone,Block List Project,1,,,,0,8,1,1,1,0,0,3.0,0,0.0,0,1,1,,,,confirmed_gambling,Already confirmed by gambling blocklist/manual research,99,sg8.zone,,,,,False,1,external gambling verification,False
wownumero.ph,0,,needs_review,,,,,0,,,,0,12,0,1,1,0,0,3.2516291673878226,0,0.0,0,1,1,,,,needs_manual_review,No gambling-list match and no Tranco match,5,wownumero.ph,,,,,False,,,False
buffalospins.com,0,1.0,confirmed_gambling,Block List Project,single_source,buffalospins.com,Block List Project,1,,,,0,16,0,1,1,0,0,3.625,0,1940.0,1,0,1,,,,confirmed_gambling,Already confirmed by gambling blocklist/manual research,99,buffalospins.com,,,,,False,1,external gambling verification,False
casino-free-365.click,1,,priority_review,,,,,0,,,,1,21,3,3,1,1,0,3.880179922675738,0,0.0,0,0,0,,,,priority_gambling_review,Contains gambling-related keyword,3,casino-free-365.click,,,,,False,,,False
api.pin77.com,0,1.0,confirmed_gambling,Block List Project,single_source,pin77.com,Block List Project,1,,,,0,13,2,2,2,0,0,3.0850551027564768,0,2135.0,1,1,1,,,,confirmed_gambling,Already confirmed by gambling blocklist/manual research,99,api.pin77.com,,,,,False,1,external gambling verification,False
mrplay.com,0,1.0,confirmed_gambling,Block List Project,single_source,mrplay.com,Block List Project,1,,,,0,10,0,1,1,0,0,3.1219280948873624,0,6361.0,1,0,1,329541.0,mrplay.com,exact,confirmed_gambling,Already confirmed by gambling blocklist/manual research,99,mrplay.com,,,,,False,1,external gambling verification,False
sportybetgift.weebly.com,1,,priority_review,,,,,0,,,,1,24,0,2,2,0,0,3.8553885422075336,0,7319.0,1,0,0,344.0,weebly.com,parent_domain,priority_gambling_review,Contains gambling-related keyword,3,sportybetgift.weebly.com,,,,,False,,,False
pinkcasino.co.uk,0,1.0,confirmed_gambling,"Block List Project, UT1 Gambling",multi_source,pinkcasino.co.uk,"Block List Project, UT1 Gambling",2,,,,1,16,0,2,2,0,0,3.25,0,5905.0,1,1,1,282438.0,pinkcasino.co.uk,exact,confirmed_gambling,Already confirmed by gambling blocklist/manual research,99,pinkcasino.co.uk,,,,,False,1,external gambling verification,False
sportybetadder8jxx6.weebly.com,1,,priority_review,,,,,0,,,,1,30,2,2,2,0,0,4.106890595608519,0,7319.0,1,1,1,344.0,weebly.com,parent_domain,priority_gambling_review,Contains gambling-related keyword,3,sportybetadder8jxx6.weebly.com,,,,,False,,,False
peachygames.com,0,1.0,confirmed_gambling,"Block List Project, UT1 Gambling",multi_source,peachygames.com,"Block List Project, UT1 Gambling",2,,,,0,15,0,1,1,0,0,3.373557262275185,0,5196.0,1,1,1,613893.0,peachygames.com,exact,confirmed_gambling,Already confirmed by gambling blocklist/manual research,99,peachygames.com,,,,,False,1,external gambling verification,False
ob9sg.com,1,1.0,confirmed_gambling,Block List Project,single_source,ob9sg.com,Block List Project,1,,,,0,9,1,1,1,0,0,2.94770277922009,0,0.0,0,0,1,,,,confirmed_gambling,Already confirmed by gambling blocklist/manual research,99,ob9sg.com,,,,,False,1,external gambling verification,False
inplay.1play.ph,0,,needs_review,,,,,0,,,,0,15,1,2,2,0,0,3.056564762130954,0,0.0,0,1,1,,,,needs_manual_review,No gambling-list match and no Tranco match,5,inplay.1play.ph,,,,,False,,,False
apricot.co.im,0,1.0,confirmed_gambling,Block List Project,single_source,apricot.co.im,Block List Project,1,,,,0,13,0,2,2,0,0,3.0850551027564768,0,0.0,0,1,1,,,,confirmed_gambling,Already confirmed by gambling blocklist/manual research,99,apricot.co.im,,,,,False,1,external gambling verification,False
sportbetng247.weebly.com,1,,priority_review,,,,,0,,,,1,24,3,2,2,0,0,4.053508854797678,0,7319.0,1,0,0,344.0,weebly.com,parent_domain,priority_gambling_review,Contains gambling-related keyword,3,sportbetng247.weebly.com,,,,,False,,,False
sportbetadderapk.weebly.com,1,,priority_review,,,,,0,,,,1,27,0,2,2,0,0,3.8659986132745794,0,7319.0,1,0,0,344.0,weebly.com,parent_domain,priority_gambling_review,Contains gambling-related keyword,3,sportbetadderapk.weebly.com,,,,,False,,,False
placebet.co.uk,0,1.0,confirmed_gambling,Block List Project,single_source,placebet.co.uk,Block List Project,1,,,,1,14,0,2,2,0,0,3.378783493486176,0,8034.0,1,1,1,,,,confirmed_gambling,Already confirmed by gambling blocklist/manual research,99,placebet.co.uk,,,,,False,1,external gambling verification,False
texasplus.ph,0,,needs_review,,,,,0,,,,0,12,0,1,1,0,0,3.2516291673878226,0,0.0,0,0,0,,,,needs_manual_review,No gambling-list match and no Tranco match,5,texasplus.ph,,,,,False,,,False
fbmcasino.ph,0,,priority_review,,,,,0,,,,1,12,0,1,1,0,0,3.584962500721156,0,0.0,0,1,1,,,,priority_gambling_review,Contains gambling-related keyword,3,fbmcasino.ph,,,,,False,,,False
slotskingdom.co.uk,0,1.0,confirmed_gambling,Block List Project,single_source,slotskingdom.co.uk,Block List Project,1,,,,1,18,0,2,2,0,0,3.5724312513221195,0,3344.0,1,1,1,,,,confirmed_gambling,Already confirmed by gambling blocklist/manual research,99,slotskingdom.co.uk,,,,,False,1,external gambling verification,False
bet365virtual.com,1,,priority_review,,,,,0,,,,1,17,3,1,1,0,0,3.9698157824268097,0,2071.0,1,0,1,,,,priority_gambling_review,Contains gambling-related keyword,3,bet365virtual.com,,,,,False,,,False
dogobet.com,1,1.0,confirmed_gambling,Block List Project,single_source,dogobet.com,Block List Project,1,,,,1,11,0,1,1,0,0,3.0271691184406184,0,2592.0,1,0,1,,,,confirmed_gambling,Already confirmed by gambling blocklist/manual research,99,dogobet.com,,,,,False,1,external gambling verification,False
okbet.link,0,1.0,confirmed_gambling,Block List Project,single_source,okbet.link,Block List Project,1,,,,1,10,0,1,1,0,0,3.1219280948873624,0,1512.0,1,1,1,,,,confirmed_gambling,Already confirmed by gambling blocklist/manual research,99,okbet.link,,,,,False,1,external gambling verification,False
ommer-automaten.nl,1,,needs_review,,,,,0,,,,0,18,0,2,1,1,0,3.350209029099897,0,1006.0,1,0,1,,,,needs_manual_review,No gambling-list match and no Tranco match,5,ommer-automaten.nl,,,,,False,,,False
maximalwins.com,1,1.0,confirmed_gambling,Block List Project,single_source,maximalwins.com,Block List Project,1,,,,1,15,0,1,1,0,0,3.323231428797621,0,2020.0,1,1,1,,,,confirmed_gambling,Already confirmed by gambling blocklist/manual research,99,maximalwins.com,,,,,False,1,external gambling verification,False
play.bingoplus.com,0,1.0,confirmed_gambling,Block List Project,single_source,bingoplus.com,Block List Project,1,,,,0,18,0,2,2,0,0,3.725480556997868,0,8407.0,1,1,1,1591.0,bingoplus.com,parent_domain,confirmed_gambling,Already confirmed by gambling blocklist/manual research,99,play.bingoplus.com,,,,,False,1,external gambling verification,False
okgames.ph,0,1.0,confirmed_gambling,Block List Project,single_source,okgames.ph,Block List Project,1,,,,0,10,0,1,1,0,0,3.321928094887362,0,0.0,0,1,1,816630.0,okgames.ph,exact,confirmed_gambling,Already confirmed by gambling blocklist/manual research,99,okgames.ph,,,,,False,1,external gambling verification,False
egamescasino.ph,0,1.0,confirmed_gambling,Block List Project,single_source,egamescasino.ph,Block List Project,1,,,,1,15,0,1,1,0,0,3.506890595608519,0,0.0,0,1,1,747344.0,egamescasino.ph,exact,confirmed_gambling,Already confirmed by gambling blocklist/manual research,99,egamescasino.ph,,,,,False,1,external gambling verification,False
ph.747live.com,0,,needs_review,,,,,0,,,,0,14,3,2,2,0,0,3.521640636343318,0,4631.0,1,1,1,,,,needs_manual_review,No gambling-list match and no Tranco match,5,ph.747live.com,,,,,False,,,False
24bettle.com,0,1.0,confirmed_gambling,Block List Project,single_source,24bettle.com,Block List Project,1,,,,1,12,2,1,1,0,0,3.2516291673878226,0,3929.0,1,0,1,,,,confirmed_gambling,Already confirmed by gambling blocklist/manual research,99,24bettle.com,,,,,False,1,external gambling verification,False
ecasino.mgame.ph,0,,priority_review,,,,,0,,,,1,16,0,2,2,0,0,3.5,0,0.0,0,0,1,,,,priority_gambling_review,Contains gambling-related keyword,3,ecasino.mgame.ph,,,,,False,,,False
okbet.help,0,1.0,confirmed_gambling,Block List Project,single_source,okbet.help,Block List Project,1,,,,1,10,0,1,1,0,0,3.1219280948873624,0,1511.0,1,1,1,,,,confirmed_gambling,Already confirmed by gambling blocklist/manual research,99,okbet.help,,,,,False,1,external gambling verification,False
karera.live,0,,needs_review,,,,,0,,,,0,11,0,1,1,0,0,2.913977073182752,0,0.0,0,1,1,,,,needs_manual_review,No gambling-list match and no Tranco match,5,karera.live,,,,,False,,,False
sportybetoddlink.weebly.com,1,,priority_review,,,,,0,,,,1,27,0,2,2,0,0,3.9582291686698783,0,7319.0,1,0,1,344.0,weebly.com,parent_domain,priority_gambling_review,Contains gambling-related keyword,3,sportybetoddlink.weebly.com,,,,,False,,,False
slotpony.com,0,1.0,confirmed_gambling,Block List Project,single_source,slotpony.com,Block List Project,1,,,,1,12,0,1,1,0,0,3.188721875540867,0,731.0,1,1,1,,,,confirmed_gambling,Already confirmed by gambling blocklist/manual research,99,slotpony.com,,,,,False,1,external gambling verification,False
dinamitbet,1,,priority_review,,,,,0,,,,1,10,0,0,0,0,0,2.9219280948873623,0,0.0,0,0,0,,,,priority_gambling_review,Contains gambling-related keyword,3,dinamitbet,,,,,False,,,False
justwow.com,0,,needs_review,,,,,0,,,,0,11,0,1,1,0,0,3.095795255000934,0,8557.0,1,1,1,,,,needs_manual_review,No gambling-list match and no Tranco match,5,justwow.com,,,,,False,,,False
mrluck.com,0,1.0,confirmed_gambling,Block List Project,single_source,mrluck.com,Block List Project,1,,,,0,10,0,1,1,0,0,2.9219280948873623,0,7742.0,1,1,1,,,,confirmed_gambling,Already confirmed by gambling blocklist/manual research,99,mrluck.com,,,,,False,1,external gambling verification,False
hpbet.com,0,1.0,confirmed_gambling,Block List Project,single_source,hpbet.com,Block List Project,1,,,,1,9,0,1,1,0,0,3.169925001442312,0,3724.0,1,0,1,,,,confirmed_gambling,Already confirmed by gambling blocklist/manual research,99,hpbet.com,,,,,False,1,external gambling verification,False
cashking8.net,1,,needs_review,,,,,0,,,,0,13,1,1,1,0,0,3.546593564294939,0,0.0,0,0,1,,,,needs_manual_review,No gambling-list match and no Tranco match,5,cashking8.net,,,,,False,,,False
tournaverse.com,0,,needs_review,,,,,0,,,,0,15,0,1,1,0,0,3.506890595608519,0,2025.0,1,0,1,,,,needs_manual_review,No gambling-list match and no Tranco match,5,tournaverse.com,,,,,False,,,False
arenaplus.net,0,1.0,confirmed_gambling,Block List Project,single_source,arenaplus.net,Block List Project,1,,,,0,13,0,1,1,0,0,3.238901256602631,0,1263.0,1,1,1,869546.0,arenaplus.net,exact,confirmed_gambling,Already confirmed by gambling blocklist/manual research,99,arenaplus.net,,,,,False,1,external gambling verification,False
rrbet.com,1,1.0,confirmed_gambling,Block List Project,single_source,rrbet.com,Block List Project,1,,,,1,9,0,1,1,0,0,2.94770277922009,0,5505.0,1,1,1,828320.0,rrbet.com,exact,confirmed_gambling,Already confirmed by gambling blocklist/manual research,99,rrbet.com,,,,,False,1,external gambling verification,False
combowin.ph,0,,priority_review,,,,,0,,,,1,11,0,1,1,0,0,3.277613436819116,0,0.0,0,0,0,,,,priority_gambling_review,Contains gambling-related keyword,3,combowin.ph,,,,,False,,,False
debet.moi,1,1.0,confirmed_gambling,Block List Project,single_source,debet.moi,Block List Project,1,,,,1,9,0,1,1,0,0,2.94770277922009,0,0.0,0,1,1,,,,confirmed_gambling,Already confirmed by gambling blocklist/manual research,99,debet.moi,,,,,False,1,external gambling verification,False
crazywin.ph,0,1.0,confirmed_gambling,Block List Project,single_source,crazywin.ph,Block List Project,1,,,,1,11,0,1,1,0,0,3.4594316186372973,0,0.0,0,1,1,,,,confirmed_gambling,Already confirmed by gambling blocklist/manual research,99,crazywin.ph,,,,,False,1,external gambling verification,False
1xbetloan.weebly.com,1,,priority_review,,,,,0,,,,1,20,1,2,2,0,0,3.684183719779189,0,7319.0,1,0,0,344.0,weebly.com,parent_domain,priority_gambling_review,Contains gambling-related keyword,3,1xbetloan.weebly.com,,,,,False,,,False
luckybet155,1,,priority_review,,,,,0,,,,1,11,3,0,0,0,0,3.277613436819116,0,0.0,0,0,0,,,,priority_gambling_review,Contains gambling-related keyword,3,luckybet155,,,,,False,,,False
lotpetir500.net,1,,needs_review,,,,,0,,,,0,15,3,1,1,0,0,3.323231428797621,0,0.0,0,0,1,,,,needs_manual_review,No gambling-list match and no Tranco match,5,lotpetir500.net,,,,,False,,,False
phlove.org,1,,needs_review,,,,,0,,,,0,10,0,1,1,0,0,3.1219280948873624,0,787.0,1,0,1,,,,needs_manual_review,No gambling-list match and no Tranco match,5,phlove.org,,,,,False,,,False
747live.club,1,,needs_review,,,,,0,,,,0,12,3,1,1,0,0,3.2516291673878226,1,1510.0,1,0,1,,,,needs_manual_review,No gambling-list match and no Tranco match,5,747live.club,,,,,False,,,False
kingcasino.ph,0,,priority_review,,,,,0,,,,1,13,0,1,1,0,0,3.3927474104487847,0,0.0,0,0,1,,,,priority_gambling_review,Contains gambling-related keyword,3,kingcasino.ph,,,,,False,,,False
gt01.net,1,,needs_review,,,,,0,,,,0,8,2,1,1,0,0,2.75,0,0.0,0,0,0,,,,needs_manual_review,No gambling-list match and no Tranco match,5,gt01.net,,,,,False,,,False
betg366.start.page,1,,priority_review,,,,,0,,,,1,18,3,2,2,0,0,3.350209029099897,0,0.0,0,0,0,99169.0,start.page,parent_domain,priority_gambling_review,Contains gambling-related keyword,3,betg366.start.page,,,,,False,,,False
dragonbet.co.uk,0,1.0,confirmed_gambling,"Block List Project, UT1 Gambling",multi_source,dragonbet.co.uk,"Block List Project, UT1 Gambling",2,,,,1,15,0,2,2,0,0,3.640223928941852,0,1840.0,1,0,1,582372.0,dragonbet.co.uk,exact,confirmed_gambling,Already confirmed by gambling blocklist/manual research,99,dragonbet.co.uk,,,,,False,1,external gambling verification,False
casino-bonus-365.top,1,,priority_review,,,,,0,,,,1,20,3,3,1,1,0,3.784183719779189,1,0.0,0,0,0,,,,priority_gambling_review,Contains gambling-related keyword,3,casino-bonus-365.top,,,,,False,,,False
bet88.io,0,,priority_review,,,,,0,,,,1,8,2,1,1,0,0,2.75,0,1397.0,1,0,1,,,,priority_gambling_review,Contains gambling-related keyword,3,bet88.io,,,,,False,,,False
diamond-777.com,1,1.0,confirmed_gambling,Block List Project,single_source,diamond-777.com,Block List Project,1,,,,1,15,3,2,1,1,0,3.1898980954642875,0,1865.0,1,1,1,,,,confirmed_gambling,Already confirmed by gambling blocklist/manual research,99,diamond-777.com,,,,,False,1,external gambling verification,False
s5vip.ph,0,,needs_review,,,,,0,,,,0,8,1,1,1,0,0,2.75,0,0.0,0,1,1,,,,needs_manual_review,No gambling-list match and no Tranco match,5,s5vip.ph,,,,,False,,,False
batumcasino1.com,1,1.0,confirmed_gambling,Block List Project,single_source,batumcasino1.com,Block List Project,1,,,,1,16,1,1,1,0,0,3.5,0,0.0,0,0,1,,,,confirmed_gambling,Already confirmed by gambling blocklist/manual research,99,batumcasino1.com,,,,,False,1,external gambling verification,False
koboy789.me,1,,needs_review,,,,,0,,,,0,11,3,1,1,0,0,3.277613436819116,0,0.0,0,0,0,,,,needs_manual_review,No gambling-list match and no Tranco match,5,koboy789.me,,,,,False,,,False
bangbet.weebly.com,1,,priority_review,,,,,0,,,,1,18,0,2,2,0,0,3.530493056757482,0,7319.0,1,0,0,344.0,weebly.com,parent_domain,priority_gambling_review,Contains gambling-related keyword,3,bangbet.weebly.com,,,,,False,,,False
luckster.com,0,1.0,confirmed_gambling,Block List Project,single_source,luckster.com,Block List Project,1,,,,0,12,0,1,1,0,0,3.4182958340544896,0,9234.0,1,1,1,,,,confirmed_gambling,Already confirmed by gambling blocklist/manual research,99,luckster.com,,,,,False,1,external gambling verification,False
888sport.com,0,1.0,confirmed_gambling,"Block List Project, UT1 Gambling",multi_source,888sport.com,"Block List Project, UT1 Gambling",2,,,,0,12,3,1,1,0,0,3.0220552088742005,0,7785.0,1,1,1,45177.0,888sport.com,exact,confirmed_gambling,Already confirmed by gambling blocklist/manual research,99,888sport.com,,,,,False,1,external gambling verification,False
aussie-bet33.com,1,1.0,confirmed_gambling,Block List Project,single_source,aussie-bet33.com,Block List Project,1,,,,1,16,2,2,1,1,0,3.625,0,87.0,1,1,1,,,,confirmed_gambling,Already confirmed by gambling blocklist/manual research,99,aussie-bet33.com,,,,,False,1,external gambling verification,False
888amd.com,1,,needs_review,,,,,0,,,,0,10,3,1,1,0,0,2.646439344671016,0,249.0,1,1,1,,,,needs_manual_review,No gambling-list match and no Tranco match,5,888amd.com,,,,,False,,,False
hawkgaming.com.ph,0,,needs_review,,,,,0,,,,0,17,0,2,2,0,0,3.4992275471326924,0,0.0,0,0,0,,,,needs_manual_review,No gambling-list match and no Tranco match,5,hawkgaming.com.ph,,,,,False,,,False
nustarmax.com,0,1.0,confirmed_gambling,Block List Project,single_source,nustarmax.com,Block List Project,1,,,,0,13,0,1,1,0,0,3.3927474104487847,0,764.0,1,1,1,,,,confirmed_gambling,Already confirmed by gambling blocklist/manual research,99,nustarmax.com,,,,,False,1,external gambling verification,False
lucky-casino.co,1,1.0,confirmed_gambling,Block List Project,single_source,lucky-casino.co,Block List Project,1,,,,1,15,0,2,1,1,0,3.456564762130954,0,0.0,0,1,1,,,,confirmed_gambling,Already confirmed by gambling blocklist/manual research,99,lucky-casino.co,,,,,False,1,external gambling verification,False
betnet9,1,,priority_review,,,,,0,,,,1,7,1,0,0,0,0,2.235926350629033,0,0.0,0,0,0,,,,priority_gambling_review,Contains gambling-related keyword,3,betnet9,,,,,False,,,False
a66.today,1,,needs_review,,,,,0,,,,0,9,2,1,1,0,0,2.725480556997868,0,0.0,0,0,1,,,,needs_manual_review,No gambling-list match and no Tranco match,5,a66.today,,,,,False,,,False
cosmiccasino.org,1,1.0,confirmed_gambling,Block List Project,single_source,cosmiccasino.org,Block List Project,1,,,,1,16,0,1,1,0,0,3.1556390622295662,0,5148.0,1,1,1,,,,confirmed_gambling,Already confirmed by gambling blocklist/manual research,99,cosmiccasino.org,,,,,False,1,external gambling verification,False
uni99.com,1,,needs_review,,,,,0,,,,0,9,2,1,1,0,0,2.94770277922009,0,5876.0,1,0,1,,,,needs_manual_review,No gambling-list match and no Tranco match,5,uni99.com,,,,,False,,,False
super8r.com,1,,needs_review,,,,,0,,,,0,11,1,1,1,0,0,3.277613436819116,0,516.0,1,0,1,,,,needs_manual_review,No gambling-list match and no Tranco match,5,super8r.com,,,,,False,,,False
ey6dmx.com,1,,needs_review,,,,,0,,,,0,10,1,1,1,0,0,3.1219280948873624,0,0.0,0,1,1,,,,needs_manual_review,No gambling-list match and no Tranco match,5,ey6dmx.com,,,,,False,,,False
bppoker.net,0,1.0,confirmed_gambling,Block List Project,single_source,bppoker.net,Block List Project,1,,,,0,11,0,1,1,0,0,3.095795255000934,0,793.0,1,0,0,,,,confirmed_gambling,Already confirmed by gambling blocklist/manual research,99,bppoker.net,,,,,False,1,external gambling verification,False
novalink.com.ph,0,,needs_review,,,,,0,,,,0,15,0,2,2,0,0,3.506890595608519,0,0.0,0,1,1,,,,needs_manual_review,No gambling-list match and no Tranco match,5,novalink.com.ph,,,,,False,,,False
747live.biz,1,,needs_review,,,,,0,,,,0,11,3,1,1,0,0,3.095795255000934,0,1510.0,1,0,1,,,,needs_manual_review,No gambling-list match and no Tranco match,5,747live.biz,,,,,False,,,False
nj.betparx.com,0,1.0,confirmed_gambling,Block List Project,single_source,betparx.com,Block List Project,1,,,,1,14,0,2,2,0,0,3.664497779200461,0,3345.0,1,0,1,654434.0,betparx.com,parent_domain,confirmed_gambling,Already confirmed by gambling blocklist/manual research,99,nj.betparx.com,,,,,False,1,external gambling verification,False
fruits4real.com,0,1.0,confirmed_gambling,Block List Project,single_source,fruits4real.com,Block List Project,1,,,,0,15,1,1,1,0,0,3.773557262275186,0,5231.0,1,0,1,,,,confirmed_gambling,Already confirmed by gambling blocklist/manual research,99,fruits4real.com,,,,,False,1,external gambling verification,False
amusnet.nl,0,,needs_review,,,,,0,,,,0,10,0,1,1,0,0,3.1219280948873624,0,1087.0,1,1,1,,,,needs_manual_review,No gambling-list match and no Tranco match,5,amusnet.nl,,,,,False,,,False
efesbet259.com,1,,priority_review,,,,,0,,,,1,14,3,1,1,0,0,3.4677201004745,0,0.0,0,0,1,,,,priority_gambling_review,Contains gambling-related keyword,3,efesbet259.com,,,,,False,,,False
tombola.co.uk,0,1.0,confirmed_gambling,Block List Project,single_source,tombola.co.uk,Block List Project,1,,,,0,13,0,2,2,0,0,3.180832987205441,0,9673.0,1,1,1,57489.0,tombola.co.uk,exact,confirmed_gambling,Already confirmed by gambling blocklist/manual research,99,tombola.co.uk,,,,,False,1,external gambling verification,False
sg8.casino,0,1.0,confirmed_gambling,Block List Project,single_source,sg8.casino,Block List Project,1,,,,1,10,1,1,1,0,0,3.1219280948873624,0,0.0,0,0,1,81399.0,sg8.casino,exact,confirmed_gambling,Already confirmed by gambling blocklist/manual research,99,sg8.casino,,,,,False,1,external gambling verification,False
casino-europa.eu,1,,priority_review,,,,,0,,,,1,16,0,2,1,1,0,3.5,0,0.0,0,1,1,,,,priority_gambling_review,Contains gambling-related keyword,3,casino-europa.eu,,,,,False,,,False
bybet.app,0,,priority_review,,,,,0,,,,1,9,0,1,1,0,0,2.725480556997868,0,0.0,0,1,1,,,,priority_gambling_review,Contains gambling-related keyword,3,bybet.app,,,,,False,,,False
bppoker.app,0,1.0,confirmed_gambling,Block List Project,single_source,bppoker.app,Block List Project,1,,,,0,11,0,1,1,0,0,2.7321588913645702,0,0.0,0,0,0,,,,confirmed_gambling,Already confirmed by gambling blocklist/manual research,99,bppoker.app,,,,,False,1,external gambling verification,False
axwin.ie,0,,priority_review,,,,,0,,,,1,8,0,1,1,0,0,2.75,0,978.0,1,1,1,,,,priority_gambling_review,Contains gambling-related keyword,3,axwin.ie,,,,,False,,,False
lotus365.com,1,,needs_review,,,,,0,,,,0,12,3,1,1,0,0,3.4182958340544896,0,1573.0,1,1,1,,,,needs_manual_review,No gambling-list match and no Tranco match,5,lotus365.com,,,,,False,,,False
kingjackpot.co.uk,0,,priority_review,,,,,0,,,,1,17,0,2,2,0,0,3.4548223999466057,0,7076.0,1,1,1,,,,priority_gambling_review,Contains gambling-related keyword,3,kingjackpot.co.uk,,,,,False,,,False
lakigames.com,0,,needs_review,,,,,0,,,,0,13,0,1,1,0,0,3.3927474104487847,0,749.0,1,1,1,,,,needs_manual_review,No gambling-list match and no Tranco match,5,lakigames.com,,,,,False,,,False
redbusbingo.com,0,1.0,confirmed_gambling,"Block List Project, UT1 Gambling",multi_source,redbusbingo.com,"Block List Project, UT1 Gambling",2,,,,0,15,0,1,1,0,0,3.640223928941852,0,7306.0,1,1,1,,,,confirmed_gambling,Already confirmed by gambling blocklist/manual research,99,redbusbingo.com,,,,,False,1,external gambling verification,False
rapidcasino.com,0,1.0,confirmed_gambling,Block List Project,single_source,rapidcasino.com,Block List Project,1,,,,1,15,0,1,1,0,0,3.373557262275185,0,8435.0,1,0,1,,,,confirmed_gambling,Already confirmed by gambling blocklist/manual research,99,rapidcasino.com,,,,,False,1,external gambling verification,False
wagerstreet.net,1,,needs_review,,,,,0,,,,0,15,0,1,1,0,0,2.923231428797621,0,649.0,1,1,1,,,,needs_manual_review,No gambling-list match and no Tranco match,5,wagerstreet.net,,,,,False,,,False
baffalo39a.com,1,,needs_review,,,,,0,,,,0,14,2,1,1,0,0,3.1820058147602133,0,0.0,0,0,1,,,,needs_manual_review,No gambling-list match and no Tranco match,5,baffalo39a.com,,,,,False,,,False
lavbet321.com,1,,priority_review,,,,,0,,,,1,13,3,1,1,0,0,3.7004397181410926,0,156.0,1,0,0,,,,priority_gambling_review,Contains gambling-related keyword,3,lavbet321.com,,,,,False,,,False
nagacash9b.beauty,1,,needs_review,,,,,0,,,,0,17,1,1,1,0,0,3.4992275471326924,0,411.0,1,0,0,,,,needs_manual_review,No gambling-list match and no Tranco match,5,nagacash9b.beauty,,,,,False,,,False
devrebet71.com,1,,priority_review,,,,,0,,,,1,14,2,1,1,0,0,3.4677201004745,0,0.0,0,0,1,,,,priority_gambling_review,Contains gambling-related keyword,3,devrebet71.com,,,,,False,,,False
ebingo.mgame.ph,0,,needs_review,,,,,0,,,,0,15,0,2,2,0,0,3.373557262275185,0,0.0,0,0,1,,,,needs_manual_review,No gambling-list match and no Tranco match,5,ebingo.mgame.ph,,,,,False,,,False
kaiyun sports,1,,needs_review,,,,,0,,,,0,13,0,1,0,0,0,3.546593564294939,0,0.0,0,0,0,,,,needs_manual_review,No gambling-list match and no Tranco match,5,kaiyun sports,,,,,False,,,False
win-login-888.vip,1,,priority_review,,,,,0,,,,1,17,3,3,1,1,0,3.29277019393699,0,0.0,0,0,0,,,,priority_gambling_review,Contains gambling-related keyword,3,win-login-888.vip,,,,,False,,,False
nustaronline.vip,0,1.0,confirmed_gambling,Block List Project,single_source,nustaronline.vip,Block List Project,1,,,,0,16,0,1,1,0,0,3.577819531114783,0,563.0,1,1,1,,,,confirmed_gambling,Already confirmed by gambling blocklist/manual research,99,nustaronline.vip,,,,,False,1,external gambling verification,False
betmaster.ie,0,1.0,confirmed_gambling,Block List Project,single_source,betmaster.ie,Block List Project,1,,,,1,12,0,1,1,0,0,3.0220552088742005,0,1724.0,1,1,1,616215.0,betmaster.ie,exact,confirmed_gambling,Already confirmed by gambling blocklist/manual research,99,betmaster.ie,,,,,False,1,external gambling verification,False
jabrixtogel.com,1,,needs_review,,,,,0,,,,0,15,0,1,1,0,0,3.773557262275186,0,149.0,1,0,1,,,,needs_manual_review,No gambling-list match and no Tranco match,5,jabrixtogel.com,,,,,False,,,False
jumpalagi666.com,1,,needs_review,,,,,0,,,,0,16,3,1,1,0,0,3.452819531114783,0,652.0,1,0,1,,,,needs_manual_review,No gambling-list match and no Tranco match,5,jumpalagi666.com,,,,,False,,,False
djarum89.me,1,,needs_review,,,,,0,,,,0,11,2,1,1,0,0,3.277613436819116,0,0.0,0,0,1,,,,needs_manual_review,No gambling-list match and no Tranco match,5,djarum89.me,,,,,False,,,False
bet55.com,1,1.0,confirmed_gambling,Block List Project,single_source,bet55.com,Block List Project,1,,,,1,9,2,1,1,0,0,2.94770277922009,0,405.0,1,1,1,,,,confirmed_gambling,Already confirmed by gambling blocklist/manual research,99,bet55.com,,,,,False,1,external gambling verification,False
poker-verify-777.site,1,,priority_review,,,,,0,,,,1,21,3,3,1,1,0,3.6537567082870015,1,0.0,0,0,0,,,,priority_gambling_review,Contains gambling-related keyword,3,poker-verify-777.site,,,,,False,,,False
buenas.ph,0,1.0,confirmed_gambling,Block List Project,single_source,buenas.ph,Block List Project,1,,,,0,9,0,1,1,0,0,3.169925001442312,0,0.0,0,1,1,199488.0,buenas.ph,exact,confirmed_gambling,Already confirmed by gambling blocklist/manual research,99,buenas.ph,,,,,False,1,external gambling verification,False
918sse.com,1,,needs_review,,,,,0,,,,0,10,3,1,1,0,0,3.1219280948873624,0,333.0,1,0,1,,,,needs_manual_review,No gambling-list match and no Tranco match,5,918sse.com,,,,,False,,,False
777pub.org,1,,priority_review,,,,,0,,,,1,10,3,1,1,0,0,2.8464393446710154,0,1388.0,1,0,1,,,,priority_gambling_review,Contains gambling-related keyword,3,777pub.org,,,,,False,,,False
ggpanalo.com,0,1.0,confirmed_gambling,Block List Project,single_source,ggpanalo.com,Block List Project,1,,,,0,12,0,1,1,0,0,3.084962500721156,0,309.0,1,1,1,86242.0,ggpanalo.com,exact,confirmed_gambling,Already confirmed by gambling blocklist/manual research,99,ggpanalo.com,,,,,False,1,external gambling verification,False
fun-88.in,1,,needs_review,,,,,0,,,,0,9,2,2,1,1,0,2.725480556997868,0,1262.0,1,0,0,,,,needs_manual_review,No gambling-list match and no Tranco match,5,fun-88.in,,,,,False,,,False
pin77.ph,0,,needs_review,,,,,0,,,,0,8,2,1,1,0,0,2.5,0,0.0,0,1,1,,,,needs_manual_review,No gambling-list match and no Tranco match,5,pin77.ph,,,,,False,,,False
megabahis.com,1,,needs_review,,,,,0,,,,0,13,0,1,1,0,0,3.3927474104487847,0,8694.0,1,1,1,,,,needs_manual_review,No gambling-list match and no Tranco match,5,megabahis.com,,,,,False,,,False
okgames.com,0,1.0,confirmed_gambling,Block List Project,single_source,okgames.com,Block List Project,1,,,,0,11,0,1,1,0,0,3.095795255000934,0,8326.0,1,1,1,,,,confirmed_gambling,Already confirmed by gambling blocklist/manual research,99,okgames.com,,,,,False,1,external gambling verification,False
ilotbetzipeg1li2itch.weebly.com,1,,priority_review,,,,,0,,,,1,31,2,2,2,0,0,3.873235826376329,0,7319.0,1,0,1,344.0,weebly.com,parent_domain,priority_gambling_review,Contains gambling-related keyword,3,ilotbetzipeg1li2itch.weebly.com,,,,,False,,,False
onbet111.com,1,1.0,confirmed_gambling,Block List Project,single_source,onbet111.com,Block List Project,1,,,,1,12,3,1,1,0,0,3.0220552088742005,0,1502.0,1,1,1,,,,confirmed_gambling,Already confirmed by gambling blocklist/manual research,99,onbet111.com,,,,,False,1,external gambling verification,False
casino-888.club,1,,priority_review,,,,,0,,,,1,15,3,2,1,1,0,3.456564762130954,1,1594.0,1,1,1,,,,priority_gambling_review,Contains gambling-related keyword,3,casino-888.club,,,,,False,,,False
slamz.com,0,1.0,confirmed_gambling,Block List Project,single_source,slamz.com,Block List Project,1,,,,0,9,0,1,1,0,0,2.94770277922009,0,7850.0,1,1,1,,,,confirmed_gambling,Already confirmed by gambling blocklist/manual research,99,slamz.com,,,,,False,1,external gambling verification,False
dreamjackpot.com,0,1.0,confirmed_gambling,Block List Project,single_source,dreamjackpot.com,Block List Project,1,,,,1,16,0,1,1,0,0,3.5,0,3832.0,1,0,1,571009.0,dreamjackpot.com,exact,confirmed_gambling,Already confirmed by gambling blocklist/manual research,99,dreamjackpot.com,,,,,False,1,external gambling verification,False
betperial32.com,1,,priority_review,,,,,0,,,,1,15,2,1,1,0,0,3.773557262275186,0,0.0,0,0,1,,,,priority_gambling_review,Contains gambling-related keyword,3,betperial32.com,,,,,False,,,False
play-azart.com,1,,needs_review,,,,,0,,,,0,14,0,2,1,1,0,3.4677201004745,0,0.0,0,0,0,,,,needs_manual_review,No gambling-list match and no Tranco match,5,play-azart.com,,,,,False,,,False
betscore24.com,1,1.0,confirmed_gambling,Block List Project,single_source,betscore24.com,Block List Project,1,,,,1,14,2,1,1,0,0,3.378783493486176,0,0.0,0,1,1,,,,confirmed_gambling,Already confirmed by gambling blocklist/manual research,99,betscore24.com,,,,,False,1,external gambling verification,False
quickbet.co.uk,0,,priority_review,,,,,0,,,,1,14,0,2,2,0,0,3.235926350629033,0,3477.0,1,1,1,,,,priority_gambling_review,Contains gambling-related keyword,3,quickbet.co.uk,,,,,False,,,False
rbvn08.com,1,1.0,confirmed_gambling,Block List Project,single_source,rbvn08.com,Block List Project,1,,,,0,10,2,1,1,0,0,3.321928094887362,0,1354.0,1,1,1,,,,confirmed_gambling,Already confirmed by gambling blocklist/manual research,99,rbvn08.com,,,,,False,1,external gambling verification,False
gzone.ph,0,1.0,confirmed_gambling,Block List Project,single_source,gzone.ph,Block List Project,1,,,,0,8,0,1,1,0,0,3.0,0,0.0,0,1,1,8960.0,gzone.ph,exact,confirmed_gambling,Already confirmed by gambling blocklist/manual research,99,gzone.ph,,,,,False,1,external gambling verification,False
bahisnov,1,,needs_review,,,,,0,,,,0,8,0,0,0,0,0,3.0,0,0.0,0,0,0,,,,needs_manual_review,No gambling-list match and no Tranco match,5,bahisnov,,,,,False,,,False
buffalo39,1,,needs_review,,,,,0,,,,0,9,2,0,0,0,0,2.94770277922009,0,0.0,0,0,0,,,,needs_manual_review,No gambling-list match and no Tranco match,5,buffalo39,,,,,False,,,False
thepokies.net,1,1.0,confirmed_gambling,Block List Project,single_source,thepokies.net,Block List Project,1,,,,0,13,0,1,1,0,0,3.180832987205441,0,1722.0,1,1,1,,,,confirmed_gambling,Already confirmed by gambling blocklist/manual research,99,thepokies.net,,,,,False,1,external gambling verification,False
rembrandtcasino.com,0,1.0,confirmed_gambling,Block List Project,single_source,rembrandtcasino.com,Block List Project,1,,,,1,19,0,1,1,0,0,3.616348566075165,0,5483.0,1,1,1,,,,confirmed_gambling,Already confirmed by gambling blocklist/manual research,99,rembrandtcasino.com,,,,,False,1,external gambling verification,False
bilamng.ph,1,,needs_review,,,,,0,,,,0,10,0,1,1,0,0,3.321928094887362,0,0.0,0,0,1,,,,needs_manual_review,No gambling-list match and no Tranco match,5,bilamng.ph,,,,,False,,,False
c1al9.com,1,,needs_review,,,,,0,,,,0,9,2,1,1,0,0,2.94770277922009,0,717.0,1,1,1,,,,needs_manual_review,No gambling-list match and no Tranco match,5,c1al9.com,,,,,False,,,False
bet66.in,1,,priority_review,,,,,0,,,,1,8,2,1,1,0,0,2.75,0,1550.0,1,1,1,,,,priority_gambling_review,Contains gambling-related keyword,3,bet66.in,,,,,False,,,False
winzir.com.ph,0,1.0,confirmed_gambling,Block List Project,single_source,winzir.com.ph,Block List Project,1,,,,1,13,0,2,2,0,0,3.3927474104487847,0,0.0,0,1,1,,,,confirmed_gambling,Already confirmed by gambling blocklist/manual research,99,winzir.com.ph,,,,,False,1,external gambling verification,False
djarumsoccer.com,1,,needs_review,,,,,0,,,,0,16,0,1,1,0,0,3.327819531114783,0,1871.0,1,0,1,,,,needs_manual_review,No gambling-list match and no Tranco match,5,djarumsoccer.com,,,,,False,,,False
luckyvegas.com,0,1.0,confirmed_gambling,Block List Project,single_source,luckyvegas.com,Block List Project,1,,,,0,14,0,1,1,0,0,3.664497779200461,0,10312.0,1,0,1,,,,confirmed_gambling,Already confirmed by gambling blocklist/manual research,99,luckyvegas.com,,,,,False,1,external gambling verification,False
gj99.online,1,,needs_review,,,,,0,,,,0,11,2,1,1,0,0,3.095795255000934,1,388.0,1,0,1,,,,needs_manual_review,No gambling-list match and no Tranco match,5,gj99.online,,,,,False,,,False
fun88,1,,needs_review,,,,,0,,,,0,5,2,0,0,0,0,1.9219280948873625,0,0.0,0,0,0,,,,needs_manual_review,No gambling-list match and no Tranco match,5,fun88,,,,,False,,,False
kajotgames.com,0,1.0,confirmed_gambling,Block List Project,single_source,kajotgames.com,Block List Project,1,,,,0,14,0,1,1,0,0,3.378783493486176,0,5457.0,1,1,1,617998.0,kajotgames.com,exact,confirmed_gambling,Already confirmed by gambling blocklist/manual research,99,kajotgames.com,,,,,False,1,external gambling verification,False
chamba77.com,0,,needs_review,,,,,0,,,,0,12,2,1,1,0,0,2.918295834054489,0,0.0,0,0,0,,,,needs_manual_review,No gambling-list match and no Tranco match,5,chamba77.com,,,,,False,,,False
redcasino.com,0,1.0,confirmed_gambling,"Block List Project, UT1 Gambling",multi_source,redcasino.com,"Block List Project, UT1 Gambling",2,,,,1,13,0,1,1,0,0,3.3927474104487847,0,9609.0,1,0,1,677306.0,redcasino.com,exact,confirmed_gambling,Already confirmed by gambling blocklist/manual research,99,redcasino.com,,,,,False,1,external gambling verification,False
arrise.com,0,,needs_review,,,,,0,,,,0,10,0,1,1,0,0,3.1219280948873624,0,9362.0,1,0,1,,,,needs_manual_review,No gambling-list match and no Tranco match,5,arrise.com,,,,,False,,,False
wowspin.ph,0,,needs_review,,,,,0,,,,0,10,0,1,1,0,0,2.9219280948873623,0,0.0,0,1,1,,,,needs_manual_review,No gambling-list match and no Tranco match,5,wowspin.ph,,,,,False,,,False
php777.com,0,,priority_review,,,,,0,,,,1,10,3,1,1,0,0,2.646439344671016,0,3700.0,1,0,1,,,,priority_gambling_review,Contains gambling-related keyword,3,php777.com,,,,,False,,,False
casino1bet.online,1,,priority_review,,,,,0,,,,1,17,1,1,1,0,0,3.4548223999466057,1,442.0,1,0,0,,,,priority_gambling_review,Contains gambling-related keyword,3,casino1bet.online,,,,,False,,,False
casino.fanduel.com,0,1.0,confirmed_gambling,"Block List Project, UT1 Gambling",multi_source,fanduel.com,"Block List Project, UT1 Gambling",2,,,,1,18,0,2,2,0,0,3.614369445886757,0,6205.0,1,1,1,2518.0,fanduel.com,parent_domain,confirmed_gambling,Already confirmed by gambling blocklist/manual research,99,casino.fanduel.com,,,,,False,1,external gambling verification,False
richmoose.com,0,1.0,confirmed_gambling,Block List Project,single_source,richmoose.com,Block List Project,1,,,,0,13,0,1,1,0,0,3.026986833359288,0,583.0,1,1,1,,,,confirmed_gambling,Already confirmed by gambling blocklist/manual research,99,richmoose.com,,,,,False,1,external gambling verification,False
mrvegas.com,0,1.0,confirmed_gambling,Block List Project,single_source,mrvegas.com,Block List Project,1,,,,0,11,0,1,1,0,0,3.277613436819116,0,10686.0,1,1,1,65315.0,mrvegas.com,exact,confirmed_gambling,Already confirmed by gambling blocklist/manual research,99,mrvegas.com,,,,,False,1,external gambling verification,False
sunny-casino.net,1,,priority_review,,,,,0,,,,1,16,0,2,1,1,0,3.375,0,0.0,0,0,0,,,,priority_gambling_review,Contains gambling-related keyword,3,sunny-casino.net,,,,,False,,,False
sportsworld.ph,0,,needs_review,,,,,0,,,,0,14,0,1,1,0,0,3.235926350629033,0,0.0,0,0,0,,,,needs_manual_review,No gambling-list match and no Tranco match,5,sportsworld.ph,,,,,False,,,False
747-2.com,1,,needs_review,,,,,0,,,,0,9,4,2,1,1,0,2.94770277922009,0,969.0,1,0,1,,,,needs_manual_review,No gambling-list match and no Tranco match,5,747-2.com,,,,,False,,,False
ghostmshop.mgame.com,0,,needs_review,,,,,0,,,,0,20,0,2,2,0,0,3.284183719779189,0,9650.0,1,1,1,197018.0,mgame.com,parent_domain,weak_benign_candidate,Appears in Tranco Top 1M,4,ghostmshop.mgame.com,0.0,verified,official website,Mgame conventional video-game web shop,False,0,manual verification,False
god55partnership.com,1,,needs_review,,,,,0,,,,0,20,2,1,1,0,0,3.9219280948873614,0,411.0,1,1,1,,,,needs_manual_review,No gambling-list match and no Tranco match,5,god55partnership.com,,,,,False,,,False
bingoworld.online,0,,needs_review,,,,,0,,,,0,17,0,1,1,0,0,3.29277019393699,1,333.0,1,0,0,,,,needs_manual_review,No gambling-list match and no Tranco match,5,bingoworld.online,,,,,False,,,False
resortscasino.com,0,1.0,confirmed_gambling,"Block List Project, UT1 Gambling",multi_source,resortscasino.com,"Block List Project, UT1 Gambling",2,,,,1,17,0,1,1,0,0,3.29277019393699,0,9385.0,1,1,1,484289.0,resortscasino.com,exact,confirmed_gambling,Already confirmed by gambling blocklist/manual research,99,resortscasino.com,,,,,False,1,external gambling verification,False
jackpotstar.com,0,,priority_review,,,,,0,,,,1,15,0,1,1,0,0,3.373557262275185,0,8460.0,1,1,1,,,,priority_gambling_review,Contains gambling-related keyword,3,jackpotstar.com,,,,,False,,,False
pin77.com,0,1.0,confirmed_gambling,Block List Project,single_source,pin77.com,Block List Project,1,,,,0,9,2,1,1,0,0,2.94770277922009,0,2135.0,1,1,1,,,,confirmed_gambling,Already confirmed by gambling blocklist/manual research,99,pin77.com,,,,,False,1,external gambling verification,False
lottofy.com,0,1.0,confirmed_gambling,"Block List Project, UT1 Gambling",multi_source,lottofy.com,"Block List Project, UT1 Gambling",2,,,,0,11,0,1,1,0,0,2.8453509366224368,0,3231.0,1,0,1,486810.0,lottofy.com,exact,confirmed_gambling,Already confirmed by gambling blocklist/manual research,99,lottofy.com,,,,,False,1,external gambling verification,False
god55.international,1,,needs_review,,,,,0,,,,0,19,2,1,1,0,0,3.471354487013929,0,0.0,0,1,1,,,,needs_manual_review,No gambling-list match and no Tranco match,5,god55.international,,,,,False,,,False
bafkreih37hzjc4n4elusfak5z5ktjgy5tvfy4nzk4hql3huz3betpe3nqe.ipfs.dweb.link,1,,priority_review,,,,,0,,,,1,74,12,3,3,0,0,4.619605521145916,0,3333.0,1,0,0,18263.0,dweb.link,parent_domain,priority_gambling_review,Contains gambling-related keyword,3,bafkreih37hzjc4n4elusfak5z5ktjgy5tvfy4nzk4hql3huz3betpe3nqe.ipfs.dweb.link,,,,,False,,,False
tournamentplus.com,0,1.0,confirmed_gambling,Block List Project,single_source,tournamentplus.com,Block List Project,1,,,,0,18,0,1,1,0,0,3.614369445886757,0,2957.0,1,1,1,,,,confirmed_gambling,Already confirmed by gambling blocklist/manual research,99,tournamentplus.com,,,,,False,1,external gambling verification,False
gamebookers.com,0,1.0,confirmed_gambling,"Block List Project, UT1 Gambling",multi_source,gamebookers.com,"Block List Project, UT1 Gambling",2,,,,0,15,0,1,1,0,0,3.323231428797621,0,9525.0,1,1,1,357286.0,gamebookers.com,exact,confirmed_gambling,Already confirmed by gambling blocklist/manual research,99,gamebookers.com,,,,,False,1,external gambling verification,False
spincasino.co.uk,0,1.0,confirmed_gambling,Block List Project,single_source,spincasino.co.uk,Block List Project,1,,,,1,16,0,2,2,0,0,3.25,0,6957.0,1,1,1,,,,confirmed_gambling,Already confirmed by gambling blocklist/manual research,99,spincasino.co.uk,,,,,False,1,external gambling verification,False
midnite.com,0,1.0,confirmed_gambling,Block List Project,single_source,midnite.com,Block List Project,1,,,,0,11,0,1,1,0,0,3.095795255000934,0,8222.0,1,0,1,97311.0,midnite.com,exact,confirmed_gambling,Already confirmed by gambling blocklist/manual research,99,midnite.com,,,,,False,1,external gambling verification,False
gambeta10.com,0,1.0,confirmed_gambling,Block List Project,single_source,gambeta10.com,Block List Project,1,,,,1,13,2,1,1,0,0,3.3927474104487847,0,1438.0,1,1,1,,,,confirmed_gambling,Already confirmed by gambling blocklist/manual research,99,gambeta10.com,,,,,False,1,external gambling verification,False
cardtime.ph,0,1.0,confirmed_gambling,Block List Project,single_source,cardtime.ph,Block List Project,1,,,,0,11,0,1,1,0,0,3.4594316186372973,0,0.0,0,1,1,,,,confirmed_gambling,Already confirmed by gambling blocklist/manual research,99,cardtime.ph,,,,,False,1,external gambling verification,False
epicwin.vip,1,,priority_review,,,,,0,,,,1,11,0,1,1,0,0,2.8453509366224368,0,0.0,0,0,0,,,,priority_gambling_review,Contains gambling-related keyword,3,epicwin.vip,,,,,False,,,False
slotsmagic.co.uk,0,,priority_review,,,,,0,,,,1,16,0,2,2,0,0,3.5,0,4847.0,1,1,1,,,,priority_gambling_review,Contains gambling-related keyword,3,slotsmagic.co.uk,,,,,False,,,False
webdisk.winzir.com,0,1.0,confirmed_gambling,Block List Project,single_source,winzir.com,Block List Project,1,,,,1,18,0,2,2,0,0,3.683542362433231,0,1507.0,1,1,1,,,,confirmed_gambling,Already confirmed by gambling blocklist/manual research,99,webdisk.winzir.com,,,,,False,1,external gambling verification,False
sportybetadderwebs86.weebly.com,1,,priority_review,,,,,0,,,,1,31,2,2,2,0,0,3.91017927888364,0,7319.0,1,0,0,344.0,weebly.com,parent_domain,priority_gambling_review,Contains gambling-related keyword,3,sportybetadderwebs86.weebly.com,,,,,False,,,False
casino-super.net,1,1.0,confirmed_gambling,Block List Project,single_source,casino-super.net,Block List Project,1,,,,1,16,0,2,1,1,0,3.625,0,0.0,0,1,1,,,,confirmed_gambling,Already confirmed by gambling blocklist/manual research,99,casino-super.net,,,,,False,1,external gambling verification,False
queenplay.com,0,1.0,confirmed_gambling,Block List Project,single_source,queenplay.com,Block List Project,1,,,,0,13,0,1,1,0,0,3.546593564294939,0,5166.0,1,1,1,,,,confirmed_gambling,Already confirmed by gambling blocklist/manual research,99,queenplay.com,,,,,False,1,external gambling verification,False
palmsbet1.com,1,,priority_review,,,,,0,,,,1,13,1,1,1,0,0,3.546593564294939,0,597.0,1,0,1,,,,priority_gambling_review,Contains gambling-related keyword,3,palmsbet1.com,,,,,False,,,False
vkgame11.site,1,1.0,confirmed_gambling,Block List Project,single_source,vkgame11.site,Block List Project,1,,,,0,13,2,1,1,0,0,3.3927474104487847,1,1874.0,1,1,1,,,,confirmed_gambling,Already confirmed by gambling blocklist/manual research,99,vkgame11.site,,,,,False,1,external gambling verification,False
boba303.top,1,,needs_review,,,,,0,,,,0,11,3,1,1,0,0,2.913977073182752,1,73.0,1,0,1,,,,needs_manual_review,No gambling-list match and no Tranco match,5,boba303.top,,,,,False,,,False
ekolbet164.com,1,,priority_review,,,,,0,,,,1,14,3,1,1,0,0,3.521640636343318,0,0.0,0,0,1,,,,priority_gambling_review,Contains gambling-related keyword,3,ekolbet164.com,,,,,False,,,False
slotsquad.com,0,1.0,confirmed_gambling,Block List Project,single_source,slotsquad.com,Block List Project,1,,,,1,13,0,1,1,0,0,3.3927474104487847,0,3623.0,1,1,1,,,,confirmed_gambling,Already confirmed by gambling blocklist/manual research,99,slotsquad.com,,,,,False,1,external gambling verification,False
hermes-bets.net,1,,priority_review,,,,,0,,,,1,15,0,2,1,1,0,3.106890595608519,0,0.0,0,0,0,,,,priority_gambling_review,Contains gambling-related keyword,3,hermes-bets.net,,,,,False,,,False
noc.mgame.com,0,,needs_review,,,,,0,,,,0,13,0,2,2,0,0,2.873140679513133,0,9650.0,1,0,0,197018.0,mgame.com,parent_domain,weak_benign_candidate,Appears in Tranco Top 1M,4,noc.mgame.com,,uncertain,manual research,Specific subdomain remains unresolved,False,,,False
peryacity.ph,0,,needs_review,,,,,0,,,,0,12,0,1,1,0,0,3.2516291673878226,0,0.0,0,0,1,,,,needs_manual_review,No gambling-list match and no Tranco match,5,peryacity.ph,,,,,False,,,False
win-secure-888.pro,1,,priority_review,,,,,0,,,,1,18,3,3,1,1,0,3.5724312513221195,0,0.0,0,0,0,,,,priority_gambling_review,Contains gambling-related keyword,3,win-secure-888.pro,,,,,False,,,False
betalltimes.com,1,,priority_review,,,,,0,,,,1,15,0,1,1,0,0,3.373557262275185,0,0.0,0,0,0,,,,priority_gambling_review,Contains gambling-related keyword,3,betalltimes.com,,,,,False,,,False
freebettingreviews.com,1,,priority_review,,,,,0,,,,1,22,0,1,1,0,0,3.6589934152538057,0,2217.0,1,0,1,,,,priority_gambling_review,Contains gambling-related keyword,3,freebettingreviews.com,,,,,False,,,False
888poker.com,0,1.0,confirmed_gambling,"Block List Project, UT1 Gambling",multi_source,888poker.com,"Block List Project, UT1 Gambling",2,,,,0,12,3,1,1,0,0,3.0220552088742005,0,8951.0,1,0,1,72661.0,888poker.com,exact,confirmed_gambling,Already confirmed by gambling blocklist/manual research,99,888poker.com,,,,,False,1,external gambling verification,False
mgame.ph,0,,needs_review,,,,,0,,,,0,8,0,1,1,0,0,2.75,0,0.0,0,1,1,,,,needs_manual_review,No gambling-list match and no Tranco match,5,mgame.ph,,,,,False,,,False
888casino.com,0,1.0,confirmed_gambling,"Block List Project, UT1 Gambling",multi_source,888casino.com,"Block List Project, UT1 Gambling",2,,,,1,13,3,1,1,0,0,3.026986833359288,0,9053.0,1,0,1,29104.0,888casino.com,exact,confirmed_gambling,Already confirmed by gambling blocklist/manual research,99,888casino.com,,,,,False,1,external gambling verification,False
fb.thegamesguys.com,1,,needs_review,,,,,0,,,,0,19,0,2,2,0,0,3.721611723969901,0,0.0,0,0,0,,,,needs_manual_review,No gambling-list match and no Tranco match,5,fb.thegamesguys.com,,,,,False,,,False
betsmoveguncel.com,1,,priority_review,,,,,0,,,,1,18,0,1,1,0,0,3.5724312513221195,0,1425.0,1,0,0,,,,priority_gambling_review,Contains gambling-related keyword,3,betsmoveguncel.com,,,,,False,,,False
deskgame.com,0,1.0,confirmed_gambling,Block List Project,single_source,deskgame.com,Block List Project,1,,,,0,12,0,1,1,0,0,3.2516291673878226,0,8257.0,1,0,1,728194.0,deskgame.com,exact,confirmed_gambling,Already confirmed by gambling blocklist/manual research,99,deskgame.com,,,,,False,1,external gambling verification,False
beternuipouli.web.app,1,,priority_review,,,,,0,,,,1,21,0,2,2,0,0,3.558518613048906,0,0.0,0,0,0,2831.0,web.app,parent_domain,priority_gambling_review,Contains gambling-related keyword,3,beternuipouli.web.app,,,,,False,,,False
relax-gaming.com,0,,needs_review,,,,,0,,,,0,16,0,2,1,1,0,3.625,0,5421.0,1,1,1,201697.0,relax-gaming.com,exact,weak_benign_candidate,Appears in Tranco Top 1M,4,relax-gaming.com,,,,,False,,,False
thelottery.co.uk,0,,needs_review,,,,,0,,,,0,16,0,2,2,0,0,3.327819531114783,0,9770.0,1,0,1,,,,needs_manual_review,No gambling-list match and no Tranco match,5,thelottery.co.uk,,,,,False,,,False
jbag888.com,1,,needs_review,,,,,0,,,,0,11,3,1,1,0,0,3.0271691184406184,0,182.0,1,0,0,,,,needs_manual_review,No gambling-list match and no Tranco match,5,jbag888.com,,,,,False,,,False
uni166.com,1,,needs_review,,,,,0,,,,0,10,3,1,1,0,0,3.1219280948873624,0,3397.0,1,0,1,,,,needs_manual_review,No gambling-list match and no Tranco match,5,uni166.com,,,,,False,,,False
greatway-casino.net,1,,priority_review,,,,,0,,,,1,19,0,2,1,1,0,3.6818808028034025,0,0.0,0,0,0,,,,priority_gambling_review,Contains gambling-related keyword,3,greatway-casino.net,,,,,False,,,False
sport.netbet.co.uk,0,1.0,confirmed_gambling,"Block List Project, UT1 Gambling",multi_source,netbet.co.uk,"Block List Project, UT1 Gambling",2,,,,1,18,0,3,3,0,0,3.4193819456463714,0,7283.0,1,0,1,76142.0,netbet.co.uk,parent_domain,confirmed_gambling,Already confirmed by gambling blocklist/manual research,99,sport.netbet.co.uk,,,,,False,1,external gambling verification,False
alfabahis33.com,1,,needs_review,,,,,0,,,,0,15,2,1,1,0,0,3.456564762130954,0,0.0,0,0,1,,,,needs_manual_review,No gambling-list match and no Tranco match,5,alfabahis33.com,,,,,False,,,False
jackpotcity.ph,0,,priority_review,,,,,0,,,,1,14,0,1,1,0,0,3.378783493486176,0,0.0,0,0,0,,,,priority_gambling_review,Contains gambling-related keyword,3,jackpotcity.ph,,,,,False,,,False
betsolid.com,0,,priority_review,,,,,0,,,,1,12,0,1,1,0,0,3.4182958340544896,0,1999.0,1,1,1,,,,priority_gambling_review,Contains gambling-related keyword,3,betsolid.com,,,,,False,,,False
shahrebazi.club,1,,needs_review,,,,,0,,,,0,15,0,1,1,0,0,3.506890595608519,1,0.0,0,0,0,,,,needs_manual_review,No gambling-list match and no Tranco match,5,shahrebazi.club,,,,,False,,,False
crystalslots.com,0,1.0,confirmed_gambling,Block List Project,single_source,crystalslots.com,Block List Project,1,,,,1,16,0,1,1,0,0,3.202819531114783,0,4138.0,1,1,1,,,,confirmed_gambling,Already confirmed by gambling blocklist/manual research,99,crystalslots.com,,,,,False,1,external gambling verification,False
god55vn5.com,1,,needs_review,,,,,0,,,,0,12,3,1,1,0,0,3.0220552088742005,0,683.0,1,1,1,,,,needs_manual_review,No gambling-list match and no Tranco match,5,god55vn5.com,,,,,False,,,False
katsu5.xyz,1,,needs_review,,,,,0,,,,0,10,1,1,1,0,0,3.321928094887362,1,0.0,0,0,1,,,,needs_manual_review,No gambling-list match and no Tranco match,5,katsu5.xyz,,,,,False,,,False
bet88.ph,0,1.0,confirmed_gambling,Block List Project,single_source,bet88.ph,Block List Project,1,,,,1,8,2,1,1,0,0,2.75,0,0.0,0,1,1,8774.0,bet88.ph,exact,confirmed_gambling,Already confirmed by gambling blocklist/manual research,99,bet88.ph,,,,,False,1,external gambling verification,False
win-login-365.vip,1,,priority_review,,,,,0,,,,1,17,3,3,1,1,0,3.572469458770135,0,0.0,0,0,0,,,,priority_gambling_review,Contains gambling-related keyword,3,win-login-365.vip,,,,,False,,,False
god55m2.net,1,,needs_review,,,,,0,,,,0,11,3,1,1,0,0,3.277613436819116,0,1718.0,1,1,1,,,,needs_manual_review,No gambling-list match and no Tranco match,5,god55m2.net,,,,,False,,,False
betrupi165.com,1,,priority_review,,,,,0,,,,1,14,3,1,1,0,0,3.807354922057604,0,0.0,0,0,1,,,,priority_gambling_review,Contains gambling-related keyword,3,betrupi165.com,,,,,False,,,False
starsportsbet.co.uk,0,,priority_review,,,,,0,,,,1,19,0,2,2,0,0,3.431623565847431,0,6003.0,1,1,1,732768.0,starsportsbet.co.uk,exact,priority_gambling_review,Contains gambling-related keyword,3,starsportsbet.co.uk,,,,,False,,,False
lakijackpot.com,0,,priority_review,,,,,0,,,,1,15,0,1,1,0,0,3.373557262275185,0,774.0,1,1,1,,,,priority_gambling_review,Contains gambling-related keyword,3,lakijackpot.com,,,,,False,,,False
pisogame.bet,0,,priority_review,,,,,0,,,,1,12,0,1,1,0,0,3.4182958340544896,0,0.0,0,1,1,,,,priority_gambling_review,Contains gambling-related keyword,3,pisogame.bet,,,,,False,,,False
sports.betway.com,0,1.0,confirmed_gambling,"Block List Project, UT1 Gambling",multi_source,betway.com,"Block List Project, UT1 Gambling",2,,,,1,17,0,2,2,0,0,3.616874605956222,0,8734.0,1,1,1,15985.0,betway.com,parent_domain,confirmed_gambling,Already confirmed by gambling blocklist/manual research,99,sports.betway.com,,,,,False,1,external gambling verification,False
n1-bet.ng,1,1.0,confirmed_gambling,Block List Project,single_source,n1-bet.ng,Block List Project,1,,,,1,9,1,2,1,1,0,2.94770277922009,0,0.0,0,1,1,,,,confirmed_gambling,Already confirmed by gambling blocklist/manual research,99,n1-bet.ng,,,,,False,1,external gambling verification,False
white-casino.net,1,,priority_review,,,,,0,,,,1,16,0,2,1,1,0,3.5,0,0.0,0,0,0,,,,priority_gambling_review,Contains gambling-related keyword,3,white-casino.net,,,,,False,,,False
hardrock.bet,0,1.0,confirmed_gambling,"Block List Project, UT1 Gambling",multi_source,hardrock.bet,"Block List Project, UT1 Gambling",2,,,,1,12,0,1,1,0,0,3.4182958340544896,0,0.0,0,0,1,83836.0,hardrock.bet,exact,confirmed_gambling,Already confirmed by gambling blocklist/manual research,99,hardrock.bet,,,,,False,1,external gambling verification,False
luckyvip.com,0,1.0,confirmed_gambling,"Block List Project, UT1 Gambling",multi_source,luckyvip.com,"Block List Project, UT1 Gambling",2,,,,0,12,0,1,1,0,0,3.4182958340544896,0,7342.0,1,0,1,,,,confirmed_gambling,Already confirmed by gambling blocklist/manual research,99,luckyvip.com,,,,,False,1,external gambling verification,False
babu88bd.com,1,1.0,confirmed_gambling,Block List Project,single_source,babu88bd.com,Block List Project,1,,,,0,12,2,1,1,0,0,3.0220552088742005,0,1390.0,1,1,1,588572.0,babu88bd.com,exact,confirmed_gambling,Already confirmed by gambling blocklist/manual research,99,babu88bd.com,,,,,False,1,external gambling verification,False
kwikky.com,0,1.0,confirmed_gambling,Block List Project,single_source,kwikky.com,Block List Project,1,,,,0,10,0,1,1,0,0,2.8464393446710154,0,5640.0,1,1,1,,,,confirmed_gambling,Already confirmed by gambling blocklist/manual research,99,kwikky.com,,,,,False,1,external gambling verification,False
win-verify-365.pro,1,,priority_review,,,,,0,,,,1,18,3,3,1,1,0,3.836591668108978,0,0.0,0,0,0,,,,priority_gambling_review,Contains gambling-related keyword,3,win-verify-365.pro,,,,,False,,,False
bingobet.com,0,1.0,confirmed_gambling,Block List Project,single_source,bingobet.com,Block List Project,1,,,,1,12,0,1,1,0,0,3.2516291673878226,0,10857.0,1,1,1,,,,confirmed_gambling,Already confirmed by gambling blocklist/manual research,99,bingobet.com,,,,,False,1,external gambling verification,False
netbet.co.uk,0,1.0,confirmed_gambling,"Block List Project, UT1 Gambling",multi_source,netbet.co.uk,"Block List Project, UT1 Gambling",2,,,,1,12,0,2,2,0,0,3.084962500721156,0,7283.0,1,1,1,76142.0,netbet.co.uk,exact,confirmed_gambling,Already confirmed by gambling blocklist/manual research,99,netbet.co.uk,,,,,False,1,external gambling verification,False
1xbet.com,1,1.0,confirmed_gambling,"Block List Project, UT1 Gambling",multi_source,1xbet.com,"Block List Project, UT1 Gambling",2,,,,1,9,1,1,1,0,0,3.169925001442312,0,7163.0,1,0,1,7773.0,1xbet.com,exact,confirmed_gambling,Already confirmed by gambling blocklist/manual research,99,1xbet.com,,,,,False,1,external gambling verification,False
buenas.bet,0,1.0,confirmed_gambling,"Block List Project, UT1 Gambling",multi_source,buenas.bet,"Block List Project, UT1 Gambling",2,,,,1,10,0,1,1,0,0,2.9219280948873623,0,0.0,0,1,1,,,,confirmed_gambling,Already confirmed by gambling blocklist/manual research,99,buenas.bet,,,,,False,1,external gambling verification,False
buenas.vip,0,,needs_review,,,,,0,,,,0,10,0,1,1,0,0,3.321928094887362,0,826.0,1,0,1,,,,needs_manual_review,No gambling-list match and no Tranco match,5,buenas.vip,,,,,False,,,False
russiavulcanx.com,1,,needs_review,,,,,0,,,,0,17,0,1,1,0,0,3.616874605956222,0,0.0,0,0,0,,,,needs_manual_review,No gambling-list match and no Tranco match,5,russiavulcanx.com,,,,,False,,,False
diyarbet120.com,1,,priority_review,,,,,0,,,,1,15,3,1,1,0,0,3.906890595608519,0,0.0,0,0,1,,,,priority_gambling_review,Contains gambling-related keyword,3,diyarbet120.com,,,,,False,,,False
skybet.com,0,1.0,confirmed_gambling,"Block List Project, UT1 Gambling",multi_source,skybet.com,"Block List Project, UT1 Gambling",2,,,,1,10,0,1,1,0,0,3.321928094887362,0,10043.0,1,1,1,13221.0,skybet.com,exact,confirmed_gambling,Already confirmed by gambling blocklist/manual research,99,skybet.com,,,,,False,1,external gambling verification,False
bcasino.ph,0,,priority_review,,,,,0,,,,1,10,0,1,1,0,0,3.321928094887362,0,0.0,0,0,1,,,,priority_gambling_review,Contains gambling-related keyword,3,bcasino.ph,,,,,False,,,False
harrahscasino.com,0,1.0,confirmed_gambling,Block List Project,single_source,harrahscasino.com,Block List Project,1,,,,1,17,0,1,1,0,0,3.2195282822995472,0,9249.0,1,0,1,,,,confirmed_gambling,Already confirmed by gambling blocklist/manual research,99,harrahscasino.com,,,,,False,1,external gambling verification,False
24pokies2.com,1,1.0,confirmed_gambling,Block List Project,single_source,24pokies2.com,Block List Project,1,,,,0,13,3,1,1,0,0,3.3927474104487847,0,182.0,1,1,1,,,,confirmed_gambling,Already confirmed by gambling blocklist/manual research,99,24pokies2.com,,,,,False,1,external gambling verification,False
championzone.ph,0,1.0,confirmed_gambling,Block List Project,single_source,championzone.ph,Block List Project,1,,,,0,15,0,1,1,0,0,3.373557262275185,0,0.0,0,1,1,,,,confirmed_gambling,Already confirmed by gambling blocklist/manual research,99,championzone.ph,,,,,False,1,external gambling verification,False
bet365bby.com,1,,priority_review,,,,,0,,,,1,13,3,1,1,0,0,3.334679141051595,0,603.0,1,0,0,,,,priority_gambling_review,Contains gambling-related keyword,3,bet365bby.com,,,,,False,,,False
megawagi.net,0,,needs_review,,,,,0,,,,0,12,0,1,1,0,0,3.084962500721156,0,195.0,1,1,1,,,,needs_manual_review,No gambling-list match and no Tranco match,5,megawagi.net,,,,,False,,,False
au1m.com,1,,needs_review,,,,,0,,,,0,8,1,1,1,0,0,2.75,0,0.0,0,0,0,,,,needs_manual_review,No gambling-list match and no Tranco match,5,au1m.com,,,,,False,,,False
nustargame.com,0,1.0,confirmed_gambling,Block List Project,single_source,nustargame.com,Block List Project,1,,,,0,14,0,1,1,0,0,3.521640636343318,0,563.0,1,1,1,1613.0,nustargame.com,exact,confirmed_gambling,Already confirmed by gambling blocklist/manual research,99,nustargame.com,,,,,False,1,external gambling verification,False
spinju.com,0,1.0,confirmed_gambling,Block List Project,single_source,spinju.com,Block List Project,1,,,,0,10,0,1,1,0,0,3.321928094887362,0,2417.0,1,1,1,,,,confirmed_gambling,Already confirmed by gambling blocklist/manual research,99,spinju.com,,,,,False,1,external gambling verification,False
betbingo.com,0,,priority_review,,,,,0,,,,1,12,0,1,1,0,0,3.2516291673878226,0,10857.0,1,1,1,,,,priority_gambling_review,Contains gambling-related keyword,3,betbingo.com,,,,,False,,,False
phoeniciancasino.co.uk,0,,priority_review,,,,,0,,,,1,22,0,2,2,0,0,3.413088436425757,0,5114.0,1,0,1,,,,priority_gambling_review,Contains gambling-related keyword,3,phoeniciancasino.co.uk,,,,,False,,,False
sportslive.ph,0,,needs_review,,,,,0,,,,0,13,0,1,1,0,0,3.3927474104487847,0,0.0,0,0,0,,,,needs_manual_review,No gambling-list match and no Tranco match,5,sportslive.ph,,,,,False,,,False
spinsweet.com,0,1.0,confirmed_gambling,Block List Project,single_source,spinsweet.com,Block List Project,1,,,,0,13,0,1,1,0,0,3.3927474104487847,0,4303.0,1,1,1,,,,confirmed_gambling,Already confirmed by gambling blocklist/manual research,99,spinsweet.com,,,,,False,1,external gambling verification,False
35.222.159.130,1,,needs_review,,,,,0,,,,0,14,11,3,3,0,1,2.6995138503199656,0,6354.0,1,0,1,,,,needs_manual_review,No gambling-list match and no Tranco match,5,35.222.159.130,,,,,False,,,False
poker-login-777.win,1,,priority_review,,,,,0,,,,1,19,3,3,1,1,0,3.5766176449086657,0,0.0,0,0,0,,,,priority_gambling_review,Contains gambling-related keyword,3,poker-login-777.win,,,,,False,,,False
galaparadise88.com,1,,needs_review,,,,,0,,,,0,18,2,1,1,0,0,3.614369445886757,0,0.0,0,0,1,,,,needs_manual_review,No gambling-list match and no Tranco match,5,galaparadise88.com,,,,,False,,,False
slotlar777.com,1,,priority_review,,,,,0,,,,1,14,3,1,1,0,0,3.1820058147602133,0,0.0,0,0,0,,,,priority_gambling_review,Contains gambling-related keyword,3,slotlar777.com,,,,,False,,,False
megawagi.ph,0,,needs_review,,,,,0,,,,0,11,0,1,1,0,0,3.095795255000934,0,0.0,0,1,1,,,,needs_manual_review,No gambling-list match and no Tranco match,5,megawagi.ph,,,,,False,,,False
igoegaming.ph,0,,needs_review,,,,,0,,,,0,13,0,1,1,0,0,3.180832987205441,0,0.0,0,0,0,,,,needs_manual_review,No gambling-list match and no Tranco match,5,igoegaming.ph,,,,,False,,,False
neonvegas.com,0,1.0,confirmed_gambling,Block List Project,single_source,neonvegas.com,Block List Project,1,,,,0,13,0,1,1,0,0,3.238901256602631,0,8818.0,1,0,1,,,,confirmed_gambling,Already confirmed by gambling blocklist/manual research,99,neonvegas.com,,,,,False,1,external gambling verification,False
play.ballybet.com,0,1.0,confirmed_gambling,Block List Project,single_source,ballybet.com,Block List Project,1,,,,1,17,0,2,2,0,0,3.3371753411230767,0,2332.0,1,1,1,401253.0,ballybet.com,parent_domain,confirmed_gambling,Already confirmed by gambling blocklist/manual research,99,play.ballybet.com,,,,,False,1,external gambling verification,False
vegasland.com,0,1.0,confirmed_gambling,"Block List Project, UT1 Gambling",multi_source,vegasland.com,"Block List Project, UT1 Gambling",2,,,,0,13,0,1,1,0,0,3.546593564294939,0,9525.0,1,1,1,,,,confirmed_gambling,Already confirmed by gambling blocklist/manual research,99,vegasland.com,,,,,False,1,external gambling verification,False
betvictor.com,0,1.0,confirmed_gambling,"Block List Project, UT1 Gambling",multi_source,betvictor.com,"Block List Project, UT1 Gambling",2,,,,1,13,0,1,1,0,0,3.238901256602631,0,8606.0,1,0,1,50108.0,betvictor.com,exact,confirmed_gambling,Already confirmed by gambling blocklist/manual research,99,betvictor.com,,,,,False,1,external gambling verification,False
67bet.com,1,1.0,confirmed_gambling,Block List Project,single_source,67bet.com,Block List Project,1,,,,1,9,2,1,1,0,0,3.169925001442312,0,5315.0,1,1,1,601193.0,67bet.com,exact,confirmed_gambling,Already confirmed by gambling blocklist/manual research,99,67bet.com,,,,,False,1,external gambling verification,False
enetpoker.com,1,,needs_review,,,,,0,,,,0,13,0,1,1,0,0,3.180832987205441,0,5701.0,1,0,1,,,,needs_manual_review,No gambling-list match and no Tranco match,5,enetpoker.com,,,,,False,,,False
heyspin.com,0,1.0,confirmed_gambling,Block List Project,single_source,heyspin.com,Block List Project,1,,,,0,11,0,1,1,0,0,3.4594316186372973,0,3354.0,1,0,1,,,,confirmed_gambling,Already confirmed by gambling blocklist/manual research,99,heyspin.com,,,,,False,1,external gambling verification,False
shahrshahr11.com,1,,needs_review,,,,,0,,,,0,16,2,1,1,0,0,3.0,0,0.0,0,0,0,,,,needs_manual_review,No gambling-list match and no Tranco match,5,shahrshahr11.com,,,,,False,,,False
bppoker.pro,0,,needs_review,,,,,0,,,,0,11,0,1,1,0,0,2.6635327548042547,0,0.0,0,0,0,,,,needs_manual_review,No gambling-list match and no Tranco match,5,bppoker.pro,,,,,False,,,False
igo.ph,0,1.0,confirmed_gambling,Block List Project,single_source,igo.ph,Block List Project,1,,,,0,6,0,1,1,0,0,2.584962500721156,0,0.0,0,1,1,,,,confirmed_gambling,Already confirmed by gambling blocklist/manual research,99,igo.ph,,,,,False,1,external gambling verification,False
freshspins.com,0,,needs_review,,,,,0,,,,0,14,0,1,1,0,0,3.4677201004745,0,3024.0,1,1,1,,,,needs_manual_review,No gambling-list match and no Tranco match,5,freshspins.com,,,,,False,,,False
bingotime.ph,0,,needs_review,,,,,0,,,,0,12,0,1,1,0,0,3.4182958340544896,0,0.0,0,1,1,,,,needs_manual_review,No gambling-list match and no Tranco match,5,bingotime.ph,,,,,False,,,False
vavadapsv.com,1,,needs_review,,,,,0,,,,0,13,0,1,1,0,0,2.9689185639620974,0,0.0,0,0,0,,,,needs_manual_review,No gambling-list match and no Tranco match,5,vavadapsv.com,,,,,False,,,False
whamoo.com,0,1.0,confirmed_gambling,Block List Project,single_source,whamoo.com,Block List Project,1,,,,0,10,0,1,1,0,0,2.646439344671016,0,8307.0,1,1,1,,,,confirmed_gambling,Already confirmed by gambling blocklist/manual research,99,whamoo.com,,,,,False,1,external gambling verification,False
old.747ph.live,0,1.0,confirmed_gambling,Block List Project,single_source,747ph.live,Block List Project,1,,,,0,14,3,2,2,0,0,3.378783493486176,0,0.0,0,1,1,73565.0,747ph.live,parent_domain,confirmed_gambling,Already confirmed by gambling blocklist/manual research,99,old.747ph.live,,,,,False,1,external gambling verification,False
goldennuggetcasino.com,0,1.0,confirmed_gambling,"Block List Project, UT1 Gambling",multi_source,goldennuggetcasino.com,"Block List Project, UT1 Gambling",2,,,,1,22,0,1,1,0,0,3.629219686524097,0,9924.0,1,1,1,118942.0,goldennuggetcasino.com,exact,confirmed_gambling,Already confirmed by gambling blocklist/manual research,99,goldennuggetcasino.com,,,,,False,1,external gambling verification,False
god55.asia,1,,needs_review,,,,,0,,,,0,10,2,1,1,0,0,2.9219280948873623,0,2045.0,1,1,1,,,,needs_manual_review,No gambling-list match and no Tranco match,5,god55.asia,,,,,False,,,False
uwin957.cc,1,,priority_review,,,,,0,,,,1,10,3,1,1,0,0,3.1219280948873624,0,287.0,1,0,0,,,,priority_gambling_review,Contains gambling-related keyword,3,uwin957.cc,,,,,False,,,False
pedalada10.com,0,,needs_review,,,,,0,,,,0,14,2,1,1,0,0,3.3248629576173565,0,1377.0,1,0,1,,,,needs_manual_review,No gambling-list match and no Tranco match,5,pedalada10.com,,,,,False,,,False
bet88.vip,0,,priority_review,,,,,0,,,,1,9,2,1,1,0,0,2.94770277922009,0,160.0,1,1,1,,,,priority_gambling_review,Contains gambling-related keyword,3,bet88.vip,,,,,False,,,False
slotcrazy.com,0,1.0,confirmed_gambling,"Block List Project, UT1 Gambling",multi_source,slotcrazy.com,"Block List Project, UT1 Gambling",2,,,,1,13,0,1,1,0,0,3.3927474104487847,0,3894.0,1,0,1,,,,confirmed_gambling,Already confirmed by gambling blocklist/manual research,99,slotcrazy.com,,,,,False,1,external gambling verification,False
24pokies6.com,1,,needs_review,,,,,0,,,,0,13,3,1,1,0,0,3.546593564294939,0,0.0,0,0,0,,,,needs_manual_review,No gambling-list match and no Tranco match,5,24pokies6.com,,,,,False,,,False
casinomalta.com.mt,0,,priority_review,,,,,0,,,,1,18,0,2,2,0,0,3.197159723424149,0,0.0,0,1,1,,,,priority_gambling_review,Contains gambling-related keyword,3,casinomalta.com.mt,,,,,False,,,False
bc.game,1,1.0,confirmed_gambling,"Block List Project, UT1 Gambling",multi_source,bc.game,"Block List Project, UT1 Gambling",2,,,,0,7,0,1,1,0,0,2.807354922057604,0,2999.0,1,0,1,29909.0,bc.game,exact,confirmed_gambling,Already confirmed by gambling blocklist/manual research,99,bc.game,,,,,False,1,external gambling verification,False
vegas.boylesports.com,0,1.0,confirmed_gambling,"Block List Project, UT1 Gambling",multi_source,boylesports.com,"Block List Project, UT1 Gambling",2,,,,0,21,0,2,2,0,0,3.748994803525096,0,9117.0,1,0,1,34760.0,boylesports.com,parent_domain,confirmed_gambling,Already confirmed by gambling blocklist/manual research,99,vegas.boylesports.com,,,,,False,1,external gambling verification,False
bingoplus.net,0,1.0,confirmed_gambling,Block List Project,single_source,bingoplus.net,Block List Project,1,,,,0,13,0,1,1,0,0,3.546593564294939,0,1613.0,1,1,1,81317.0,bingoplus.net,exact,confirmed_gambling,Already confirmed by gambling blocklist/manual research,99,bingoplus.net,,,,,False,1,external gambling verification,False
win-secure-24.pro,1,,priority_review,,,,,0,,,,1,17,2,3,1,1,0,3.7345216647797512,0,0.0,0,0,0,,,,priority_gambling_review,Contains gambling-related keyword,3,win-secure-24.pro,,,,,False,,,False
meccabingo.com,0,1.0,confirmed_gambling,Block List Project,single_source,meccabingo.com,Block List Project,1,,,,0,14,0,1,1,0,0,3.1820058147602133,0,9935.0,1,0,1,55819.0,meccabingo.com,exact,confirmed_gambling,Already confirmed by gambling blocklist/manual research,99,meccabingo.com,,,,,False,1,external gambling verification,False
god55.tech,1,,needs_review,,,,,0,,,,0,10,2,1,1,0,0,3.1219280948873624,0,885.0,1,1,1,,,,needs_manual_review,No gambling-list match and no Tranco match,5,god55.tech,,,,,False,,,False
1x-casino.net,1,,priority_review,,,,,0,,,,1,13,1,2,1,1,0,3.546593564294939,0,59.0,1,1,1,,,,priority_gambling_review,Contains gambling-related keyword,3,1x-casino.net,,,,,False,,,False
pesomax.com,0,1.0,confirmed_gambling,Block List Project,single_source,pesomax.com,Block List Project,1,,,,0,11,0,1,1,0,0,3.095795255000934,0,1588.0,1,0,1,,,,confirmed_gambling,Already confirmed by gambling blocklist/manual research,99,pesomax.com,,,,,False,1,external gambling verification,False
god55.nexus,1,,needs_review,,,,,0,,,,0,11,2,1,1,0,0,3.277613436819116,0,0.0,0,1,1,,,,needs_manual_review,No gambling-list match and no Tranco match,5,god55.nexus,,,,,False,,,False
immediate-connect.co.uk,1,,needs_review,,,,,0,,,,0,23,0,3,2,1,0,3.588354347173233,0,656.0,1,0,0,,,,needs_manual_review,No gambling-list match and no Tranco match,5,immediate-connect.co.uk,,,,,False,,,False
sbsnetplay.com,1,,needs_review,,,,,0,,,,0,14,0,1,1,0,0,3.664497779200461,0,0.0,0,0,0,,,,needs_manual_review,No gambling-list match and no Tranco match,5,sbsnetplay.com,,,,,False,,,False
vulcan-bet.net,1,,priority_review,,,,,0,,,,1,14,0,2,1,1,0,3.378783493486176,0,0.0,0,0,0,,,,priority_gambling_review,Contains gambling-related keyword,3,vulcan-bet.net,,,,,False,,,False
betvadi117.com,1,,priority_review,,,,,0,,,,1,14,3,1,1,0,0,3.664497779200461,0,0.0,0,0,1,,,,priority_gambling_review,Contains gambling-related keyword,3,betvadi117.com,,,,,False,,,False
megafunalo.com,0,1.0,confirmed_gambling,Block List Project,single_source,megafunalo.com,Block List Project,1,,,,0,14,0,1,1,0,0,3.378783493486176,0,556.0,1,0,1,,,,confirmed_gambling,Already confirmed by gambling blocklist/manual research,99,megafunalo.com,,,,,False,1,external gambling verification,False
costabingo.com,0,1.0,confirmed_gambling,"Block List Project, UT1 Gambling",multi_source,costabingo.com,"Block List Project, UT1 Gambling",2,,,,0,14,0,1,1,0,0,3.3248629576173565,0,6501.0,1,1,1,,,,confirmed_gambling,Already confirmed by gambling blocklist/manual research,99,costabingo.com,,,,,False,1,external gambling verification,False
gerbet.ope-11708.pro,1,,priority_review,,,,,0,,,,1,20,5,3,2,1,0,3.584183719779189,0,0.0,0,0,0,,,,priority_gambling_review,Contains gambling-related keyword,3,gerbet.ope-11708.pro,,,,,False,,,False
slotheart.com,0,1.0,confirmed_gambling,Block List Project,single_source,slotheart.com,Block List Project,1,,,,1,13,0,1,1,0,0,3.3927474104487847,0,629.0,1,1,1,,,,confirmed_gambling,Already confirmed by gambling blocklist/manual research,99,slotheart.com,,,,,False,1,external gambling verification,False
w88kub.com,1,1.0,confirmed_gambling,Block List Project,single_source,w88kub.com,Block List Project,1,,,,0,10,2,1,1,0,0,3.1219280948873624,0,4387.0,1,1,1,,,,confirmed_gambling,Already confirmed by gambling blocklist/manual research,99,w88kub.com,,,,,False,1,external gambling verification,False
pokerstarsnj.com,0,,needs_review,,,,,0,,,,0,16,0,1,1,0,0,3.625,0,4829.0,1,1,1,579831.0,pokerstarsnj.com,exact,weak_benign_candidate,Appears in Tranco Top 1M,4,pokerstarsnj.com,,,,,False,,,False
casino-friday.at,1,,priority_review,,,,,0,,,,1,16,0,2,1,1,0,3.577819531114783,0,0.0,0,0,0,,,,priority_gambling_review,Contains gambling-related keyword,3,casino-friday.at,,,,,False,,,False
casinowin.bet,1,,priority_review,,,,,0,,,,1,13,0,1,1,0,0,3.3927474104487847,0,0.0,0,1,1,,,,priority_gambling_review,Contains gambling-related keyword,3,casinowin.bet,,,,,False,,,False
tropicanacasino.com,0,1.0,confirmed_gambling,"Block List Project, UT1 Gambling",multi_source,tropicanacasino.com,"Block List Project, UT1 Gambling",2,,,,1,19,0,1,1,0,0,3.286629486786196,0,10551.0,1,0,1,235531.0,tropicanacasino.com,exact,confirmed_gambling,Already confirmed by gambling blocklist/manual research,99,tropicanacasino.com,,,,,False,1,external gambling verification,False
fastplay.ph,0,1.0,confirmed_gambling,Block List Project,single_source,fastplay.ph,Block List Project,1,,,,0,11,0,1,1,0,0,3.095795255000934,0,0.0,0,1,1,,,,confirmed_gambling,Already confirmed by gambling blocklist/manual research,99,fastplay.ph,,,,,False,1,external gambling verification,False
sportybetadder01.weebly.com,1,,priority_review,,,,,0,,,,1,27,2,2,2,0,0,3.940072687348653,0,7319.0,1,0,0,344.0,weebly.com,parent_domain,priority_gambling_review,Contains gambling-related keyword,3,sportybetadder01.weebly.com,,,,,False,,,False
hbetcorrect-192.weebly.com,1,,priority_review,,,,,0,,,,1,26,3,3,2,1,0,3.825251737288651,0,7319.0,1,0,1,344.0,weebly.com,parent_domain,priority_gambling_review,Contains gambling-related keyword,3,hbetcorrect-192.weebly.com,,,,,False,,,False
mfa9.com,1,,needs_review,,,,,0,,,,0,8,1,1,1,0,0,2.75,0,0.0,0,0,0,,,,needs_manual_review,No gambling-list match and no Tranco match,5,mfa9.com,,,,,False,,,False
tongitstok.com,0,,needs_review,,,,,0,,,,0,14,0,1,1,0,0,3.1280852788913944,0,649.0,1,0,0,,,,needs_manual_review,No gambling-list match and no Tranco match,5,tongitstok.com,,,,,False,,,False
aztecwins.com,0,1.0,confirmed_gambling,Block List Project,single_source,aztecwins.com,Block List Project,1,,,,1,13,0,1,1,0,0,3.546593564294939,0,2584.0,1,1,1,,,,confirmed_gambling,Already confirmed by gambling blocklist/manual research,99,aztecwins.com,,,,,False,1,external gambling verification,False
tfcfootball.com,1,,needs_review,,,,,0,,,,0,15,0,1,1,0,0,3.056564762130954,0,0.0,0,0,0,,,,needs_manual_review,No gambling-list match and no Tranco match,5,tfcfootball.com,,,,,False,,,False
numerouno.ph,0,,needs_review,,,,,0,,,,0,12,0,1,1,0,0,3.084962500721156,0,0.0,0,0,1,,,,needs_manual_review,No gambling-list match and no Tranco match,5,numerouno.ph,,,,,False,,,False
bet365.com,0,1.0,confirmed_gambling,"Block List Project, UT1 Gambling",multi_source,bet365.com,"Block List Project, UT1 Gambling",2,,,,1,10,3,1,1,0,0,3.321928094887362,0,9747.0,1,0,1,4398.0,bet365.com,exact,confirmed_gambling,Already confirmed by gambling blocklist/manual research,99,bet365.com,,,,,False,1,external gambling verification,False
betfree.io,0,,priority_review,,,,,0,,,,1,10,0,1,1,0,0,2.8464393446710154,0,1058.0,1,1,1,,,,priority_gambling_review,Contains gambling-related keyword,3,betfree.io,,,,,False,,,False
kingclub.com,0,1.0,confirmed_gambling,Block List Project,single_source,kingclub.com,Block List Project,1,,,,0,12,0,1,1,0,0,3.4182958340544896,0,9179.0,1,1,1,,,,confirmed_gambling,Already confirmed by gambling blocklist/manual research,99,kingclub.com,,,,,False,1,external gambling verification,False
vegas-casino.online,1,,priority_review,,,,,0,,,,1,19,0,2,1,1,0,3.471354487013929,1,1703.0,1,1,1,,,,priority_gambling_review,Contains gambling-related keyword,3,vegas-casino.online,,,,,False,,,False
winner-bet.com,1,,priority_review,,,,,0,,,,1,14,0,2,1,1,0,3.521640636343318,0,4134.0,1,0,1,,,,priority_gambling_review,Contains gambling-related keyword,3,winner-bet.com,,,,,False,,,False
spincity.ph,0,,needs_review,,,,,0,,,,0,11,0,1,1,0,0,3.095795255000934,0,0.0,0,0,0,,,,needs_manual_review,No gambling-list match and no Tranco match,5,spincity.ph,,,,,False,,,False
hollywoodbets.co.uk,0,1.0,confirmed_gambling,"Block List Project, UT1 Gambling",multi_source,hollywoodbets.co.uk,"Block List Project, UT1 Gambling",2,,,,1,19,0,2,2,0,0,3.616348566075164,0,3713.0,1,1,1,312396.0,hollywoodbets.co.uk,exact,confirmed_gambling,Already confirmed by gambling blocklist/manual research,99,hollywoodbets.co.uk,,,,,False,1,external gambling verification,False
casino-azino777.com,1,,priority_review,,,,,0,,,,1,19,3,2,1,1,0,3.326360407952694,0,1710.0,1,0,1,,,,priority_gambling_review,Contains gambling-related keyword,3,casino-azino777.com,,,,,False,,,False
iijuta.com,1,,needs_review,,,,,0,,,,0,10,0,1,1,0,0,3.1219280948873624,0,0.0,0,0,0,,,,needs_manual_review,No gambling-list match and no Tranco match,5,iijuta.com,,,,,False,,,False
luckymatecasino.co.uk,0,,priority_review,,,,,0,,,,1,21,0,2,2,0,0,3.6897037321995474,0,999.0,1,0,1,,,,priority_gambling_review,Contains gambling-related keyword,3,luckymatecasino.co.uk,,,,,False,,,False
juanbingo.ph,0,,needs_review,,,,,0,,,,0,12,0,1,1,0,0,3.4182958340544896,0,0.0,0,0,1,98124.0,juanbingo.ph,exact,medium_benign_candidate,Top 100K Tranco and no gambling keyword,2,juanbingo.ph,,,,,False,,,False
inplay.instaplay.ph,0,,needs_review,,,,,0,,,,0,19,0,2,2,0,0,3.2210972500579573,0,0.0,0,0,1,,,,needs_manual_review,No gambling-list match and no Tranco match,5,inplay.instaplay.ph,,,,,False,,,False
divabingo.com,0,1.0,confirmed_gambling,Block List Project,single_source,divabingo.com,Block List Project,1,,,,0,13,0,1,1,0,0,3.3927474104487847,0,5714.0,1,1,1,,,,confirmed_gambling,Already confirmed by gambling blocklist/manual research,99,divabingo.com,,,,,False,1,external gambling verification,False
filbet.com,0,1.0,confirmed_gambling,Block List Project,single_source,filbet.com,Block List Project,1,,,,1,10,0,1,1,0,0,3.321928094887362,0,3098.0,1,1,1,80536.0,filbet.com,exact,confirmed_gambling,Already confirmed by gambling blocklist/manual research,99,filbet.com,,,,,False,1,external gambling verification,False
747live.info,1,,needs_review,,,,,0,,,,0,12,3,1,1,0,0,3.2516291673878226,0,0.0,0,0,1,,,,needs_manual_review,No gambling-list match and no Tranco match,5,747live.info,,,,,False,,,False
bingoplus.ph,0,1.0,confirmed_gambling,Block List Project,single_source,bingoplus.ph,Block List Project,1,,,,0,12,0,1,1,0,0,3.4182958340544896,0,0.0,0,1,1,79675.0,bingoplus.ph,exact,confirmed_gambling,Already confirmed by gambling blocklist/manual research,99,bingoplus.ph,,,,,False,1,external gambling verification,False
okapp.chat,0,1.0,confirmed_gambling,Block List Project,single_source,okapp.chat,Block List Project,1,,,,0,10,0,1,1,0,0,2.9219280948873623,0,0.0,0,1,1,,,,confirmed_gambling,Already confirmed by gambling blocklist/manual research,99,okapp.chat,,,,,False,1,external gambling verification,False
neptuneplay.com,0,1.0,confirmed_gambling,Block List Project,single_source,neptuneplay.com,Block List Project,1,,,,0,15,0,1,1,0,0,3.506890595608519,0,2443.0,1,1,1,,,,confirmed_gambling,Already confirmed by gambling blocklist/manual research,99,neptuneplay.com,,,,,False,1,external gambling verification,False
beternuipouli.firebaseapp.com,1,,priority_review,,,,,0,,,,1,29,0,2,2,0,0,3.840402546702505,0,0.0,0,0,0,5498.0,firebaseapp.com,parent_domain,priority_gambling_review,Contains gambling-related keyword,3,beternuipouli.firebaseapp.com,,,,,False,,,False
superpanalo.ph,0,,needs_review,,,,,0,,,,0,14,0,1,1,0,0,3.3248629576173565,0,0.0,0,1,1,,,,needs_manual_review,No gambling-list match and no Tranco match,5,superpanalo.ph,,,,,False,,,False
thienlong99.com,1,,needs_review,,,,,0,,,,0,15,2,1,1,0,0,3.506890595608519,0,0.0,0,0,0,,,,needs_manual_review,No gambling-list match and no Tranco match,5,thienlong99.com,,,,,False,,,False
ray40.com,1,,needs_review,,,,,0,,,,0,9,2,1,1,0,0,3.169925001442312,0,2630.0,1,1,1,,,,needs_manual_review,No gambling-list match and no Tranco match,5,ray40.com,,,,,False,,,False
bet-verify-888.live,1,,priority_review,,,,,0,,,,1,19,3,3,1,1,0,3.431623565847431,0,0.0,0,0,0,,,,priority_gambling_review,Contains gambling-related keyword,3,bet-verify-888.live,,,,,False,,,False
happyplay.ph,0,1.0,confirmed_gambling,Block List Project,single_source,happyplay.ph,Block List Project,1,,,,0,12,0,1,1,0,0,2.4182958340544896,0,0.0,0,0,1,,,,confirmed_gambling,Already confirmed by gambling blocklist/manual research,99,happyplay.ph,,,,,False,1,external gambling verification,False
ghostss.mgame.com,0,,needs_review,,,,,0,,,,0,17,0,2,2,0,0,3.175123135113461,0,9650.0,1,0,1,197018.0,mgame.com,parent_domain,weak_benign_candidate,Appears in Tranco Top 1M,4,ghostss.mgame.com,,uncertain,manual research,Insufficient direct evidence,False,,,False
sportybetadder-012.weebly.com,1,,priority_review,,,,,0,,,,1,29,3,3,2,1,0,4.099360305472399,0,7319.0,1,0,0,344.0,weebly.com,parent_domain,priority_gambling_review,Contains gambling-related keyword,3,sportybetadder-012.weebly.com,,,,,False,,,False
iplwin.com,1,1.0,confirmed_gambling,Block List Project,single_source,iplwin.com,Block List Project,1,,,,1,10,0,1,1,0,0,3.1219280948873624,0,2518.0,1,0,1,,,,confirmed_gambling,Already confirmed by gambling blocklist/manual research,99,iplwin.com,,,,,False,1,external gambling verification,False
mga.games,1,,needs_review,,,,,0,,,,0,9,0,1,1,0,0,2.5032583347756456,0,0.0,0,1,1,870924.0,mga.games,exact,weak_benign_candidate,Appears in Tranco Top 1M,4,mga.games,,,,,False,,,False
cyl88.online,1,,needs_review,,,,,0,,,,0,12,2,1,1,0,0,3.084962500721156,1,0.0,0,0,1,,,,needs_manual_review,No gambling-list match and no Tranco match,5,cyl88.online,,,,,False,,,False
vulcan-pllatinum.com,1,,needs_review,,,,,0,,,,0,20,0,2,1,1,0,3.584183719779189,0,0.0,0,0,0,,,,needs_manual_review,No gambling-list match and no Tranco match,5,vulcan-pllatinum.com,,,,,False,,,False
4crownscasino.com,1,1.0,confirmed_gambling,"Block List Project, UT1 Gambling",multi_source,4crownscasino.com,"Block List Project, UT1 Gambling",2,,,,1,17,1,1,1,0,0,3.29277019393699,0,505.0,1,1,1,,,,confirmed_gambling,Already confirmed by gambling blocklist/manual research,99,4crownscasino.com,,,,,False,1,external gambling verification,False
slot-hunter.at,1,,priority_review,,,,,0,,,,1,14,0,2,1,1,0,3.4677201004745,0,0.0,0,1,1,,,,priority_gambling_review,Contains gambling-related keyword,3,slot-hunter.at,,,,,False,,,False
boylesports.com,0,1.0,confirmed_gambling,"Block List Project, UT1 Gambling",multi_source,boylesports.com,"Block List Project, UT1 Gambling",2,,,,0,15,0,1,1,0,0,3.456564762130954,0,9117.0,1,0,1,34760.0,boylesports.com,exact,confirmed_gambling,Already confirmed by gambling blocklist/manual research,99,boylesports.com,,,,,False,1,external gambling verification,False
ekolbet,1,,priority_review,,,,,0,,,,1,7,0,0,0,0,0,2.521640636343318,0,0.0,0,0,0,,,,priority_gambling_review,Contains gambling-related keyword,3,ekolbet,,,,,False,,,False
nagacash9b.online,1,,needs_review,,,,,0,,,,0,17,1,1,1,0,0,3.528064311584049,1,0.0,0,0,0,,,,needs_manual_review,No gambling-list match and no Tranco match,5,nagacash9b.online,,,,,False,,,False
pisogame.ph,0,,needs_review,,,,,0,,,,0,11,0,1,1,0,0,3.277613436819116,0,0.0,0,0,1,,,,needs_manual_review,No gambling-list match and no Tranco match,5,pisogame.ph,,,,,False,,,False
s5games.ph,0,,needs_review,,,,,0,,,,0,10,1,1,1,0,0,3.1219280948873624,0,0.0,0,1,1,,,,needs_manual_review,No gambling-list match and no Tranco match,5,s5games.ph,,,,,False,,,False
spiffx.com,1,,needs_review,,,,,0,,,,0,10,0,1,1,0,0,3.1219280948873624,0,5382.0,1,0,1,,,,needs_manual_review,No gambling-list match and no Tranco match,5,spiffx.com,,,,,False,,,False
megawagi.vip,0,,needs_review,,,,,0,,,,0,12,0,1,1,0,0,3.084962500721156,0,194.0,1,1,1,,,,needs_manual_review,No gambling-list match and no Tranco match,5,megawagi.vip,,,,,False,,,False
sportsplus.com.ph,0,1.0,confirmed_gambling,Block List Project,single_source,sportsplus.com.ph,Block List Project,1,,,,0,17,0,2,2,0,0,3.29277019393699,0,0.0,0,1,1,,,,confirmed_gambling,Already confirmed by gambling blocklist/manual research,99,sportsplus.com.ph,,,,,False,1,external gambling verification,False
joypang-0907.com,1,,needs_review,,,,,0,,,,0,16,4,2,1,1,0,3.75,0,282.0,1,0,0,,,,needs_manual_review,No gambling-list match and no Tranco match,5,joypang-0907.com,,,,,False,,,False
festival.sg8.casino,0,1.0,confirmed_gambling,Block List Project,single_source,sg8.casino,Block List Project,1,,,,1,19,1,2,2,0,0,3.6818808028034025,0,0.0,0,0,1,81399.0,sg8.casino,parent_domain,confirmed_gambling,Already confirmed by gambling blocklist/manual research,99,festival.sg8.casino,,,,,False,1,external gambling verification,False
extraspel.com,0,1.0,confirmed_gambling,Block List Project,single_source,extraspel.com,Block List Project,1,,,,0,13,0,1,1,0,0,3.546593564294939,0,5602.0,1,0,0,,,,confirmed_gambling,Already confirmed by gambling blocklist/manual research,99,extraspel.com,,,,,False,1,external gambling verification,False
betmaster.eu,0,1.0,confirmed_gambling,Block List Project,single_source,betmaster.eu,Block List Project,1,,,,1,12,0,1,1,0,0,3.0220552088742005,0,0.0,0,1,1,,,,confirmed_gambling,Already confirmed by gambling blocklist/manual research,99,betmaster.eu,,,,,False,1,external gambling verification,False
winz.ph,0,,priority_review,,,,,0,,,,1,7,0,1,1,0,0,2.807354922057604,0,0.0,0,0,1,,,,priority_gambling_review,Contains gambling-related keyword,3,winz.ph,,,,,False,,,False
scorchingslots.com,0,1.0,confirmed_gambling,Block List Project,single_source,scorchingslots.com,Block List Project,1,,,,1,18,0,1,1,0,0,3.377443751081734,0,3540.0,1,1,1,,,,confirmed_gambling,Already confirmed by gambling blocklist/manual research,99,scorchingslots.com,,,,,False,1,external gambling verification,False
wowgames.ph,0,,needs_review,,,,,0,,,,0,11,0,1,1,0,0,3.277613436819116,0,0.0,0,1,1,,,,needs_manual_review,No gambling-list match and no Tranco match,5,wowgames.ph,,,,,False,,,False
bstar.ph,0,,needs_review,,,,,0,,,,0,8,0,1,1,0,0,3.0,0,0.0,0,0,1,,,,needs_manual_review,No gambling-list match and no Tranco match,5,bstar.ph,,,,,False,,,False
wowgames.vip,0,,needs_review,,,,,0,,,,0,12,0,1,1,0,0,3.4182958340544896,0,653.0,1,1,1,,,,needs_manual_review,No gambling-list match and no Tranco match,5,wowgames.vip,,,,,False,,,False
goldjapan-casino.com,1,,priority_review,,,,,0,,,,1,20,0,2,1,1,0,3.646439344671016,0,1055.0,1,0,0,,,,priority_gambling_review,Contains gambling-related keyword,3,goldjapan-casino.com,,,,,False,,,False
booming-games.com,0,,needs_review,,,,,0,,,,0,17,0,2,1,1,0,3.4104172527605194,0,4191.0,1,0,1,162964.0,booming-games.com,exact,weak_benign_candidate,Appears in Tranco Top 1M,4,booming-games.com,,,,,False,,,False
20winpkr.com,1,1.0,confirmed_gambling,Block List Project,single_source,20winpkr.com,Block List Project,1,,,,1,12,2,1,1,0,0,3.584962500721156,0,951.0,1,0,1,,,,confirmed_gambling,Already confirmed by gambling blocklist/manual research,99,20winpkr.com,,,,,False,1,external gambling verification,False
70bet.com,1,1.0,confirmed_gambling,Block List Project,single_source,70bet.com,Block List Project,1,,,,1,9,2,1,1,0,0,3.169925001442312,0,4617.0,1,1,1,601197.0,70bet.com,exact,confirmed_gambling,Already confirmed by gambling blocklist/manual research,99,70bet.com,,,,,False,1,external gambling verification,False
7stargaming.com,1,,needs_review,,,,,0,,,,0,15,1,1,1,0,0,3.506890595608519,0,400.0,1,0,1,,,,needs_manual_review,No gambling-list match and no Tranco match,5,7stargaming.com,,,,,False,,,False
aiusbnalhgmigljranigqrvdtgqgbufwhjbet.blogspot.com,1,,priority_review,,,,,0,,,,1,50,0,2,2,0,0,4.338171939471839,0,0.0,0,1,1,101.0,blogspot.com,parent_domain,priority_gambling_review,Contains gambling-related keyword,3,aiusbnalhgmigljranigqrvdtgqgbufwhjbet.blogspot.com,,,,,False,,,False
luckyclub.ph,0,,needs_review,,,,,0,,,,0,12,0,1,1,0,0,3.084962500721156,0,0.0,0,1,1,,,,needs_manual_review,No gambling-list match and no Tranco match,5,luckyclub.ph,,,,,False,,,False
vie.bet,0,1.0,confirmed_gambling,"Block List Project, UT1 Gambling",multi_source,vie.bet,"Block List Project, UT1 Gambling",2,,,,1,7,0,1,1,0,0,2.521640636343318,0,0.0,0,1,1,,,,confirmed_gambling,Already confirmed by gambling blocklist/manual research,99,vie.bet,,,,,False,1,external gambling verification,False
cashed.com,1,1.0,confirmed_gambling,Block List Project,single_source,cashed.com,Block List Project,1,,,,0,10,0,1,1,0,0,3.1219280948873624,0,9620.0,1,0,1,,,,confirmed_gambling,Already confirmed by gambling blocklist/manual research,99,cashed.com,,,,,False,1,external gambling verification,False
mobilespin.com,0,,needs_review,,,,,0,,,,0,14,0,1,1,0,0,3.378783493486176,0,7761.0,1,1,1,,,,needs_manual_review,No gambling-list match and no Tranco match,5,mobilespin.com,,,,,False,,,False
slot-bonus-365.buzz,1,,priority_review,,,,,0,,,,1,19,3,3,1,1,0,3.616348566075165,0,0.0,0,0,0,,,,priority_gambling_review,Contains gambling-related keyword,3,slot-bonus-365.buzz,,,,,False,,,False
bet-verify-365.live,1,,priority_review,,,,,0,,,,1,19,3,3,1,1,0,3.6818808028034025,0,0.0,0,0,0,,,,priority_gambling_review,Contains gambling-related keyword,3,bet-verify-365.live,,,,,False,,,False
reblz.com,0,1.0,confirmed_gambling,Block List Project,single_source,reblz.com,Block List Project,1,,,,0,9,0,1,1,0,0,3.169925001442312,0,2005.0,1,1,1,,,,confirmed_gambling,Already confirmed by gambling blocklist/manual research,99,reblz.com,,,,,False,1,external gambling verification,False
slot-win-888.online,1,,priority_review,,,,,0,,,,1,19,3,3,1,1,0,3.326360407952694,1,0.0,0,0,0,,,,priority_gambling_review,Contains gambling-related keyword,3,slot-win-888.online,,,,,False,,,False
golden.nebula-ent.com,1,,needs_review,,,,,0,,,,0,21,0,3,2,1,0,3.6537567082870015,0,9371.0,1,0,0,,,,needs_manual_review,No gambling-list match and no Tranco match,5,golden.nebula-ent.com,,,,,False,,,False
aplay.mt,0,,needs_review,,,,,0,,,,0,8,0,1,1,0,0,2.75,0,0.0,0,0,1,,,,needs_manual_review,No gambling-list match and no Tranco match,5,aplay.mt,,,,,False,,,False
jcasino.club,1,,priority_review,,,,,0,,,,1,12,0,1,1,0,0,3.4182958340544896,1,0.0,0,0,0,,,,priority_gambling_review,Contains gambling-related keyword,3,jcasino.club,,,,,False,,,False
lotusbook.io,1,1.0,confirmed_gambling,Block List Project,single_source,lotusbook.io,Block List Project,1,,,,0,12,0,1,1,0,0,2.9182958340544896,0,2587.0,1,1,1,,,,confirmed_gambling,Already confirmed by gambling blocklist/manual research,99,lotusbook.io,,,,,False,1,external gambling verification,False
happybingo.ph,0,1.0,confirmed_gambling,Block List Project,single_source,happybingo.ph,Block List Project,1,,,,0,13,0,1,1,0,0,3.180832987205441,0,0.0,0,1,1,739115.0,happybingo.ph,exact,confirmed_gambling,Already confirmed by gambling blocklist/manual research,99,happybingo.ph,,,,,False,1,external gambling verification,False
blingwin.com,0,1.0,confirmed_gambling,Block List Project,single_source,blingwin.com,Block List Project,1,,,,1,12,0,1,1,0,0,3.2516291673878226,0,6.0,1,0,1,,,,confirmed_gambling,Already confirmed by gambling blocklist/manual research,99,blingwin.com,,,,,False,1,external gambling verification,False
luckypence.com,0,,needs_review,,,,,0,,,,0,14,0,1,1,0,0,3.3248629576173565,0,2676.0,1,1,1,,,,needs_manual_review,No gambling-list match and no Tranco match,5,luckypence.com,,,,,False,,,False
betgoodwin.co.uk,0,1.0,confirmed_gambling,Block List Project,single_source,betgoodwin.co.uk,Block List Project,1,,,,1,16,0,2,2,0,0,3.577819531114783,0,3791.0,1,0,1,280062.0,betgoodwin.co.uk,exact,confirmed_gambling,Already confirmed by gambling blocklist/manual research,99,betgoodwin.co.uk,,,,,False,1,external gambling verification,False
bwin8998.com,1,,priority_review,,,,,0,,,,1,12,4,1,1,0,0,3.2516291673878226,0,0.0,0,0,0,,,,priority_gambling_review,Contains gambling-related keyword,3,bwin8998.com,,,,,False,,,False
sprush.ph,0,,needs_review,,,,,0,,,,0,9,0,1,1,0,0,2.5032583347756456,0,0.0,0,0,1,,,,needs_manual_review,No gambling-list match and no Tranco match,5,sprush.ph,,,,,False,,,False
poker-secure-24.site,1,,needs_review,,,,,0,,,,0,20,2,3,1,1,0,3.6219280948873616,1,0.0,0,0,0,,,,needs_manual_review,No gambling-list match and no Tranco match,5,poker-secure-24.site,,,,,False,,,False
nj.partypoker.com,0,1.0,confirmed_gambling,"Block List Project, UT1 Gambling",multi_source,partypoker.com,"Block List Project, UT1 Gambling",2,,,,0,17,0,2,2,0,0,3.616874605956222,0,9732.0,1,0,1,19557.0,partypoker.com,parent_domain,confirmed_gambling,Already confirmed by gambling blocklist/manual research,99,nj.partypoker.com,,,,,False,1,external gambling verification,False
redrakegaming.com,0,,needs_review,,,,,0,,,,0,17,0,1,1,0,0,3.4992275471326924,0,3862.0,1,0,1,168742.0,redrakegaming.com,exact,weak_benign_candidate,Appears in Tranco Top 1M,4,redrakegaming.com,,,,,False,,,False
betstars888.com,1,,priority_review,,,,,0,,,,1,15,3,1,1,0,0,3.323231428797621,0,0.0,0,0,0,,,,priority_gambling_review,Contains gambling-related keyword,3,betstars888.com,,,,,False,,,False
portybetadder1048.weebly.com,1,,priority_review,,,,,0,,,,1,28,4,2,2,0,0,4.021640636343318,0,7319.0,1,1,1,344.0,weebly.com,parent_domain,priority_gambling_review,Contains gambling-related keyword,3,portybetadder1048.weebly.com,,,,,False,,,False
olaspill.com,0,1.0,confirmed_gambling,Block List Project,single_source,olaspill.com,Block List Project,1,,,,0,12,0,1,1,0,0,3.0220552088742005,0,3624.0,1,1,1,,,,confirmed_gambling,Already confirmed by gambling blocklist/manual research,99,olaspill.com,,,,,False,1,external gambling verification,False
wowgames.net,0,,needs_review,,,,,0,,,,0,12,0,1,1,0,0,3.2516291673878226,0,529.0,1,1,1,,,,needs_manual_review,No gambling-list match and no Tranco match,5,wowgames.net,,,,,False,,,False
getlucky.com,0,1.0,confirmed_gambling,Block List Project,single_source,getlucky.com,Block List Project,1,,,,0,12,0,1,1,0,0,3.4182958340544896,0,9547.0,1,1,1,636883.0,getlucky.com,exact,confirmed_gambling,Already confirmed by gambling blocklist/manual research,99,getlucky.com,,,,,False,1,external gambling verification,False
casino.boylesports.com,0,1.0,confirmed_gambling,"Block List Project, UT1 Gambling",multi_source,boylesports.com,"Block List Project, UT1 Gambling",2,,,,1,22,0,2,2,0,0,3.697845823084412,0,9117.0,1,0,1,34760.0,boylesports.com,parent_domain,confirmed_gambling,Already confirmed by gambling blocklist/manual research,99,casino.boylesports.com,,,,,False,1,external gambling verification,False
joy-casino24.cc,1,,priority_review,,,,,0,,,,1,15,2,2,1,1,0,3.456564762130954,0,0.0,0,0,0,,,,priority_gambling_review,Contains gambling-related keyword,3,joy-casino24.cc,,,,,False,,,False
kingcasino.com,0,1.0,confirmed_gambling,"Block List Project, UT1 Gambling",multi_source,kingcasino.com,"Block List Project, UT1 Gambling",2,,,,1,14,0,1,1,0,0,3.235926350629033,0,10062.0,1,1,1,370829.0,kingcasino.com,exact,confirmed_gambling,Already confirmed by gambling blocklist/manual research,99,kingcasino.com,,,,,False,1,external gambling verification,False
fortuneworld.ph,0,,needs_review,,,,,0,,,,0,15,0,1,1,0,0,3.640223928941852,0,0.0,0,0,0,,,,needs_manual_review,No gambling-list match and no Tranco match,5,fortuneworld.ph,,,,,False,,,False
fml1.com,1,,needs_review,,,,,0,,,,0,8,1,1,1,0,0,2.75,0,586.0,1,0,0,,,,needs_manual_review,No gambling-list match and no Tranco match,5,fml1.com,,,,,False,,,False
betocean.com,0,,priority_review,,,,,0,,,,1,12,0,1,1,0,0,3.084962500721156,0,3972.0,1,1,1,,,,priority_gambling_review,Contains gambling-related keyword,3,betocean.com,,,,,False,,,False
mgame.com,0,,needs_review,,,,,0,,,,0,9,0,1,1,0,0,2.6416041678685938,0,9650.0,1,1,1,197018.0,mgame.com,exact,weak_benign_candidate,Appears in Tranco Top 1M,4,mgame.com,0.0,verified,official website,Conventional online gaming portal,False,0,manual verification,False
voodoodreams.com,0,1.0,confirmed_gambling,Block List Project,single_source,voodoodreams.com,Block List Project,1,,,,0,16,0,1,1,0,0,3.024397470347699,0,5580.0,1,1,1,327409.0,voodoodreams.com,exact,confirmed_gambling,Already confirmed by gambling blocklist/manual research,99,voodoodreams.com,,,,,False,1,external gambling verification,False
s5casino.ph,0,1.0,confirmed_gambling,"Block List Project, UT1 Gambling",multi_source,s5casino.ph,"Block List Project, UT1 Gambling",2,,,,1,11,1,1,1,0,0,3.277613436819116,0,0.0,0,0,1,829010.0,s5casino.ph,exact,confirmed_gambling,Already confirmed by gambling blocklist/manual research,99,s5casino.ph,,,,,False,1,external gambling verification,False
slotzo.com,0,1.0,confirmed_gambling,Block List Project,single_source,slotzo.com,Block List Project,1,,,,1,10,0,1,1,0,0,2.8464393446710154,0,3018.0,1,0,1,,,,confirmed_gambling,Already confirmed by gambling blocklist/manual research,99,slotzo.com,,,,,False,1,external gambling verification,False
casumo.com,0,1.0,confirmed_gambling,Block List Project,single_source,casumo.com,Block List Project,1,,,,0,10,0,1,1,0,0,2.721928094887362,0,5511.0,1,1,1,50757.0,casumo.com,exact,confirmed_gambling,Already confirmed by gambling blocklist/manual research,99,casumo.com,,,,,False,1,external gambling verification,False
winzir.com,0,1.0,confirmed_gambling,Block List Project,single_source,winzir.com,Block List Project,1,,,,1,10,0,1,1,0,0,3.1219280948873624,0,1507.0,1,1,1,,,,confirmed_gambling,Already confirmed by gambling blocklist/manual research,99,winzir.com,,,,,False,1,external gambling verification,False
poker-secure-365.win,1,,priority_review,,,,,0,,,,1,20,3,3,1,1,0,3.884183719779189,0,0.0,0,0,0,,,,priority_gambling_review,Contains gambling-related keyword,3,poker-secure-365.win,,,,,False,,,False
blingwin.link,0,,priority_review,,,,,0,,,,1,13,0,1,1,0,0,2.815072410115944,0,0.0,0,0,1,,,,priority_gambling_review,Contains gambling-related keyword,3,blingwin.link,,,,,False,,,False
m.hollywoodbets.co.uk,0,1.0,confirmed_gambling,"Block List Project, UT1 Gambling",multi_source,hollywoodbets.co.uk,"Block List Project, UT1 Gambling",2,,,,1,21,0,3,3,0,0,3.6897037321995474,0,3713.0,1,0,0,312396.0,hollywoodbets.co.uk,parent_domain,confirmed_gambling,Already confirmed by gambling blocklist/manual research,99,m.hollywoodbets.co.uk,,,,,False,1,external gambling verification,False
deskwin.com,0,,priority_review,,,,,0,,,,1,11,0,1,1,0,0,3.4594316186372973,0,2123.0,1,1,1,,,,priority_gambling_review,Contains gambling-related keyword,3,deskwin.com,,,,,False,,,False
aud1m.com,1,,needs_review,,,,,0,,,,0,9,1,1,1,0,0,2.94770277922009,0,0.0,0,0,1,,,,needs_manual_review,No gambling-list match and no Tranco match,5,aud1m.com,,,,,False,,,False
hawkgamingph.com,0,1.0,confirmed_gambling,Block List Project,single_source,hawkgamingph.com,Block List Project,1,,,,0,16,0,1,1,0,0,3.5,0,0.0,0,0,1,,,,confirmed_gambling,Already confirmed by gambling blocklist/manual research,99,hawkgamingph.com,,,,,False,1,external gambling verification,False
hippodromecasino.com,0,1.0,confirmed_gambling,"Block List Project, UT1 Gambling",multi_source,hippodromecasino.com,"Block List Project, UT1 Gambling",2,,,,1,20,0,1,1,0,0,3.521928094887363,0,7781.0,1,1,1,421648.0,hippodromecasino.com,exact,confirmed_gambling,Already confirmed by gambling blocklist/manual research,99,hippodromecasino.com,,,,,False,1,external gambling verification,False
heloboet138,1,,needs_review,,,,,0,,,,0,11,3,0,0,0,0,3.095795255000934,0,0.0,0,0,0,,,,needs_manual_review,No gambling-list match and no Tranco match,5,heloboet138,,,,,False,,,False
666casino.com,0,1.0,confirmed_gambling,"Block List Project, UT1 Gambling",multi_source,666casino.com,"Block List Project, UT1 Gambling",2,,,,1,13,3,1,1,0,0,3.026986833359288,0,4856.0,1,1,1,274720.0,666casino.com,exact,confirmed_gambling,Already confirmed by gambling blocklist/manual research,99,666casino.com,,,,,False,1,external gambling verification,False
slotsanimal.com,0,1.0,confirmed_gambling,Block List Project,single_source,slotsanimal.com,Block List Project,1,,,,1,15,0,1,1,0,0,3.240223928941852,0,3021.0,1,1,1,,,,confirmed_gambling,Already confirmed by gambling blocklist/manual research,99,slotsanimal.com,,,,,False,1,external gambling verification,False
ladbrokes.com,0,1.0,confirmed_gambling,"Block List Project, UT1 Gambling",multi_source,ladbrokes.com,"Block List Project, UT1 Gambling",2,,,,0,13,0,1,1,0,0,3.546593564294939,0,10295.0,1,0,1,4816.0,ladbrokes.com,exact,confirmed_gambling,Already confirmed by gambling blocklist/manual research,99,ladbrokes.com,,,,,False,1,external gambling verification,False
god55sg6.net,1,,needs_review,,,,,0,,,,0,12,3,1,1,0,0,3.2516291673878226,0,885.0,1,1,1,,,,needs_manual_review,No gambling-list match and no Tranco match,5,god55sg6.net,,,,,False,,,False
prizewin.ph,0,,priority_review,,,,,0,,,,1,11,0,1,1,0,0,3.095795255000934,0,0.0,0,1,1,,,,priority_gambling_review,Contains gambling-related keyword,3,prizewin.ph,,,,,False,,,False
caesarspalaceonline.com,0,1.0,confirmed_gambling,Block List Project,single_source,caesarspalaceonline.com,Block List Project,1,,,,0,23,0,1,1,0,0,3.4144413036949723,0,1471.0,1,0,1,235358.0,caesarspalaceonline.com,exact,confirmed_gambling,Already confirmed by gambling blocklist/manual research,99,caesarspalaceonline.com,,,,,False,1,external gambling verification,False
butterflybingo.com,0,1.0,confirmed_gambling,Block List Project,single_source,butterflybingo.com,Block List Project,1,,,,0,18,0,1,1,0,0,3.836591668108978,0,4852.0,1,1,1,,,,confirmed_gambling,Already confirmed by gambling blocklist/manual research,99,butterflybingo.com,,,,,False,1,external gambling verification,False
slot-free-365.online,1,,priority_review,,,,,0,,,,1,20,3,3,1,1,0,3.684183719779189,1,0.0,0,0,0,,,,priority_gambling_review,Contains gambling-related keyword,3,slot-free-365.online,,,,,False,,,False
luckpot.ph,0,1.0,confirmed_gambling,Block List Project,single_source,luckpot.ph,Block List Project,1,,,,0,10,0,1,1,0,0,3.1219280948873624,0,0.0,0,0,1,,,,confirmed_gambling,Already confirmed by gambling blocklist/manual research,99,luckpot.ph,,,,,False,1,external gambling verification,False
cherrywins.com,0,,priority_review,,,,,0,,,,1,14,0,1,1,0,0,3.521640636343318,0,3090.0,1,1,1,,,,priority_gambling_review,Contains gambling-related keyword,3,cherrywins.com,,,,,False,,,False
fortunepub.com,1,,needs_review,,,,,0,,,,0,14,0,1,1,0,0,3.521640636343318,0,828.0,1,1,1,,,,needs_manual_review,No gambling-list match and no Tranco match,5,fortunepub.com,,,,,False,,,False
okadaonlinecasino.com,0,1.0,confirmed_gambling,Block List Project,single_source,okadaonlinecasino.com,Block List Project,1,,,,1,21,0,1,1,0,0,3.3680424225727155,0,1698.0,1,1,1,816573.0,okadaonlinecasino.com,exact,confirmed_gambling,Already confirmed by gambling blocklist/manual research,99,okadaonlinecasino.com,,,,,False,1,external gambling verification,False
onelottery.co.uk,0,,needs_review,,,,,0,,,,0,16,0,2,2,0,0,3.327819531114783,0,2413.0,1,0,1,,,,needs_manual_review,No gambling-list match and no Tranco match,5,onelottery.co.uk,,,,,False,,,False
slotsaces.net,1,,priority_review,,,,,0,,,,1,13,0,1,1,0,0,3.026986833359288,0,898.0,1,0,1,,,,priority_gambling_review,Contains gambling-related keyword,3,slotsaces.net,,,,,False,,,False
dragonaracasino.com,0,,priority_review,,,,,0,,,,1,19,0,1,1,0,0,3.260828171224456,0,6013.0,1,0,1,,,,priority_gambling_review,Contains gambling-related keyword,3,dragonaracasino.com,,,,,False,,,False
casiwinner.com,1,1.0,confirmed_gambling,Block List Project,single_source,casiwinner.com,Block List Project,1,,,,1,14,0,1,1,0,0,3.378783493486176,0,444.0,1,1,1,,,,confirmed_gambling,Already confirmed by gambling blocklist/manual research,99,casiwinner.com,,,,,False,1,external gambling verification,False
amusnet.hr,0,,needs_review,,,,,0,,,,0,10,0,1,1,0,0,3.321928094887362,0,1509.0,1,1,1,,,,needs_manual_review,No gambling-list match and no Tranco match,5,amusnet.hr,,,,,False,,,False
blogjb3919.com,1,,needs_review,,,,,0,,,,0,14,4,1,1,0,0,3.378783493486176,0,1387.0,1,0,1,,,,needs_manual_review,No gambling-list match and no Tranco match,5,blogjb3919.com,,,,,False,,,False
hacksawgaming.com,0,1.0,confirmed_gambling,"Block List Project, UT1 Gambling",multi_source,hacksawgaming.com,"Block List Project, UT1 Gambling",2,,,,0,17,0,1,1,0,0,3.4548223999466057,0,3062.0,1,0,1,33494.0,hacksawgaming.com,exact,confirmed_gambling,Already confirmed by gambling blocklist/manual research,99,hacksawgaming.com,,,,,False,1,external gambling verification,False
royale-casino.net,1,1.0,confirmed_gambling,Block List Project,single_source,royale-casino.net,Block List Project,1,,,,1,17,0,2,1,1,0,3.616874605956222,0,775.0,1,1,1,,,,confirmed_gambling,Already confirmed by gambling blocklist/manual research,99,royale-casino.net,,,,,False,1,external gambling verification,False
hippodromeonline.com,0,1.0,confirmed_gambling,Block List Project,single_source,hippodromeonline.com,Block List Project,1,,,,0,20,0,1,1,0,0,3.4219280948873627,0,5967.0,1,0,1,387583.0,hippodromeonline.com,exact,confirmed_gambling,Already confirmed by gambling blocklist/manual research,99,hippodromeonline.com,,,,,False,1,external gambling verification,False
24pokies5.com,1,,needs_review,,,,,0,,,,0,13,3,1,1,0,0,3.546593564294939,0,0.0,0,0,0,,,,needs_manual_review,No gambling-list match and no Tranco match,5,24pokies5.com,,,,,False,,,False
juanace.ph,0,,needs_review,,,,,0,,,,0,10,0,1,1,0,0,3.1219280948873624,0,0.0,0,1,1,,,,needs_manual_review,No gambling-list match and no Tranco match,5,juanace.ph,,,,,False,,,False
casinoper790.com,1,1.0,confirmed_gambling,UT1 Gambling,single_source,casinoper790.com,UT1 Gambling,1,,,,1,16,3,1,1,0,0,3.75,0,0.0,0,0,1,,,,confirmed_gambling,Already confirmed by gambling blocklist/manual research,99,casinoper790.com,,,,,False,1,external gambling verification,False
kaisarpteir.net,1,,needs_review,,,,,0,,,,0,15,0,1,1,0,0,3.240223928941852,0,0.0,0,0,0,,,,needs_manual_review,No gambling-list match and no Tranco match,5,kaisarpteir.net,,,,,False,,,False
pokerstars.uk,0,1.0,confirmed_gambling,Block List Project,single_source,pokerstars.uk,Block List Project,1,,,,0,13,0,1,1,0,0,3.238901256602631,0,4322.0,1,0,1,155733.0,pokerstars.uk,exact,confirmed_gambling,Already confirmed by gambling blocklist/manual research,99,pokerstars.uk,,,,,False,1,external gambling verification,False
fairbahis10.com,1,,needs_review,,,,,0,,,,0,15,2,1,1,0,0,3.640223928941852,0,0.0,0,0,0,,,,needs_manual_review,No gambling-list match and no Tranco match,5,fairbahis10.com,,,,,False,,,False
luckyfuel.com,0,1.0,confirmed_gambling,Block List Project,single_source,luckyfuel.com,Block List Project,1,,,,0,13,0,1,1,0,0,3.238901256602631,0,2222.0,1,1,1,,,,confirmed_gambling,Already confirmed by gambling blocklist/manual research,99,luckyfuel.com,,,,,False,1,external gambling verification,False
numerouno.com.ph,0,,needs_review,,,,,0,,,,0,16,0,2,2,0,0,3.202819531114783,0,0.0,0,0,1,,,,needs_manual_review,No gambling-list match and no Tranco match,5,numerouno.com.ph,,,,,False,,,False
bygame.com,0,,needs_review,,,,,0,,,,0,10,0,1,1,0,0,3.1219280948873624,0,9108.0,1,1,1,,,,needs_manual_review,No gambling-list match and no Tranco match,5,bygame.com,,,,,False,,,False
1x-bet.co,1,,priority_review,,,,,0,,,,1,9,1,2,1,1,0,3.169925001442312,0,275.0,1,0,0,,,,priority_gambling_review,Contains gambling-related keyword,3,1x-bet.co,,,,,False,,,False
winzir.ph,0,1.0,confirmed_gambling,Block List Project,single_source,winzir.ph,Block List Project,1,,,,1,9,0,1,1,0,0,2.94770277922009,0,0.0,0,1,1,71814.0,winzir.ph,exact,confirmed_gambling,Already confirmed by gambling blocklist/manual research,99,winzir.ph,,,,,False,1,external gambling verification,False
giantspins.com,0,1.0,confirmed_gambling,Block List Project,single_source,giantspins.com,Block List Project,1,,,,0,14,0,1,1,0,0,3.378783493486176,0,2825.0,1,1,1,,,,confirmed_gambling,Already confirmed by gambling blocklist/manual research,99,giantspins.com,,,,,False,1,external gambling verification,False
poker-free-24.win,1,,priority_review,,,,,0,,,,1,17,2,3,1,1,0,3.572469458770135,0,0.0,0,0,0,,,,priority_gambling_review,Contains gambling-related keyword,3,poker-free-24.win,,,,,False,,,False
bwin.com,0,1.0,confirmed_gambling,"Block List Project, UT1 Gambling",multi_source,bwin.com,"Block List Project, UT1 Gambling",2,,,,1,8,0,1,1,0,0,3.0,0,8409.0,1,0,1,18287.0,bwin.com,exact,confirmed_gambling,Already confirmed by gambling blocklist/manual research,99,bwin.com,,,,,False,1,external gambling verification,False
playsg8.com,0,,needs_review,,,,,0,,,,0,11,1,1,1,0,0,3.4594316186372973,0,274.0,1,1,1,,,,needs_manual_review,No gambling-list match and no Tranco match,5,playsg8.com,,,,,False,,,False
caletagaming.com,0,,needs_review,,,,,0,,,,0,16,0,1,1,0,0,3.327819531114783,0,4684.0,1,1,1,,,,needs_manual_review,No gambling-list match and no Tranco match,5,caletagaming.com,,,,,False,,,False
smarkets.com,0,1.0,confirmed_gambling,Block List Project,single_source,smarkets.com,Block List Project,1,,,,0,12,0,1,1,0,0,3.2516291673878226,0,7510.0,1,0,1,129283.0,smarkets.com,exact,confirmed_gambling,Already confirmed by gambling blocklist/manual research,99,smarkets.com,,,,,False,1,external gambling verification,False
filplay.com,0,,needs_review,,,,,0,,,,0,11,0,1,1,0,0,3.277613436819116,0,1578.0,1,1,1,,,,needs_manual_review,No gambling-list match and no Tranco match,5,filplay.com,,,,,False,,,False
hawkgaming.ph,0,,needs_review,,,,,0,,,,0,13,0,1,1,0,0,3.238901256602631,0,0.0,0,0,0,,,,needs_manual_review,No gambling-list match and no Tranco match,5,hawkgaming.ph,,,,,False,,,False
xlbet.com,0,1.0,confirmed_gambling,"Block List Project, UT1 Gambling",multi_source,xlbet.com,"Block List Project, UT1 Gambling",2,,,,1,9,0,1,1,0,0,3.169925001442312,0,7810.0,1,0,1,,,,confirmed_gambling,Already confirmed by gambling blocklist/manual research,99,xlbet.com,,,,,False,1,external gambling verification,False
amusnet.it,0,,needs_review,,,,,0,,,,0,10,0,1,1,0,0,3.1219280948873624,0,1506.0,1,1,1,,,,needs_manual_review,No gambling-list match and no Tranco match,5,amusnet.it,,,,,False,,,False
bnrurabetegt.biz.site,1,,priority_review,,,,,0,,,,1,21,0,2,2,0,0,3.4273334938982645,1,1996.0,1,0,0,,,,priority_gambling_review,Contains gambling-related keyword,3,bnrurabetegt.biz.site,,,,,False,,,False
betovis.com,1,1.0,confirmed_gambling,Block List Project,single_source,betovis.com,Block List Project,1,,,,1,11,0,1,1,0,0,3.277613436819116,0,2010.0,1,0,1,,,,confirmed_gambling,Already confirmed by gambling blocklist/manual research,99,betovis.com,,,,,False,1,external gambling verification,False
blingwin.net,0,,priority_review,,,,,0,,,,1,12,0,1,1,0,0,3.0220552088742005,0,0.0,0,0,1,,,,priority_gambling_review,Contains gambling-related keyword,3,blingwin.net,,,,,False,,,False
gamxsports.com.ph,0,,needs_review,,,,,0,,,,0,17,0,2,2,0,0,3.4992275471326924,0,0.0,0,0,1,,,,needs_manual_review,No gambling-list match and no Tranco match,5,gamxsports.com.ph,,,,,False,,,False
m.betboro.co.uk,0,,priority_review,,,,,0,,,,1,15,0,3,3,0,0,3.139572261986723,0,3806.0,1,1,1,,,,priority_gambling_review,Contains gambling-related keyword,3,m.betboro.co.uk,,,,,False,,,False
cockfightbet.cc,1,,priority_review,,,,,0,,,,1,15,0,1,1,0,0,3.240223928941852,0,1910.0,1,0,1,,,,priority_gambling_review,Contains gambling-related keyword,3,cockfightbet.cc,,,,,False,,,False
coral.co.uk,0,1.0,confirmed_gambling,"Block List Project, UT1 Gambling",multi_source,coral.co.uk,"Block List Project, UT1 Gambling",2,,,,0,11,0,2,2,0,0,2.913977073182752,0,10846.0,1,0,1,12177.0,coral.co.uk,exact,confirmed_gambling,Already confirmed by gambling blocklist/manual research,99,coral.co.uk,,,,,False,1,external gambling verification,False
option888.com,1,,needs_review,,,,,0,,,,0,13,3,1,1,0,0,2.9689185639620974,0,4378.0,1,1,1,,,,needs_manual_review,No gambling-list match and no Tranco match,5,option888.com,,,,,False,,,False
bybet.co,0,,priority_review,,,,,0,,,,1,8,0,1,1,0,0,2.75,0,566.0,1,1,1,,,,priority_gambling_review,Contains gambling-related keyword,3,bybet.co,,,,,False,,,False
solaireonline.com,0,1.0,confirmed_gambling,Block List Project,single_source,solaireonline.com,Block List Project,1,,,,0,17,0,1,1,0,0,3.3371753411230767,0,3389.0,1,1,1,505704.0,solaireonline.com,exact,confirmed_gambling,Already confirmed by gambling blocklist/manual research,99,solaireonline.com,,,,,False,1,external gambling verification,False
win-free-777.vip,1,,priority_review,,,,,0,,,,1,16,3,3,1,1,0,3.327819531114783,0,0.0,0,0,0,,,,priority_gambling_review,Contains gambling-related keyword,3,win-free-777.vip,,,,,False,,,False
okbet.game,0,1.0,confirmed_gambling,Block List Project,single_source,okbet.game,Block List Project,1,,,,1,10,0,1,1,0,0,3.1219280948873624,0,1512.0,1,1,1,,,,confirmed_gambling,Already confirmed by gambling blocklist/manual research,99,okbet.game,,,,,False,1,external gambling verification,False
malta-casino.com,1,,priority_review,,,,,0,,,,1,16,0,2,1,1,0,3.327819531114783,0,1880.0,1,1,1,,,,priority_gambling_review,Contains gambling-related keyword,3,malta-casino.com,,,,,False,,,False
luckytayasports.com,0,,needs_review,,,,,0,,,,0,19,0,1,1,0,0,3.616348566075165,0,276.0,1,1,1,,,,needs_manual_review,No gambling-list match and no Tranco match,5,luckytayasports.com,,,,,False,,,False
kaguraslot777.com,1,,priority_review,,,,,0,,,,1,17,3,1,1,0,0,3.572469458770135,0,0.0,0,0,1,,,,priority_gambling_review,Contains gambling-related keyword,3,kaguraslot777.com,,,,,False,,,False
12wincasino.net,1,,priority_review,,,,,0,,,,1,15,2,1,1,0,0,3.456564762130954,0,4092.0,1,1,1,,,,priority_gambling_review,Contains gambling-related keyword,3,12wincasino.net,,,,,False,,,False
poker-account-777.site,1,,priority_review,,,,,0,,,,1,22,3,3,1,1,0,3.788754913993503,1,0.0,0,0,0,,,,priority_gambling_review,Contains gambling-related keyword,3,poker-account-777.site,,,,,False,,,False
s5live.ph,0,,needs_review,,,,,0,,,,0,9,1,1,1,0,0,3.169925001442312,0,0.0,0,0,1,,,,needs_manual_review,No gambling-list match and no Tranco match,5,s5live.ph,,,,,False,,,False
mix4bet.ie,0,,priority_review,,,,,0,,,,1,10,1,1,1,0,0,2.9219280948873623,0,872.0,1,1,1,,,,priority_gambling_review,Contains gambling-related keyword,3,mix4bet.ie,,,,,False,,,False
paddypower.com,0,1.0,confirmed_gambling,"Block List Project, UT1 Gambling",multi_source,paddypower.com,"Block List Project, UT1 Gambling",2,,,,0,14,0,1,1,0,0,3.378783493486176,0,10127.0,1,0,1,5468.0,paddypower.com,exact,confirmed_gambling,Already confirmed by gambling blocklist/manual research,99,paddypower.com,,,,,False,1,external gambling verification,False
hunkybingo.com,0,1.0,confirmed_gambling,Block List Project,single_source,hunkybingo.com,Block List Project,1,,,,0,14,0,1,1,0,0,3.521640636343318,0,4222.0,1,1,1,,,,confirmed_gambling,Already confirmed by gambling blocklist/manual research,99,hunkybingo.com,,,,,False,1,external gambling verification,False
poker-login-888.win,1,,priority_review,,,,,0,,,,1,19,3,3,1,1,0,3.5766176449086657,0,0.0,0,0,0,,,,priority_gambling_review,Contains gambling-related keyword,3,poker-login-888.win,,,,,False,,,False
747ph.live,0,1.0,confirmed_gambling,Block List Project,single_source,747ph.live,Block List Project,1,,,,0,10,3,1,1,0,0,3.1219280948873624,0,0.0,0,1,1,73565.0,747ph.live,exact,confirmed_gambling,Already confirmed by gambling blocklist/manual research,99,747ph.live,,,,,False,1,external gambling verification,False
inplay.88play.ph,0,1.0,confirmed_gambling,Block List Project,single_source,88play.ph,Block List Project,1,,,,0,16,2,2,2,0,0,3.077819531114783,0,0.0,0,0,0,,,,confirmed_gambling,Already confirmed by gambling blocklist/manual research,99,inplay.88play.ph,,,,,False,1,external gambling verification,False
v8.com,1,,needs_review,,,,,0,,,,0,6,1,1,1,0,0,2.584962500721156,0,10182.0,1,1,1,,,,needs_manual_review,No gambling-list match and no Tranco match,5,v8.com,,,,,False,,,False
mobile.betboro.com,0,1.0,confirmed_gambling,Block List Project,single_source,betboro.com,Block List Project,1,,,,1,18,0,2,2,0,0,3.127986806877676,0,4603.0,1,1,1,152825.0,betboro.com,parent_domain,confirmed_gambling,Already confirmed by gambling blocklist/manual research,99,mobile.betboro.com,,,,,False,1,external gambling verification,False
kingvip.ph,0,,needs_review,,,,,0,,,,0,10,0,1,1,0,0,2.9219280948873623,0,0.0,0,0,1,,,,needs_manual_review,No gambling-list match and no Tranco match,5,kingvip.ph,,,,,False,,,False
olympusplay.com,1,,needs_review,,,,,0,,,,0,15,0,1,1,0,0,3.240223928941852,0,1798.0,1,1,1,,,,needs_manual_review,No gambling-list match and no Tranco match,5,olympusplay.com,,,,,False,,,False
god55sg3.org,1,,needs_review,,,,,0,,,,0,12,3,1,1,0,0,2.8553885422075336,0,1368.0,1,1,1,,,,needs_manual_review,No gambling-list match and no Tranco match,5,god55sg3.org,,,,,False,,,False
efc88.me,1,,needs_review,,,,,0,,,,0,8,2,1,1,0,0,2.5,0,1157.0,1,0,1,,,,needs_manual_review,No gambling-list match and no Tranco match,5,efc88.me,,,,,False,,,False
b-bets.com,0,1.0,confirmed_gambling,Block List Project,single_source,b-bets.com,Block List Project,1,,,,1,10,0,2,1,1,0,3.1219280948873624,0,4381.0,1,0,1,572728.0,b-bets.com,exact,confirmed_gambling,Already confirmed by gambling blocklist/manual research,99,b-bets.com,,,,,False,1,external gambling verification,False
alfobet.com,0,1.0,confirmed_gambling,"Block List Project, UT1 Gambling",multi_source,alfobet.com,"Block List Project, UT1 Gambling",2,,,,1,11,0,1,1,0,0,3.277613436819116,0,465.0,1,1,1,,,,confirmed_gambling,Already confirmed by gambling blocklist/manual research,99,alfobet.com,,,,,False,1,external gambling verification,False
lotus303.casino,1,,priority_review,,,,,0,,,,1,15,3,1,1,0,0,3.506890595608519,0,0.0,0,0,1,,,,priority_gambling_review,Contains gambling-related keyword,3,lotus303.casino,,,,,False,,,False
grandmondial.co.uk,0,1.0,confirmed_gambling,Block List Project,single_source,grandmondial.co.uk,Block List Project,1,,,,0,18,0,2,2,0,0,3.614369445886757,0,6873.0,1,1,1,,,,confirmed_gambling,Already confirmed by gambling blocklist/manual research,99,grandmondial.co.uk,,,,,False,1,external gambling verification,False
nitrocasino.com,0,1.0,confirmed_gambling,"Block List Project, UT1 Gambling",multi_source,nitrocasino.com,"Block List Project, UT1 Gambling",2,,,,1,15,0,1,1,0,0,3.1898980954642875,0,4218.0,1,0,1,930451.0,nitrocasino.com,exact,confirmed_gambling,Already confirmed by gambling blocklist/manual research,99,nitrocasino.com,,,,,False,1,external gambling verification,False
fcb500.com,1,,needs_review,,,,,0,,,,0,10,3,1,1,0,0,2.9219280948873623,0,0.0,0,0,0,,,,needs_manual_review,No gambling-list match and no Tranco match,5,fcb500.com,,,,,False,,,False
betuk.com,0,1.0,confirmed_gambling,"Block List Project, UT1 Gambling",multi_source,betuk.com,"Block List Project, UT1 Gambling",2,,,,1,9,0,1,1,0,0,3.169925001442312,0,9368.0,1,1,1,286053.0,betuk.com,exact,confirmed_gambling,Already confirmed by gambling blocklist/manual research,99,betuk.com,,,,,False,1,external gambling verification,False
loginyaris.store,1,,needs_review,,,,,0,,,,0,16,0,1,1,0,0,3.5,0,0.0,0,0,1,,,,needs_manual_review,No gambling-list match and no Tranco match,5,loginyaris.store,,,,,False,,,False
god55th3.com,1,,needs_review,,,,,0,,,,0,12,3,1,1,0,0,3.2516291673878226,0,885.0,1,1,1,,,,needs_manual_review,No gambling-list match and no Tranco match,5,god55th3.com,,,,,False,,,False
phoeniciancasino.eu,0,1.0,confirmed_gambling,Block List Project,single_source,phoeniciancasino.eu,Block List Project,1,,,,1,19,0,1,1,0,0,3.326360407952694,0,0.0,0,1,1,,,,confirmed_gambling,Already confirmed by gambling blocklist/manual research,99,phoeniciancasino.eu,,,,,False,1,external gambling verification,False
casino-jackpot-365.top,1,,priority_review,,,,,0,,,,1,22,3,3,1,1,0,3.788754913993503,1,0.0,0,0,0,,,,priority_gambling_review,Contains gambling-related keyword,3,casino-jackpot-365.top,,,,,False,,,False
playtime.com.ph,0,1.0,confirmed_gambling,Block List Project,single_source,playtime.com.ph,Block List Project,1,,,,0,15,0,2,2,0,0,3.506890595608519,0,0.0,0,1,1,,,,confirmed_gambling,Already confirmed by gambling blocklist/manual research,99,playtime.com.ph,,,,,False,1,external gambling verification,False
ww88xx.vip,1,1.0,confirmed_gambling,Block List Project,single_source,ww88xx.vip,Block List Project,1,,,,0,10,2,1,1,0,0,2.721928094887362,0,233.0,1,1,1,,,,confirmed_gambling,Already confirmed by gambling blocklist/manual research,99,ww88xx.vip,,,,,False,1,external gambling verification,False
partypoker.com,0,1.0,confirmed_gambling,"Block List Project, UT1 Gambling",multi_source,partypoker.com,"Block List Project, UT1 Gambling",2,,,,0,14,0,1,1,0,0,3.378783493486176,0,9732.0,1,0,1,19557.0,partypoker.com,exact,confirmed_gambling,Already confirmed by gambling blocklist/manual research,99,partypoker.com,,,,,False,1,external gambling verification,False
w88.com,1,1.0,confirmed_gambling,Block List Project,single_source,w88.com,Block List Project,1,,,,0,7,2,1,1,0,0,2.521640636343318,0,8411.0,1,0,1,,,,confirmed_gambling,Already confirmed by gambling blocklist/manual research,99,w88.com,,,,,False,1,external gambling verification,False
casinojefe.com,0,1.0,confirmed_gambling,Block List Project,single_source,casinojefe.com,Block List Project,1,,,,1,14,0,1,1,0,0,3.378783493486176,0,4147.0,1,1,1,,,,confirmed_gambling,Already confirmed by gambling blocklist/manual research,99,casinojefe.com,,,,,False,1,external gambling verification,False
4crownscasino1.com,1,1.0,confirmed_gambling,Block List Project,single_source,4crownscasino1.com,Block List Project,1,,,,1,18,2,1,1,0,0,3.4193819456463714,0,0.0,0,1,1,,,,confirmed_gambling,Already confirmed by gambling blocklist/manual research,99,4crownscasino1.com,,,,,False,1,external gambling verification,False
maisquebet.com,1,,priority_review,,,,,0,,,,1,14,0,1,1,0,0,3.521640636343318,0,0.0,0,0,0,,,,priority_gambling_review,Contains gambling-related keyword,3,maisquebet.com,,,,,False,,,False
cfg4.com,1,,needs_review,,,,,0,,,,0,8,1,1,1,0,0,2.75,0,1824.0,1,0,1,,,,needs_manual_review,No gambling-list match and no Tranco match,5,cfg4.com,,,,,False,,,False
panaloplay777.com,0,,priority_review,,,,,0,,,,1,17,3,1,1,0,0,3.175123135113461,0,509.0,1,0,0,,,,priority_gambling_review,Contains gambling-related keyword,3,panaloplay777.com,,,,,False,,,False
gullybet.com,1,1.0,confirmed_gambling,Block List Project,single_source,gullybet.com,Block List Project,1,,,,1,12,0,1,1,0,0,3.4182958340544896,0,1810.0,1,0,1,,,,confirmed_gambling,Already confirmed by gambling blocklist/manual research,99,gullybet.com,,,,,False,1,external gambling verification,False
bet-jackpot-888.xyz,1,,priority_review,,,,,0,,,,1,19,3,3,1,1,0,3.787143960698139,1,0.0,0,0,0,,,,priority_gambling_review,Contains gambling-related keyword,3,bet-jackpot-888.xyz,,,,,False,,,False
alivate.app,0,,needs_review,,,,,0,,,,0,11,0,1,1,0,0,2.8453509366224368,0,0.0,0,1,1,,,,needs_manual_review,No gambling-list match and no Tranco match,5,alivate.app,,,,,False,,,False
casino-secure-777.click,1,,priority_review,,,,,0,,,,1,23,3,3,1,1,0,3.621175542919471,0,0.0,0,0,0,,,,priority_gambling_review,Contains gambling-related keyword,3,casino-secure-777.click,,,,,False,,,False
verajohncasino.com,0,1.0,confirmed_gambling,"Block List Project, UT1 Gambling",multi_source,verajohncasino.com,"Block List Project, UT1 Gambling",2,,,,1,18,0,1,1,0,0,3.5724312513221195,0,5668.0,1,0,1,,,,confirmed_gambling,Already confirmed by gambling blocklist/manual research,99,verajohncasino.com,,,,,False,1,external gambling verification,False
sportybet-winningodd.weebly.com,1,,priority_review,,,,,0,,,,1,31,0,3,2,1,0,4.042433003725894,0,7319.0,1,0,0,344.0,weebly.com,parent_domain,priority_gambling_review,Contains gambling-related keyword,3,sportybet-winningodd.weebly.com,,,,,False,,,False
bahisnow,1,,needs_review,,,,,0,,,,0,8,0,0,0,0,0,3.0,0,0.0,0,0,0,,,,needs_manual_review,No gambling-list match and no Tranco match,5,bahisnow,,,,,False,,,False
ptgaming.ph,0,1.0,confirmed_gambling,Block List Project,single_source,ptgaming.ph,Block List Project,1,,,,0,11,0,1,1,0,0,3.095795255000934,0,0.0,0,1,1,1648.0,ptgaming.ph,exact,confirmed_gambling,Already confirmed by gambling blocklist/manual research,99,ptgaming.ph,,,,,False,1,external gambling verification,False
365winner.asia,1,,priority_review,,,,,0,,,,1,14,3,1,1,0,0,3.378783493486176,0,1058.0,1,0,1,,,,priority_gambling_review,Contains gambling-related keyword,3,365winner.asia,,,,,False,,,False
jbgame-99.com,1,,needs_review,,,,,0,,,,0,13,2,2,1,1,0,3.3927474104487847,0,849.0,1,1,1,,,,needs_manual_review,No gambling-list match and no Tranco match,5,jbgame-99.com,,,,,False,,,False
god55singapore.net,1,,needs_review,,,,,0,,,,0,18,2,1,1,0,0,3.614369445886757,0,171.0,1,1,1,,,,needs_manual_review,No gambling-list match and no Tranco match,5,god55singapore.net,,,,,False,,,False
happybingo.games,0,,needs_review,,,,,0,,,,0,16,0,1,1,0,0,3.625,0,0.0,0,1,1,,,,needs_manual_review,No gambling-list match and no Tranco match,5,happybingo.games,,,,,False,,,False
affiliates.winzir.com,0,1.0,confirmed_gambling,Block List Project,single_source,winzir.com,Block List Project,1,,,,1,21,0,2,2,0,0,3.7256507561120937,0,1507.0,1,1,1,,,,confirmed_gambling,Already confirmed by gambling blocklist/manual research,99,affiliates.winzir.com,,,,,False,1,external gambling verification,False
casino-arcade.com,1,,priority_review,,,,,0,,,,1,17,0,2,1,1,0,3.4104172527605194,0,254.0,1,1,1,,,,priority_gambling_review,Contains gambling-related keyword,3,casino-arcade.com,,,,,False,,,False
justspin.com,0,1.0,confirmed_gambling,Block List Project,single_source,justspin.com,Block List Project,1,,,,0,12,0,1,1,0,0,3.4182958340544896,0,5572.0,1,0,1,,,,confirmed_gambling,Already confirmed by gambling blocklist/manual research,99,justspin.com,,,,,False,1,external gambling verification,False
pin77.net,0,,needs_review,,,,,0,,,,0,9,2,1,1,0,0,2.725480556997868,0,364.0,1,0,1,,,,needs_manual_review,No gambling-list match and no Tranco match,5,pin77.net,,,,,False,,,False
betmaster.co.uk,0,,priority_review,,,,,0,,,,1,15,0,2,2,0,0,3.506890595608519,0,1344.0,1,1,1,885161.0,betmaster.co.uk,exact,priority_gambling_review,Contains gambling-related keyword,3,betmaster.co.uk,,,,,False,,,False
black-white-casino.com,1,,priority_review,,,,,0,,,,1,22,0,3,1,1,0,3.8796640049025934,0,0.0,0,0,0,,,,priority_gambling_review,Contains gambling-related keyword,3,black-white-casino.com,,,,,False,,,False
123sports.ph,0,,needs_review,,,,,0,,,,0,12,3,1,1,0,0,3.2516291673878226,0,0.0,0,1,1,,,,needs_manual_review,No gambling-list match and no Tranco match,5,123sports.ph,,,,,False,,,False
dogobet,1,,priority_review,,,,,0,,,,1,7,0,0,0,0,0,2.521640636343318,0,0.0,0,0,0,,,,priority_gambling_review,Contains gambling-related keyword,3,dogobet,,,,,False,,,False
juan365.win,0,,priority_review,,,,,0,,,,1,11,3,1,1,0,0,3.277613436819116,0,404.0,1,1,1,,,,priority_gambling_review,Contains gambling-related keyword,3,juan365.win,,,,,False,,,False
horseshoeonlinecasino.com,0,1.0,confirmed_gambling,Block List Project,single_source,horseshoeonlinecasino.com,Block List Project,1,,,,1,25,0,1,1,0,0,3.368884070537636,0,824.0,1,1,1,,,,confirmed_gambling,Already confirmed by gambling blocklist/manual research,99,horseshoeonlinecasino.com,,,,,False,1,external gambling verification,False
betso88.ph,1,,priority_review,,,,,0,,,,1,10,2,1,1,0,0,3.1219280948873624,0,0.0,0,0,1,,,,priority_gambling_review,Contains gambling-related keyword,3,betso88.ph,,,,,False,,,False
luckydino.com,0,1.0,confirmed_gambling,Block List Project,single_source,luckydino.com,Block List Project,1,,,,0,13,0,1,1,0,0,3.3927474104487847,0,4555.0,1,0,1,,,,confirmed_gambling,Already confirmed by gambling blocklist/manual research,99,luckydino.com,,,,,False,1,external gambling verification,False
thelotterlab.com,1,1.0,confirmed_gambling,Block List Project,single_source,thelotterlab.com,Block List Project,1,,,,0,16,0,1,1,0,0,3.327819531114783,0,934.0,1,1,1,,,,confirmed_gambling,Already confirmed by gambling blocklist/manual research,99,thelotterlab.com,,,,,False,1,external gambling verification,False
betsound39.com,1,,priority_review,,,,,0,,,,1,14,2,1,1,0,0,3.664497779200461,0,0.0,0,0,1,,,,priority_gambling_review,Contains gambling-related keyword,3,betsound39.com,,,,,False,,,False
bet-secure-888.live,1,,priority_review,,,,,0,,,,1,19,3,3,1,1,0,3.471354487013929,0,0.0,0,0,0,,,,priority_gambling_review,Contains gambling-related keyword,3,bet-secure-888.live,,,,,False,,,False
login.747ph.live,0,1.0,confirmed_gambling,Block List Project,single_source,747ph.live,Block List Project,1,,,,0,16,3,2,2,0,0,3.5,0,0.0,0,1,1,73565.0,747ph.live,parent_domain,confirmed_gambling,Already confirmed by gambling blocklist/manual research,99,login.747ph.live,,,,,False,1,external gambling verification,False
wowgames.com,0,,needs_review,,,,,0,,,,0,12,0,1,1,0,0,3.084962500721156,0,9447.0,1,1,1,,,,needs_manual_review,No gambling-list match and no Tranco match,5,wowgames.com,,,,,False,,,False
redcross.org.uk,0,,needs_review,,,,,0,,,,0,15,0,2,2,0,0,3.1898980954642875,0,10846.0,1,1,1,34703.0,redcross.org.uk,exact,medium_benign_candidate,Top 100K Tranco and no gambling keyword,2,redcross.org.uk,0.0,verified,official website,British Red Cross humanitarian charity,False,0,manual verification,False
filgame.com,0,,needs_review,,,,,0,,,,0,11,0,1,1,0,0,3.277613436819116,0,1829.0,1,1,1,,,,needs_manual_review,No gambling-list match and no Tranco match,5,filgame.com,,,,,False,,,False
wsop.com,0,1.0,confirmed_gambling,Block List Project,single_source,wsop.com,Block List Project,1,,,,0,8,0,1,1,0,0,2.75,0,8375.0,1,0,1,58305.0,wsop.com,exact,confirmed_gambling,Already confirmed by gambling blocklist/manual research,99,wsop.com,,,,,False,1,external gambling verification,False
1xlite-4357202.top,1,,needs_review,,,,,0,,,,0,18,8,2,1,1,0,3.94770277922009,1,55.0,1,1,1,,,,needs_manual_review,No gambling-list match and no Tranco match,5,1xlite-4357202.top,,,,,False,,,False
bingo.boylesports.com,0,1.0,confirmed_gambling,"Block List Project, UT1 Gambling",multi_source,boylesports.com,"Block List Project, UT1 Gambling",2,,,,0,21,0,2,2,0,0,3.7256507561120937,0,9117.0,1,0,1,34760.0,boylesports.com,parent_domain,confirmed_gambling,Already confirmed by gambling blocklist/manual research,99,bingo.boylesports.com,,,,,False,1,external gambling verification,False
sportybetadder-90.weebly.com,1,,priority_review,,,,,0,,,,1,28,2,3,2,1,0,4.021640636343318,0,7319.0,1,1,1,344.0,weebly.com,parent_domain,priority_gambling_review,Contains gambling-related keyword,3,sportybetadder-90.weebly.com,,,,,False,,,False
indoniche.com,1,,needs_review,,,,,0,,,,0,13,0,1,1,0,0,3.0850551027564768,0,0.0,0,0,0,,,,needs_manual_review,No gambling-list match and no Tranco match,5,indoniche.com,,,,,False,,,False
bybet.com,0,1.0,confirmed_gambling,Block List Project,single_source,bybet.com,Block List Project,1,,,,1,9,0,1,1,0,0,2.94770277922009,0,4616.0,1,1,1,,,,confirmed_gambling,Already confirmed by gambling blocklist/manual research,99,bybet.com,,,,,False,1,external gambling verification,False
replay-casino.net,1,,priority_review,,,,,0,,,,1,17,0,2,1,1,0,3.7345216647797512,0,0.0,0,0,0,,,,priority_gambling_review,Contains gambling-related keyword,3,replay-casino.net,,,,,False,,,False
megapremyo.ph,0,,needs_review,,,,,0,,,,0,13,0,1,1,0,0,3.238901256602631,0,0.0,0,0,0,,,,needs_manual_review,No gambling-list match and no Tranco match,5,megapremyo.ph,,,,,False,,,False
betxbahis.com,1,,priority_review,,,,,0,,,,1,13,0,1,1,0,0,3.546593564294939,0,282.0,1,0,0,,,,priority_gambling_review,Contains gambling-related keyword,3,betxbahis.com,,,,,False,,,False
happybingo.fun,0,,needs_review,,,,,0,,,,0,14,0,1,1,0,0,3.521640636343318,0,421.0,1,0,1,,,,needs_manual_review,No gambling-list match and no Tranco match,5,happybingo.fun,,,,,False,,,False
bingoal.com,0,,needs_review,,,,,0,,,,0,11,0,1,1,0,0,3.277613436819116,0,9080.0,1,0,1,,,,needs_manual_review,No gambling-list match and no Tranco match,5,bingoal.com,,,,,False,,,False
juankada.ph,0,,needs_review,,,,,0,,,,0,11,0,1,1,0,0,3.0271691184406184,0,0.0,0,1,1,,,,needs_manual_review,No gambling-list match and no Tranco match,5,juankada.ph,,,,,False,,,False
buenas.asia,0,1.0,confirmed_gambling,Block List Project,single_source,buenas.asia,Block List Project,1,,,,0,11,0,1,1,0,0,2.8453509366224368,0,825.0,1,1,1,,,,confirmed_gambling,Already confirmed by gambling blocklist/manual research,99,buenas.asia,,,,,False,1,external gambling verification,False
king.ph,0,1.0,confirmed_gambling,Block List Project,single_source,king.ph,Block List Project,1,,,,0,7,0,1,1,0,0,2.807354922057604,0,0.0,0,0,1,198687.0,king.ph,exact,confirmed_gambling,Already confirmed by gambling blocklist/manual research,99,king.ph,,,,,False,1,external gambling verification,False
casinoburada250.com,1,,priority_review,,,,,0,,,,1,19,3,1,1,0,0,3.787143960698139,0,0.0,0,0,0,,,,priority_gambling_review,Contains gambling-related keyword,3,casinoburada250.com,,,,,False,,,False
1x-bet.in,1,,priority_review,,,,,0,,,,1,9,1,2,1,1,0,3.169925001442312,0,1214.0,1,1,1,,,,priority_gambling_review,Contains gambling-related keyword,3,1x-bet.in,,,,,False,,,False
eastbridge-sb.com,1,1.0,confirmed_gambling,Block List Project,single_source,eastbridge-sb.com,Block List Project,1,,,,0,17,0,2,1,1,0,3.7345216647797512,0,4184.0,1,0,1,,,,confirmed_gambling,Already confirmed by gambling blocklist/manual research,99,eastbridge-sb.com,,,,,False,1,external gambling verification,False
help.winzir.com,0,1.0,confirmed_gambling,Block List Project,single_source,winzir.com,Block List Project,1,,,,1,15,0,2,2,0,0,3.640223928941852,0,1507.0,1,1,1,,,,confirmed_gambling,Already confirmed by gambling blocklist/manual research,99,help.winzir.com,,,,,False,1,external gambling verification,False
betwien.com,1,,priority_review,,,,,0,,,,1,11,0,1,1,0,0,3.277613436819116,0,110.0,1,0,0,,,,priority_gambling_review,Contains gambling-related keyword,3,betwien.com,,,,,False,,,False
adaxbet246.com,1,,priority_review,,,,,0,,,,1,14,3,1,1,0,0,3.664497779200461,0,0.0,0,0,0,,,,priority_gambling_review,Contains gambling-related keyword,3,adaxbet246.com,,,,,False,,,False
betowen.com,1,,priority_review,,,,,0,,,,1,11,0,1,1,0,0,3.095795255000934,0,3104.0,1,0,0,,,,priority_gambling_review,Contains gambling-related keyword,3,betowen.com,,,,,False,,,False
api.blingwin.com,0,1.0,confirmed_gambling,Block List Project,single_source,blingwin.com,Block List Project,1,,,,1,16,0,2,2,0,0,3.452819531114783,0,6.0,1,0,1,,,,confirmed_gambling,Already confirmed by gambling blocklist/manual research,99,api.blingwin.com,,,,,False,1,external gambling verification,False
god55.media,1,,needs_review,,,,,0,,,,0,11,2,1,1,0,0,3.095795255000934,0,0.0,0,1,1,,,,needs_manual_review,No gambling-list match and no Tranco match,5,god55.media,,,,,False,,,False
bigwin29.com,0,1.0,confirmed_gambling,Block List Project,single_source,bigwin29.com,Block List Project,1,,,,1,12,2,1,1,0,0,3.4182958340544896,0,1206.0,1,0,0,,,,confirmed_gambling,Already confirmed by gambling blocklist/manual research,99,bigwin29.com,,,,,False,1,external gambling verification,False
ebet.agency,1,,priority_review,,,,,0,,,,1,11,0,1,1,0,0,3.0271691184406184,0,0.0,0,0,0,,,,priority_gambling_review,Contains gambling-related keyword,3,ebet.agency,,,,,False,,,False
luckygame.ph,0,1.0,confirmed_gambling,Block List Project,single_source,luckygame.ph,Block List Project,1,,,,0,12,0,1,1,0,0,3.584962500721156,0,0.0,0,0,1,805150.0,luckygame.ph,exact,confirmed_gambling,Already confirmed by gambling blocklist/manual research,99,luckygame.ph,,,,,False,1,external gambling verification,False
megawagi.com,0,,needs_review,,,,,0,,,,0,12,0,1,1,0,0,3.084962500721156,0,195.0,1,1,1,,,,needs_manual_review,No gambling-list match and no Tranco match,5,megawagi.com,,,,,False,,,False
mfe.bigbunny.ph,0,1.0,confirmed_gambling,Block List Project,single_source,bigbunny.ph,Block List Project,1,,,,0,15,0,2,2,0,0,3.506890595608519,0,0.0,0,0,0,81304.0,bigbunny.ph,parent_domain,confirmed_gambling,Already confirmed by gambling blocklist/manual research,99,mfe.bigbunny.ph,,,,,False,1,external gambling verification,False
raybet03.com,1,1.0,confirmed_gambling,Block List Project,single_source,raybet03.com,Block List Project,1,,,,1,12,2,1,1,0,0,3.584962500721156,0,2931.0,1,1,1,,,,confirmed_gambling,Already confirmed by gambling blocklist/manual research,99,raybet03.com,,,,,False,1,external gambling verification,False
buenas.cc,0,1.0,confirmed_gambling,Block List Project,single_source,buenas.cc,Block List Project,1,,,,0,9,0,1,1,0,0,2.94770277922009,0,825.0,1,1,1,,,,confirmed_gambling,Already confirmed by gambling blocklist/manual research,99,buenas.cc,,,,,False,1,external gambling verification,False
66cc6.com,1,1.0,confirmed_gambling,Block List Project,single_source,66cc6.com,Block List Project,1,,,,0,9,3,1,1,0,0,2.113283334294875,0,1721.0,1,0,1,,,,confirmed_gambling,Already confirmed by gambling blocklist/manual research,99,66cc6.com,,,,,False,1,external gambling verification,False
lakiplay.com,0,1.0,confirmed_gambling,Block List Project,single_source,lakiplay.com,Block List Project,1,,,,0,12,0,1,1,0,0,3.2516291673878226,0,749.0,1,0,0,,,,confirmed_gambling,Already confirmed by gambling blocklist/manual research,99,lakiplay.com,,,,,False,1,external gambling verification,False
comebetvn4.com,1,,priority_review,,,,,0,,,,1,14,1,1,1,0,0,3.235926350629033,0,0.0,0,0,0,,,,priority_gambling_review,Contains gambling-related keyword,3,comebetvn4.com,,,,,False,,,False
quickspinner.com,0,1.0,confirmed_gambling,"Block List Project, UT1 Gambling",multi_source,quickspinner.com,"Block List Project, UT1 Gambling",2,,,,0,16,0,1,1,0,0,3.625,0,2307.0,1,0,1,,,,confirmed_gambling,Already confirmed by gambling blocklist/manual research,99,quickspinner.com,,,,,False,1,external gambling verification,False
big5casino.com,0,1.0,confirmed_gambling,Block List Project,single_source,big5casino.com,Block List Project,1,,,,1,14,1,1,1,0,0,3.378783493486176,0,5504.0,1,0,1,,,,confirmed_gambling,Already confirmed by gambling blocklist/manual research,99,big5casino.com,,,,,False,1,external gambling verification,False
luckybull.com,0,1.0,confirmed_gambling,Block List Project,single_source,luckybull.com,Block List Project,1,,,,0,13,0,1,1,0,0,3.026986833359288,0,3941.0,1,0,1,,,,confirmed_gambling,Already confirmed by gambling blocklist/manual research,99,luckybull.com,,,,,False,1,external gambling verification,False
avvabet,1,,priority_review,,,,,0,,,,1,7,0,0,0,0,0,2.235926350629033,0,0.0,0,0,0,,,,priority_gambling_review,Contains gambling-related keyword,3,avvabet,,,,,False,,,False
greendrg88.com,1,,needs_review,,,,,0,,,,0,14,2,1,1,0,0,3.235926350629033,0,0.0,0,0,0,,,,needs_manual_review,No gambling-list match and no Tranco match,5,greendrg88.com,,,,,False,,,False
casinoviva279.com,1,,priority_review,,,,,0,,,,1,17,3,1,1,0,0,3.4992275471326924,0,0.0,0,0,0,,,,priority_gambling_review,Contains gambling-related keyword,3,casinoviva279.com,,,,,False,,,False
casino-account-888.click,1,,priority_review,,,,,0,,,,1,24,3,3,1,1,0,3.486440501696144,0,0.0,0,0,0,,,,priority_gambling_review,Contains gambling-related keyword,3,casino-account-888.click,,,,,False,,,False
bizzo.world,1,,needs_review,,,,,0,,,,0,11,0,1,1,0,0,3.095795255000934,0,0.0,0,0,1,,,,needs_manual_review,No gambling-list match and no Tranco match,5,bizzo.world,,,,,False,,,False
vulkanind.site,1,,needs_review,,,,,0,,,,0,14,0,1,1,0,0,3.521640636343318,1,171.0,1,1,1,,,,needs_manual_review,No gambling-list match and no Tranco match,5,vulkanind.site,,,,,False,,,False
comeon.com,0,1.0,confirmed_gambling,"Block List Project, UT1 Gambling",multi_source,comeon.com,"Block List Project, UT1 Gambling",2,,,,0,10,0,1,1,0,0,2.4464393446710155,0,10494.0,1,1,1,132897.0,comeon.com,exact,confirmed_gambling,Already confirmed by gambling blocklist/manual research,99,comeon.com,,,,,False,1,external gambling verification,False
pisogame.com,0,1.0,confirmed_gambling,Block List Project,single_source,pisogame.com,Block List Project,1,,,,0,12,0,1,1,0,0,3.2516291673878226,0,849.0,1,1,1,,,,confirmed_gambling,Already confirmed by gambling blocklist/manual research,99,pisogame.com,,,,,False,1,external gambling verification,False
cricketbetbd.com,1,,priority_review,,,,,0,,,,1,16,0,1,1,0,0,3.327819531114783,0,361.0,1,1,1,,,,priority_gambling_review,Contains gambling-related keyword,3,cricketbetbd.com,,,,,False,,,False
playfrank.com,0,1.0,confirmed_gambling,Block List Project,single_source,playfrank.com,Block List Project,1,,,,0,13,0,1,1,0,0,3.546593564294939,0,4625.0,1,1,1,860139.0,playfrank.com,exact,confirmed_gambling,Already confirmed by gambling blocklist/manual research,99,playfrank.com,,,,,False,1,external gambling verification,False
kachingo.com,0,1.0,confirmed_gambling,"Block List Project, UT1 Gambling",multi_source,kachingo.com,"Block List Project, UT1 Gambling",2,,,,0,12,0,1,1,0,0,3.2516291673878226,0,7667.0,1,1,1,,,,confirmed_gambling,Already confirmed by gambling blocklist/manual research,99,kachingo.com,,,,,False,1,external gambling verification,False
apintoto.com,1,,needs_review,,,,,0,,,,0,12,0,1,1,0,0,3.0220552088742005,0,340.0,1,0,1,,,,needs_manual_review,No gambling-list match and no Tranco match,5,apintoto.com,,,,,False,,,False
pesomaxfun.com,0,1.0,confirmed_gambling,Block List Project,single_source,pesomaxfun.com,Block List Project,1,,,,0,14,0,1,1,0,0,3.521640636343318,0,223.0,1,1,1,207184.0,pesomaxfun.com,exact,confirmed_gambling,Already confirmed by gambling blocklist/manual research,99,pesomaxfun.com,,,,,False,1,external gambling verification,False
arcticcasino.com,0,1.0,confirmed_gambling,"Block List Project, UT1 Gambling",multi_source,arcticcasino.com,"Block List Project, UT1 Gambling",2,,,,1,16,0,1,1,0,0,3.125,0,5089.0,1,1,1,,,,confirmed_gambling,Already confirmed by gambling blocklist/manual research,99,arcticcasino.com,,,,,False,1,external gambling verification,False
jk88,1,,needs_review,,,,,0,,,,0,4,2,0,0,0,0,1.5,0,0.0,0,0,0,,,,needs_manual_review,No gambling-list match and no Tranco match,5,jk88,,,,,False,,,False
j8958.com,1,,needs_review,,,,,0,,,,0,9,4,1,1,0,0,2.94770277922009,0,36.0,1,1,1,,,,needs_manual_review,No gambling-list match and no Tranco match,5,j8958.com,,,,,False,,,False
ww88web.vip,1,,needs_review,,,,,0,,,,0,11,2,1,1,0,0,2.8453509366224368,0,0.0,0,0,0,,,,needs_manual_review,No gambling-list match and no Tranco match,5,ww88web.vip,,,,,False,,,False
grosvenorcasinos.com,0,1.0,confirmed_gambling,"Block List Project, UT1 Gambling",multi_source,grosvenorcasinos.com,"Block List Project, UT1 Gambling",2,,,,1,20,0,1,1,0,0,3.3841837197791893,0,8543.0,1,0,1,72032.0,grosvenorcasinos.com,exact,confirmed_gambling,Already confirmed by gambling blocklist/manual research,99,grosvenorcasinos.com,,,,,False,1,external gambling verification,False
god55.cash,1,,needs_review,,,,,0,,,,0,10,2,1,1,0,0,3.1219280948873624,0,0.0,0,1,1,,,,needs_manual_review,No gambling-list match and no Tranco match,5,god55.cash,,,,,False,,,False
8558win.com,1,,priority_review,,,,,0,,,,1,11,4,1,1,0,0,3.095795255000934,0,0.0,0,0,0,,,,priority_gambling_review,Contains gambling-related keyword,3,8558win.com,,,,,False,,,False
win7979.com,1,,priority_review,,,,,0,,,,1,11,4,1,1,0,0,3.095795255000934,0,842.0,1,1,1,,,,priority_gambling_review,Contains gambling-related keyword,3,win7979.com,,,,,False,,,False
greatbet.co.uk,0,,priority_review,,,,,0,,,,1,14,0,2,2,0,0,3.378783493486176,0,3474.0,1,1,1,,,,priority_gambling_review,Contains gambling-related keyword,3,greatbet.co.uk,,,,,False,,,False
starsports.bet,0,1.0,confirmed_gambling,"Block List Project, UT1 Gambling",multi_source,starsports.bet,"Block List Project, UT1 Gambling",2,,,,1,14,0,1,1,0,0,2.985228136034252,0,0.0,0,1,1,408567.0,starsports.bet,exact,confirmed_gambling,Already confirmed by gambling blocklist/manual research,99,starsports.bet,,,,,False,1,external gambling verification,False
ilotbet-0012.weebly.com,1,,priority_review,,,,,0,,,,1,23,4,3,2,1,0,3.795088586397732,0,7319.0,1,1,1,344.0,weebly.com,parent_domain,priority_gambling_review,Contains gambling-related keyword,3,ilotbet-0012.weebly.com,,,,,False,,,False
desklucky.com,0,,needs_review,,,,,0,,,,0,13,0,1,1,0,0,3.3927474104487847,0,533.0,1,1,1,,,,needs_manual_review,No gambling-list match and no Tranco match,5,desklucky.com,,,,,False,,,False
rayvietnam.net,1,,needs_review,,,,,0,,,,0,14,0,1,1,0,0,3.235926350629033,0,1463.0,1,1,1,,,,needs_manual_review,No gambling-list match and no Tranco match,5,rayvietnam.net,,,,,False,,,False
1k8bet,1,,priority_review,,,,,0,,,,1,6,2,0,0,0,0,2.584962500721156,0,0.0,0,0,0,,,,priority_gambling_review,Contains gambling-related keyword,3,1k8bet,,,,,False,,,False
egibet103.com,1,,priority_review,,,,,0,,,,1,13,3,1,1,0,0,3.546593564294939,0,0.0,0,0,0,,,,priority_gambling_review,Contains gambling-related keyword,3,egibet103.com,,,,,False,,,False
msspins.com,0,,needs_review,,,,,0,,,,0,11,0,1,1,0,0,2.8453509366224368,0,970.0,1,1,1,,,,needs_manual_review,No gambling-list match and no Tranco match,5,msspins.com,,,,,False,,,False
dingcasino.com,0,1.0,confirmed_gambling,"Block List Project, UT1 Gambling",multi_source,dingcasino.com,"Block List Project, UT1 Gambling",2,,,,1,14,0,1,1,0,0,3.235926350629033,0,907.0,1,1,1,,,,confirmed_gambling,Already confirmed by gambling blocklist/manual research,99,dingcasino.com,,,,,False,1,external gambling verification,False
legendlink.com,0,1.0,confirmed_gambling,Block List Project,single_source,legendlink.com,Block List Project,1,,,,0,14,0,1,1,0,0,3.378783493486176,0,6983.0,1,1,1,,,,confirmed_gambling,Already confirmed by gambling blocklist/manual research,99,legendlink.com,,,,,False,1,external gambling verification,False
juanpanalo.ph,0,,needs_review,,,,,0,,,,0,13,0,1,1,0,0,3.026986833359288,0,0.0,0,1,1,,,,needs_manual_review,No gambling-list match and no Tranco match,5,juanpanalo.ph,,,,,False,,,False
kingspin.uk,0,,needs_review,,,,,0,,,,0,11,0,1,1,0,0,2.913977073182752,0,653.0,1,1,1,,,,needs_manual_review,No gambling-list match and no Tranco match,5,kingspin.uk,,,,,False,,,False
jackpotcitycasino.co.uk,0,1.0,confirmed_gambling,"Block List Project, UT1 Gambling",multi_source,jackpotcitycasino.co.uk,"Block List Project, UT1 Gambling",2,,,,1,23,0,2,2,0,0,3.5342190211803404,0,1198.0,1,1,1,492898.0,jackpotcitycasino.co.uk,exact,confirmed_gambling,Already confirmed by gambling blocklist/manual research,99,jackpotcitycasino.co.uk,,,,,False,1,external gambling verification,False
ggpoker.ph,0,1.0,confirmed_gambling,Block List Project,single_source,ggpoker.ph,Block List Project,1,,,,0,10,0,1,1,0,0,2.9219280948873623,0,0.0,0,1,1,,,,confirmed_gambling,Already confirmed by gambling blocklist/manual research,99,ggpoker.ph,,,,,False,1,external gambling verification,False
gamezone88.com,0,1.0,confirmed_gambling,Block List Project,single_source,gamezone88.com,Block List Project,1,,,,0,14,2,1,1,0,0,3.235926350629033,0,1907.0,1,1,1,,,,confirmed_gambling,Already confirmed by gambling blocklist/manual research,99,gamezone88.com,,,,,False,1,external gambling verification,False
blingwin.co,0,,priority_review,,,,,0,,,,1,11,0,1,1,0,0,3.095795255000934,0,0.0,0,0,1,,,,priority_gambling_review,Contains gambling-related keyword,3,blingwin.co,,,,,False,,,False
casino.fanatics.com,0,,priority_review,,,,,0,,,,1,19,0,2,2,0,0,3.2210972500579573,0,10063.0,1,1,1,10910.0,fanatics.com,parent_domain,priority_gambling_review,Contains gambling-related keyword,3,casino.fanatics.com,,,,,False,,,False
bppoker.com,0,,needs_review,,,,,0,,,,0,11,0,1,1,0,0,3.095795255000934,0,5295.0,1,1,1,,,,needs_manual_review,No gambling-list match and no Tranco match,5,bppoker.com,,,,,False,,,False
ultracasino.com,0,1.0,confirmed_gambling,"Block List Project, UT1 Gambling",multi_source,ultracasino.com,"Block List Project, UT1 Gambling",2,,,,1,15,0,1,1,0,0,3.506890595608519,0,7320.0,1,0,1,972316.0,ultracasino.com,exact,confirmed_gambling,Already confirmed by gambling blocklist/manual research,99,ultracasino.com,,,,,False,1,external gambling verification,False
luckyi.com,0,1.0,confirmed_gambling,Block List Project,single_source,luckyi.com,Block List Project,1,,,,0,10,0,1,1,0,0,3.1219280948873624,0,8137.0,1,1,1,109585.0,luckyi.com,exact,confirmed_gambling,Already confirmed by gambling blocklist/manual research,99,luckyi.com,,,,,False,1,external gambling verification,False
huhubet665.com,1,,priority_review,,,,,0,,,,1,14,3,1,1,0,0,3.378783493486176,0,0.0,0,0,0,,,,priority_gambling_review,Contains gambling-related keyword,3,huhubet665.com,,,,,False,,,False
liveroulette.com,0,1.0,confirmed_gambling,"Block List Project, UT1 Gambling",multi_source,liveroulette.com,"Block List Project, UT1 Gambling",2,,,,0,16,0,1,1,0,0,3.327819531114783,0,10149.0,1,1,1,,,,confirmed_gambling,Already confirmed by gambling blocklist/manual research,99,liveroulette.com,,,,,False,1,external gambling verification,False
bilyoncu127.com,1,,needs_review,,,,,0,,,,0,15,3,1,1,0,0,3.640223928941852,0,0.0,0,0,1,,,,needs_manual_review,No gambling-list match and no Tranco match,5,bilyoncu127.com,,,,,False,,,False
casino.draftkings.com,0,1.0,confirmed_gambling,"Block List Project, UT1 Gambling",multi_source,draftkings.com,"Block List Project, UT1 Gambling",2,,,,1,21,0,2,2,0,0,3.725650756112093,0,5508.0,1,1,1,4809.0,draftkings.com,parent_domain,confirmed_gambling,Already confirmed by gambling blocklist/manual research,99,casino.draftkings.com,,,,,False,1,external gambling verification,False
king.com.ph,0,,needs_review,,,,,0,,,,0,11,0,2,2,0,0,3.277613436819116,0,0.0,0,0,1,,,,needs_manual_review,No gambling-list match and no Tranco match,5,king.com.ph,,,,,False,,,False
most-bet.top,1,,priority_review,,,,,0,,,,1,12,0,2,1,1,0,3.0220552088742005,1,94.0,1,1,1,,,,priority_gambling_review,Contains gambling-related keyword,3,most-bet.top,,,,,False,,,False
galabingo.com,0,1.0,confirmed_gambling,Block List Project,single_source,galabingo.com,Block List Project,1,,,,0,13,0,1,1,0,0,3.238901256602631,0,9860.0,1,0,1,39736.0,galabingo.com,exact,confirmed_gambling,Already confirmed by gambling blocklist/manual research,99,galabingo.com,,,,,False,1,external gambling verification,False
nitrowin.com,0,1.0,confirmed_gambling,Block List Project,single_source,nitrowin.com,Block List Project,1,,,,1,12,0,1,1,0,0,3.084962500721156,0,3505.0,1,1,1,,,,confirmed_gambling,Already confirmed by gambling blocklist/manual research,99,nitrowin.com,,,,,False,1,external gambling verification,False
juanzone.ph,0,,needs_review,,,,,0,,,,0,11,0,1,1,0,0,3.277613436819116,0,0.0,0,1,1,,,,needs_manual_review,No gambling-list match and no Tranco match,5,juanzone.ph,,,,,False,,,False
kordonbet.com,1,1.0,confirmed_gambling,Block List Project,single_source,kordonbet.com,Block List Project,1,,,,1,13,0,1,1,0,0,3.334679141051595,0,2087.0,1,0,1,,,,confirmed_gambling,Already confirmed by gambling blocklist/manual research,99,kordonbet.com,,,,,False,1,external gambling verification,False
koalaspins.com,1,,needs_review,,,,,0,,,,0,14,0,1,1,0,0,3.378783493486176,0,974.0,1,0,1,,,,needs_manual_review,No gambling-list match and no Tranco match,5,koalaspins.com,,,,,False,,,False
sportybetcompanyonlinelink.weebly.com,1,,priority_review,,,,,0,,,,1,37,0,2,2,0,0,3.925405392539033,0,7319.0,1,0,0,344.0,weebly.com,parent_domain,priority_gambling_review,Contains gambling-related keyword,3,sportybetcompanyonlinelink.weebly.com,,,,,False,,,False
regentplay.com,0,1.0,confirmed_gambling,Block List Project,single_source,regentplay.com,Block List Project,1,,,,0,14,0,1,1,0,0,3.664497779200461,0,2014.0,1,1,1,,,,confirmed_gambling,Already confirmed by gambling blocklist/manual research,99,regentplay.com,,,,,False,1,external gambling verification,False
bzeebet.com,0,,priority_review,,,,,0,,,,1,11,0,1,1,0,0,2.8453509366224368,0,1416.0,1,0,1,,,,priority_gambling_review,Contains gambling-related keyword,3,bzeebet.com,,,,,False,,,False
vauhdikas.com,0,1.0,confirmed_gambling,Block List Project,single_source,vauhdikas.com,Block List Project,1,,,,0,13,0,1,1,0,0,3.546593564294939,0,912.0,1,1,1,,,,confirmed_gambling,Already confirmed by gambling blocklist/manual research,99,vauhdikas.com,,,,,False,1,external gambling verification,False
eurobahis.com,1,,needs_review,,,,,0,,,,0,13,0,1,1,0,0,3.546593564294939,0,1538.0,1,0,1,,,,needs_manual_review,No gambling-list match and no Tranco match,5,eurobahis.com,,,,,False,,,False
kzingdemo.com,1,1.0,confirmed_gambling,Block List Project,single_source,kzingdemo.com,Block List Project,1,,,,0,13,0,1,1,0,0,3.3927474104487847,0,2600.0,1,1,1,,,,confirmed_gambling,Already confirmed by gambling blocklist/manual research,99,kzingdemo.com,,,,,False,1,external gambling verification,False
ggbbbet.net,1,1.0,confirmed_gambling,Block List Project,single_source,ggbbbet.net,Block List Project,1,,,,1,11,0,1,1,0,0,2.481714572986073,0,1663.0,1,0,1,,,,confirmed_gambling,Already confirmed by gambling blocklist/manual research,99,ggbbbet.net,,,,,False,1,external gambling verification,False
nj.bet365.com,0,1.0,confirmed_gambling,"Block List Project, UT1 Gambling",multi_source,bet365.com,"Block List Project, UT1 Gambling",2,,,,1,13,3,2,2,0,0,3.546593564294939,0,9747.0,1,0,1,4398.0,bet365.com,parent_domain,confirmed_gambling,Already confirmed by gambling blocklist/manual research,99,nj.bet365.com,,,,,False,1,external gambling verification,False
winzir.net,0,1.0,confirmed_gambling,Block List Project,single_source,winzir.net,Block List Project,1,,,,1,10,0,1,1,0,0,2.9219280948873623,0,1507.0,1,1,1,,,,confirmed_gambling,Already confirmed by gambling blocklist/manual research,99,winzir.net,,,,,False,1,external gambling verification,False
24casino1.bet,1,1.0,confirmed_gambling,"Block List Project, UT1 Gambling",multi_source,24casino1.bet,"Block List Project, UT1 Gambling",2,,,,1,13,3,1,1,0,0,3.7004397181410926,0,0.0,0,1,1,,,,confirmed_gambling,Already confirmed by gambling blocklist/manual research,99,24casino1.bet,,,,,False,1,external gambling verification,False
luckystarph.com,0,,needs_review,,,,,0,,,,0,15,0,1,1,0,0,3.773557262275186,0,276.0,1,0,1,,,,needs_manual_review,No gambling-list match and no Tranco match,5,luckystarph.com,,,,,False,,,False
arcticbet.com,0,,priority_review,,,,,0,,,,1,13,0,1,1,0,0,3.180832987205441,0,1027.0,1,1,1,,,,priority_gambling_review,Contains gambling-related keyword,3,arcticbet.com,,,,,False,,,False
atm228.com,1,,needs_review,,,,,0,,,,0,10,3,1,1,0,0,2.9219280948873623,0,1782.0,1,0,1,,,,needs_manual_review,No gambling-list match and no Tranco match,5,atm228.com,,,,,False,,,False
casipol957.com,1,,needs_review,,,,,0,,,,0,14,3,1,1,0,0,3.521640636343318,0,0.0,0,0,0,,,,needs_manual_review,No gambling-list match and no Tranco match,5,casipol957.com,,,,,False,,,False
specialty.mgame.ph,0,,needs_review,,,,,0,,,,0,18,0,2,2,0,0,3.614369445886757,0,0.0,0,0,1,,,,needs_manual_review,No gambling-list match and no Tranco match,5,specialty.mgame.ph,,,,,False,,,False
kwiff.com,0,1.0,confirmed_gambling,Block List Project,single_source,kwiff.com,Block List Project,1,,,,0,9,0,1,1,0,0,2.94770277922009,0,4306.0,1,1,1,274292.0,kwiff.com,exact,confirmed_gambling,Already confirmed by gambling blocklist/manual research,99,kwiff.com,,,,,False,1,external gambling verification,False
pokerstarscasino.uk,0,1.0,confirmed_gambling,"Block List Project, UT1 Gambling",multi_source,pokerstarscasino.uk,"Block List Project, UT1 Gambling",2,,,,1,19,0,1,1,0,0,3.5766176449086657,0,4220.0,1,1,1,,,,confirmed_gambling,Already confirmed by gambling blocklist/manual research,99,pokerstarscasino.uk,,,,,False,1,external gambling verification,False
betnef369.com,1,,priority_review,,,,,0,,,,1,13,3,1,1,0,0,3.546593564294939,0,0.0,0,0,1,,,,priority_gambling_review,Contains gambling-related keyword,3,betnef369.com,,,,,False,,,False
healthlottery.co.uk,0,1.0,confirmed_gambling,"Block List Project, UT1 Gambling",multi_source,healthlottery.co.uk,"Block List Project, UT1 Gambling",2,,,,0,19,0,2,2,0,0,3.471354487013929,0,6891.0,1,1,1,385135.0,healthlottery.co.uk,exact,confirmed_gambling,Already confirmed by gambling blocklist/manual research,99,healthlottery.co.uk,,,,,False,1,external gambling verification,False
sportybet-nigeria-bookings.weebly.com,1,,priority_review,,,,,0,,,,1,37,0,4,2,1,0,4.087567554701195,0,7319.0,1,0,0,344.0,weebly.com,parent_domain,priority_gambling_review,Contains gambling-related keyword,3,sportybet-nigeria-bookings.weebly.com,,,,,False,,,False
bet88.stream,0,,priority_review,,,,,0,,,,1,12,2,1,1,0,0,3.084962500721156,0,1053.0,1,1,1,,,,priority_gambling_review,Contains gambling-related keyword,3,bet88.stream,,,,,False,,,False
filgame.ph,0,,needs_review,,,,,0,,,,0,10,0,1,1,0,0,3.321928094887362,0,0.0,0,1,1,,,,needs_manual_review,No gambling-list match and no Tranco match,5,filgame.ph,,,,,False,,,False
sugarino.com,0,1.0,confirmed_gambling,Block List Project,single_source,sugarino.com,Block List Project,1,,,,0,12,0,1,1,0,0,3.4182958340544896,0,4370.0,1,1,1,,,,confirmed_gambling,Already confirmed by gambling blocklist/manual research,99,sugarino.com,,,,,False,1,external gambling verification,False
luckypantsbingo.com,0,1.0,confirmed_gambling,Block List Project,single_source,luckypantsbingo.com,Block List Project,1,,,,0,19,0,1,1,0,0,3.932138039759375,0,5044.0,1,0,1,386603.0,luckypantsbingo.com,exact,confirmed_gambling,Already confirmed by gambling blocklist/manual research,99,luckypantsbingo.com,,,,,False,1,external gambling verification,False
omnislots.com,0,1.0,confirmed_gambling,"Block List Project, UT1 Gambling",multi_source,omnislots.com,"Block List Project, UT1 Gambling",2,,,,1,13,0,1,1,0,0,3.026986833359288,0,4159.0,1,0,1,545490.0,omnislots.com,exact,confirmed_gambling,Already confirmed by gambling blocklist/manual research,99,omnislots.com,,,,,False,1,external gambling verification,False
alpha66,1,,needs_review,,,,,0,,,,0,7,2,0,0,0,0,2.235926350629033,0,0.0,0,0,0,,,,needs_manual_review,No gambling-list match and no Tranco match,5,alpha66,,,,,False,,,False
wheeloffortunecasino.com,0,,priority_review,,,,,0,,,,1,24,0,1,1,0,0,3.8035088547976783,0,3176.0,1,0,1,,,,priority_gambling_review,Contains gambling-related keyword,3,wheeloffortunecasino.com,,,,,False,,,False
efc88.club,1,,needs_review,,,,,0,,,,0,10,2,1,1,0,0,2.9219280948873623,1,1157.0,1,0,1,,,,needs_manual_review,No gambling-list match and no Tranco match,5,efc88.club,,,,,False,,,False
blgcoin88.com,1,,needs_review,,,,,0,,,,0,13,2,1,1,0,0,3.238901256602631,0,0.0,0,0,1,,,,needs_manual_review,No gambling-list match and no Tranco match,5,blgcoin88.com,,,,,False,,,False
joker777.net,1,,priority_review,,,,,0,,,,1,12,3,1,1,0,0,3.0220552088742005,0,2557.0,1,1,1,,,,priority_gambling_review,Contains gambling-related keyword,3,joker777.net,,,,,False,,,False
crown01.org,1,,needs_review,,,,,0,,,,0,11,2,1,1,0,0,3.095795255000934,0,1009.0,1,0,1,,,,needs_manual_review,No gambling-list match and no Tranco match,5,crown01.org,,,,,False,,,False
bingoplus.com,0,1.0,confirmed_gambling,Block List Project,single_source,bingoplus.com,Block List Project,1,,,,0,13,0,1,1,0,0,3.546593564294939,0,8407.0,1,1,1,1591.0,bingoplus.com,exact,confirmed_gambling,Already confirmed by gambling blocklist/manual research,99,bingoplus.com,,,,,False,1,external gambling verification,False
nj.betrivers.com,0,1.0,confirmed_gambling,"Block List Project, UT1 Gambling",multi_source,betrivers.com,"Block List Project, UT1 Gambling",2,,,,1,16,0,2,2,0,0,3.625,0,2879.0,1,1,1,45626.0,betrivers.com,parent_domain,confirmed_gambling,Already confirmed by gambling blocklist/manual research,99,nj.betrivers.com,,,,,False,1,external gambling verification,False
hashlucky.io,1,1.0,confirmed_gambling,Block List Project,single_source,hashlucky.io,Block List Project,1,,,,0,12,0,1,1,0,0,3.4182958340544896,0,900.0,1,0,1,,,,confirmed_gambling,Already confirmed by gambling blocklist/manual research,99,hashlucky.io,,,,,False,1,external gambling verification,False
magicred.com,0,1.0,confirmed_gambling,"Block List Project, UT1 Gambling",multi_source,magicred.com,"Block List Project, UT1 Gambling",2,,,,0,12,0,1,1,0,0,3.2516291673878226,0,7606.0,1,1,1,529608.0,magicred.com,exact,confirmed_gambling,Already confirmed by gambling blocklist/manual research,99,magicred.com,,,,,False,1,external gambling verification,False
pirateslots.com,0,1.0,confirmed_gambling,Block List Project,single_source,pirateslots.com,Block List Project,1,,,,1,15,0,1,1,0,0,3.506890595608519,0,3513.0,1,1,1,,,,confirmed_gambling,Already confirmed by gambling blocklist/manual research,99,pirateslots.com,,,,,False,1,external gambling verification,False
doctorjudi.com,1,,needs_review,,,,,0,,,,0,14,0,1,1,0,0,3.1820058147602133,0,1512.0,1,0,1,,,,needs_manual_review,No gambling-list match and no Tranco match,5,doctorjudi.com,,,,,False,,,False
peryaplay.ph,0,1.0,confirmed_gambling,Block List Project,single_source,peryaplay.ph,Block List Project,1,,,,0,12,0,1,1,0,0,2.8553885422075336,0,0.0,0,1,1,,,,confirmed_gambling,Already confirmed by gambling blocklist/manual research,99,peryaplay.ph,,,,,False,1,external gambling verification,False
kittybingo.com,0,1.0,confirmed_gambling,Block List Project,single_source,kittybingo.com,Block List Project,1,,,,0,14,0,1,1,0,0,3.378783493486176,0,6886.0,1,0,1,414130.0,kittybingo.com,exact,confirmed_gambling,Already confirmed by gambling blocklist/manual research,99,kittybingo.com,,,,,False,1,external gambling verification,False
hannliveonline.com,0,1.0,confirmed_gambling,Block List Project,single_source,hannliveonline.com,Block List Project,1,,,,0,18,0,1,1,0,0,3.281036112553424,0,772.0,1,0,1,,,,confirmed_gambling,Already confirmed by gambling blocklist/manual research,99,hannliveonline.com,,,,,False,1,external gambling verification,False
sg8.bet,0,1.0,confirmed_gambling,"Block List Project, UT1 Gambling",multi_source,sg8.bet,"Block List Project, UT1 Gambling",2,,,,1,7,1,1,1,0,0,2.807354922057604,0,0.0,0,1,1,,,,confirmed_gambling,Already confirmed by gambling blocklist/manual research,99,sg8.bet,,,,,False,1,external gambling verification,False
hawkgaming.com,0,1.0,confirmed_gambling,Block List Project,single_source,hawkgaming.com,Block List Project,1,,,,0,14,0,1,1,0,0,3.378783493486176,0,4452.0,1,0,0,,,,confirmed_gambling,Already confirmed by gambling blocklist/manual research,99,hawkgaming.com,,,,,False,1,external gambling verification,False
hipercasino889.com,1,,priority_review,,,,,0,,,,1,18,3,1,1,0,0,3.725480556997868,0,0.0,0,0,1,,,,priority_gambling_review,Contains gambling-related keyword,3,hipercasino889.com,,,,,False,,,False
kaiyun.io,1,,needs_review,,,,,0,,,,0,9,0,1,1,0,0,2.94770277922009,0,1329.0,1,0,1,,,,needs_manual_review,No gambling-list match and no Tranco match,5,kaiyun.io,,,,,False,,,False
elbet.com,0,1.0,confirmed_gambling,Block List Project,single_source,elbet.com,Block List Project,1,,,,1,9,0,1,1,0,0,2.94770277922009,0,7820.0,1,1,1,327386.0,elbet.com,exact,confirmed_gambling,Already confirmed by gambling blocklist/manual research,99,elbet.com,,,,,False,1,external gambling verification,False
winkbingo.com,0,1.0,confirmed_gambling,Block List Project,single_source,winkbingo.com,Block List Project,1,,,,1,13,0,1,1,0,0,3.238901256602631,0,6857.0,1,0,1,314157.0,winkbingo.com,exact,confirmed_gambling,Already confirmed by gambling blocklist/manual research,99,winkbingo.com,,,,,False,1,external gambling verification,False
ak-vn.com,1,,needs_review,,,,,0,,,,0,9,0,2,1,1,0,3.169925001442312,0,0.0,0,1,1,,,,needs_manual_review,No gambling-list match and no Tranco match,5,ak-vn.com,,,,,False,,,False
spinjam.com,0,,needs_review,,,,,0,,,,0,11,0,1,1,0,0,3.277613436819116,0,8362.0,1,1,1,,,,needs_manual_review,No gambling-list match and no Tranco match,5,spinjam.com,,,,,False,,,False
spinrio.com,0,1.0,confirmed_gambling,Block List Project,single_source,spinrio.com,Block List Project,1,,,,0,11,0,1,1,0,0,3.095795255000934,0,2099.0,1,1,1,,,,confirmed_gambling,Already confirmed by gambling blocklist/manual research,99,spinrio.com,,,,,False,1,external gambling verification,False
footballbet.weebly.com,1,,priority_review,,,,,0,,,,1,22,0,2,2,0,0,3.413088436425757,0,7319.0,1,1,1,344.0,weebly.com,parent_domain,priority_gambling_review,Contains gambling-related keyword,3,footballbet.weebly.com,,,,,False,,,False
queenvegas.com,0,1.0,confirmed_gambling,Block List Project,single_source,queenvegas.com,Block List Project,1,,,,0,14,0,1,1,0,0,3.4677201004745,0,7391.0,1,0,1,,,,confirmed_gambling,Already confirmed by gambling blocklist/manual research,99,queenvegas.com,,,,,False,1,external gambling verification,False
betfred.com,0,1.0,confirmed_gambling,"Block List Project, UT1 Gambling",multi_source,betfred.com,"Block List Project, UT1 Gambling",2,,,,1,11,0,1,1,0,0,3.277613436819116,0,8451.0,1,0,1,29639.0,betfred.com,exact,confirmed_gambling,Already confirmed by gambling blocklist/manual research,99,betfred.com,,,,,False,1,external gambling verification,False
betonego.com,1,,priority_review,,,,,0,,,,1,12,0,1,1,0,0,3.0220552088742005,0,937.0,1,0,1,,,,priority_gambling_review,Contains gambling-related keyword,3,betonego.com,,,,,False,,,False
s5.com,0,1.0,confirmed_gambling,Block List Project,single_source,s5.com,Block List Project,1,,,,0,6,1,1,1,0,0,2.584962500721156,0,10721.0,1,0,1,126238.0,s5.com,exact,confirmed_gambling,Already confirmed by gambling blocklist/manual research,99,s5.com,,,,,False,1,external gambling verification,False
jackpotvulcan.com,1,,priority_review,,,,,0,,,,1,17,0,1,1,0,0,3.572469458770135,0,1256.0,1,1,1,,,,priority_gambling_review,Contains gambling-related keyword,3,jackpotvulcan.com,,,,,False,,,False
fairplay.ph,0,1.0,confirmed_gambling,Block List Project,single_source,fairplay.ph,Block List Project,1,,,,0,11,0,1,1,0,0,3.095795255000934,0,0.0,0,1,1,782298.0,fairplay.ph,exact,confirmed_gambling,Already confirmed by gambling blocklist/manual research,99,fairplay.ph,,,,,False,1,external gambling verification,False
bet-login-777.xyz,1,,priority_review,,,,,0,,,,1,17,3,3,1,1,0,3.690116517593665,1,0.0,0,0,0,,,,priority_gambling_review,Contains gambling-related keyword,3,bet-login-777.xyz,,,,,False,,,False
buffalo39a.com,1,,needs_review,,,,,0,,,,0,14,2,1,1,0,0,3.378783493486176,0,0.0,0,0,1,,,,needs_manual_review,No gambling-list match and no Tranco match,5,buffalo39a.com,,,,,False,,,False
playojo.co.uk,0,,needs_review,,,,,0,,,,0,13,0,2,2,0,0,3.180832987205441,0,3696.0,1,1,1,,,,needs_manual_review,No gambling-list match and no Tranco match,5,playojo.co.uk,,,,,False,,,False
casino.netbet.co.uk,0,1.0,confirmed_gambling,"Block List Project, UT1 Gambling",multi_source,netbet.co.uk,"Block List Project, UT1 Gambling",2,,,,1,19,0,3,3,0,0,3.471354487013929,0,7283.0,1,0,1,76142.0,netbet.co.uk,parent_domain,confirmed_gambling,Already confirmed by gambling blocklist/manual research,99,casino.netbet.co.uk,,,,,False,1,external gambling verification,False
plazaroyal.com,0,1.0,confirmed_gambling,Block List Project,single_source,plazaroyal.com,Block List Project,1,,,,0,14,0,1,1,0,0,3.1820058147602133,0,9943.0,1,1,1,,,,confirmed_gambling,Already confirmed by gambling blocklist/manual research,99,plazaroyal.com,,,,,False,1,external gambling verification,False
raisebet24.com,1,,priority_review,,,,,0,,,,1,14,2,1,1,0,0,3.664497779200461,0,1724.0,1,0,0,,,,priority_gambling_review,Contains gambling-related keyword,3,raisebet24.com,,,,,False,,,False
ilotbetzipeg1li1itch.weebly.com,1,,priority_review,,,,,0,,,,1,31,2,2,2,0,0,3.808719697344071,0,7319.0,1,0,0,344.0,weebly.com,parent_domain,priority_gambling_review,Contains gambling-related keyword,3,ilotbetzipeg1li1itch.weebly.com,,,,,False,,,False
okfun.ph,0,1.0,confirmed_gambling,Block List Project,single_source,okfun.ph,Block List Project,1,,,,0,8,0,1,1,0,0,3.0,0,0.0,0,1,1,,,,confirmed_gambling,Already confirmed by gambling blocklist/manual research,99,okfun.ph,,,,,False,1,external gambling verification,False
betmod90.com,1,,priority_review,,,,,0,,,,1,12,2,1,1,0,0,3.2516291673878226,0,0.0,0,0,0,,,,priority_gambling_review,Contains gambling-related keyword,3,betmod90.com,,,,,False,,,False
j8962.com,1,,needs_review,,,,,0,,,,0,9,4,1,1,0,0,3.169925001442312,0,36.0,1,1,1,,,,needs_manual_review,No gambling-list match and no Tranco match,5,j8962.com,,,,,False,,,False
patokbet.com,0,1.0,confirmed_gambling,Block List Project,single_source,patokbet.com,Block List Project,1,,,,1,12,0,1,1,0,0,3.2516291673878226,0,1052.0,1,1,1,,,,confirmed_gambling,Already confirmed by gambling blocklist/manual research,99,patokbet.com,,,,,False,1,external gambling verification,False
playpal77.ph,0,1.0,confirmed_gambling,Block List Project,single_source,playpal77.ph,Block List Project,1,,,,0,12,2,1,1,0,0,2.688721875540867,0,0.0,0,1,1,,,,confirmed_gambling,Already confirmed by gambling blocklist/manual research,99,playpal77.ph,,,,,False,1,external gambling verification,False
fbmplay.ph,0,,needs_review,,,,,0,,,,0,10,0,1,1,0,0,3.1219280948873624,0,0.0,0,1,1,,,,needs_manual_review,No gambling-list match and no Tranco match,5,fbmplay.ph,,,,,False,,,False
afgames.com,1,,needs_review,,,,,0,,,,0,11,0,1,1,0,0,3.095795255000934,0,4874.0,1,0,1,,,,needs_manual_review,No gambling-list match and no Tranco match,5,afgames.com,,,,,False,,,False
joy-casino.in,1,,priority_review,,,,,0,,,,1,13,0,2,1,1,0,3.238901256602631,0,0.0,0,0,0,,,,priority_gambling_review,Contains gambling-related keyword,3,joy-casino.in,,,,,False,,,False
slotvocalnocasheu.vip,1,,priority_review,,,,,0,,,,1,21,0,1,1,0,0,3.6897037321995474,0,109.0,1,0,1,,,,priority_gambling_review,Contains gambling-related keyword,3,slotvocalnocasheu.vip,,,,,False,,,False
adaxbet,1,,priority_review,,,,,0,,,,1,7,0,0,0,0,0,2.521640636343318,0,0.0,0,0,0,,,,priority_gambling_review,Contains gambling-related keyword,3,adaxbet,,,,,False,,,False
casinoeye.com,0,,priority_review,,,,,0,,,,1,13,0,1,1,0,0,3.238901256602631,0,8086.0,1,1,1,,,,priority_gambling_review,Contains gambling-related keyword,3,casinoeye.com,,,,,False,,,False
okgames.net,0,1.0,confirmed_gambling,Block List Project,single_source,okgames.net,Block List Project,1,,,,0,11,0,1,1,0,0,3.277613436819116,0,7722.0,1,1,1,,,,confirmed_gambling,Already confirmed by gambling blocklist/manual research,99,okgames.net,,,,,False,1,external gambling verification,False
bet365vnn.com,1,,priority_review,,,,,0,,,,1,13,3,1,1,0,0,3.546593564294939,0,496.0,1,1,1,,,,priority_gambling_review,Contains gambling-related keyword,3,bet365vnn.com,,,,,False,,,False
slotsroyale.co.uk,0,,priority_review,,,,,0,,,,1,17,0,2,2,0,0,3.4548223999466057,0,2365.0,1,1,1,,,,priority_gambling_review,Contains gambling-related keyword,3,slotsroyale.co.uk,,,,,False,,,False
bigwin668.com,1,,priority_review,,,,,0,,,,1,13,3,1,1,0,0,3.3927474104487847,0,2061.0,1,0,0,,,,priority_gambling_review,Contains gambling-related keyword,3,bigwin668.com,,,,,False,,,False
spinomenal.io,0,,needs_review,,,,,0,,,,0,13,0,1,1,0,0,3.238901256602631,0,2247.0,1,0,1,549059.0,spinomenal.io,exact,weak_benign_candidate,Appears in Tranco Top 1M,4,spinomenal.io,,,,,False,,,False
1-bdmbet.com,1,1.0,confirmed_gambling,Block List Project,single_source,1-bdmbet.com,Block List Project,1,,,,1,12,1,2,1,1,0,3.2516291673878226,0,659.0,1,0,0,,,,confirmed_gambling,Already confirmed by gambling blocklist/manual research,99,1-bdmbet.com,,,,,False,1,external gambling verification,False
755bet.com,1,1.0,confirmed_gambling,Block List Project,single_source,755bet.com,Block List Project,1,,,,1,10,3,1,1,0,0,3.1219280948873624,0,3227.0,1,1,1,753316.0,755bet.com,exact,confirmed_gambling,Already confirmed by gambling blocklist/manual research,99,755bet.com,,,,,False,1,external gambling verification,False
bingoplus.online,0,1.0,confirmed_gambling,Block List Project,single_source,bingoplus.online,Block List Project,1,,,,0,16,0,1,1,0,0,3.327819531114783,1,1613.0,1,1,1,,,,confirmed_gambling,Already confirmed by gambling blocklist/manual research,99,bingoplus.online,,,,,False,1,external gambling verification,False
light-pay.com,1,,needs_review,,,,,0,,,,0,13,0,2,1,1,0,3.7004397181410926,0,1136.0,1,1,1,,,,needs_manual_review,No gambling-list match and no Tranco match,5,light-pay.com,,,,,False,,,False
lottoland.co.uk,0,1.0,confirmed_gambling,Block List Project,single_source,lottoland.co.uk,Block List Project,1,,,,0,15,0,2,2,0,0,3.1898980954642875,0,4827.0,1,1,1,160656.0,lottoland.co.uk,exact,confirmed_gambling,Already confirmed by gambling blocklist/manual research,99,lottoland.co.uk,,,,,False,1,external gambling verification,False
sportsbet.mgame.ph,0,,priority_review,,,,,0,,,,1,18,0,2,2,0,0,3.5032583347756456,0,0.0,0,1,1,,,,priority_gambling_review,Contains gambling-related keyword,3,sportsbet.mgame.ph,,,,,False,,,False
casino-free-777.click,1,,priority_review,,,,,0,,,,1,21,3,3,1,1,0,3.6537567082870015,0,0.0,0,0,0,,,,priority_gambling_review,Contains gambling-related keyword,3,casino-free-777.click,,,,,False,,,False
bigwin99.net,1,,priority_review,,,,,0,,,,1,12,2,1,1,0,0,3.084962500721156,0,0.0,0,0,1,,,,priority_gambling_review,Contains gambling-related keyword,3,bigwin99.net,,,,,False,,,False
megascratch.com,0,,needs_review,,,,,0,,,,0,15,0,1,1,0,0,3.323231428797621,0,8612.0,1,1,1,,,,needs_manual_review,No gambling-list match and no Tranco match,5,megascratch.com,,,,,False,,,False
skyvegas.com,0,1.0,confirmed_gambling,Block List Project,single_source,skyvegas.com,Block List Project,1,,,,0,12,0,1,1,0,0,3.4182958340544896,0,9175.0,1,1,1,3624.0,skyvegas.com,exact,confirmed_gambling,Already confirmed by gambling blocklist/manual research,99,skyvegas.com,,,,,False,1,external gambling verification,False
888.co.uk,0,,needs_review,,,,,0,,,,0,9,3,2,2,0,0,2.4193819456463714,0,10433.0,1,1,1,,,,needs_manual_review,No gambling-list match and no Tranco match,5,888.co.uk,,,,,False,,,False
spinara.com,0,,needs_review,,,,,0,,,,0,11,0,1,1,0,0,3.277613436819116,0,1105.0,1,1,1,,,,needs_manual_review,No gambling-list match and no Tranco match,5,spinara.com,,,,,False,,,False
kingbet86.com,1,1.0,confirmed_gambling,Block List Project,single_source,kingbet86.com,Block List Project,1,,,,1,13,2,1,1,0,0,3.7004397181410926,0,71.0,1,0,1,,,,confirmed_gambling,Already confirmed by gambling blocklist/manual research,99,kingbet86.com,,,,,False,1,external gambling verification,False
viplucky.com,0,,needs_review,,,,,0,,,,0,12,0,1,1,0,0,3.4182958340544896,0,2924.0,1,1,1,,,,needs_manual_review,No gambling-list match and no Tranco match,5,viplucky.com,,,,,False,,,False
app-domain.pin77.com,0,1.0,confirmed_gambling,Block List Project,single_source,pin77.com,Block List Project,1,,,,0,20,2,3,2,1,0,3.3841837197791893,0,2135.0,1,0,0,,,,confirmed_gambling,Already confirmed by gambling blocklist/manual research,99,app-domain.pin77.com,,,,,False,1,external gambling verification,False
pin77.asia,0,,needs_review,,,,,0,,,,0,10,2,1,1,0,0,2.721928094887362,0,0.0,0,0,1,,,,needs_manual_review,No gambling-list match and no Tranco match,5,pin77.asia,,,,,False,,,False
bahistream.org,1,,needs_review,,,,,0,,,,0,14,0,1,1,0,0,3.521640636343318,0,0.0,0,0,0,,,,needs_manual_review,No gambling-list match and no Tranco match,5,bahistream.org,,,,,False,,,False
jackpotcity.co.uk,0,1.0,confirmed_gambling,Block List Project,single_source,jackpotcity.co.uk,Block List Project,1,,,,1,17,0,2,2,0,0,3.3371753411230767,0,8718.0,1,1,1,,,,confirmed_gambling,Already confirmed by gambling blocklist/manual research,99,jackpotcity.co.uk,,,,,False,1,external gambling verification,False
casinosieger.com,0,1.0,confirmed_gambling,Block List Project,single_source,casinosieger.com,Block List Project,1,,,,1,16,0,1,1,0,0,3.375,0,5385.0,1,0,1,649008.0,casinosieger.com,exact,confirmed_gambling,Already confirmed by gambling blocklist/manual research,99,casinosieger.com,,,,,False,1,external gambling verification,False
grandfinityplay,1,,needs_review,,,,,0,,,,0,15,0,0,0,0,0,3.373557262275185,0,0.0,0,0,0,,,,needs_manual_review,No gambling-list match and no Tranco match,5,grandfinityplay,,,,,False,,,False
win1212.com,1,,priority_review,,,,,0,,,,1,11,4,1,1,0,0,3.095795255000934,0,13.0,1,0,0,,,,priority_gambling_review,Contains gambling-related keyword,3,win1212.com,,,,,False,,,False
epicgame.ph,0,,needs_review,,,,,0,,,,0,11,0,1,1,0,0,3.095795255000934,0,0.0,0,0,1,,,,needs_manual_review,No gambling-list match and no Tranco match,5,epicgame.ph,,,,,False,,,False
bwin98.com,1,,priority_review,,,,,0,,,,1,10,2,1,1,0,0,3.321928094887362,0,3227.0,1,0,1,,,,priority_gambling_review,Contains gambling-related keyword,3,bwin98.com,,,,,False,,,False
1x-play.com,1,,needs_review,,,,,0,,,,0,11,1,2,1,1,0,3.4594316186372973,0,247.0,1,1,1,,,,needs_manual_review,No gambling-list match and no Tranco match,5,1x-play.com,,,,,False,,,False
halfagoal.com,1,,needs_review,,,,,0,,,,0,13,0,1,1,0,0,3.026986833359288,0,4163.0,1,0,1,,,,needs_manual_review,No gambling-list match and no Tranco match,5,halfagoal.com,,,,,False,,,False
fb88cool.com,1,,needs_review,,,,,0,,,,0,12,2,1,1,0,0,2.8553885422075336,0,2004.0,1,0,1,,,,needs_manual_review,No gambling-list match and no Tranco match,5,fb88cool.com,,,,,False,,,False
jackpotcombo.com,0,,priority_review,,,,,0,,,,1,16,0,1,1,0,0,3.077819531114783,0,528.0,1,1,1,,,,priority_gambling_review,Contains gambling-related keyword,3,jackpotcombo.com,,,,,False,,,False
gtaya.com,0,1.0,confirmed_gambling,Block List Project,single_source,gtaya.com,Block List Project,1,,,,0,9,0,1,1,0,0,2.94770277922009,0,309.0,1,1,1,216340.0,gtaya.com,exact,confirmed_gambling,Already confirmed by gambling blocklist/manual research,99,gtaya.com,,,,,False,1,external gambling verification,False
royalvalleycasino.com,0,,priority_review,,,,,0,,,,1,21,0,1,1,0,0,3.52257158913636,0,2070.0,1,1,1,,,,priority_gambling_review,Contains gambling-related keyword,3,royalvalleycasino.com,,,,,False,,,False
blingwin.me,0,,priority_review,,,,,0,,,,1,11,0,1,1,0,0,3.095795255000934,0,491.0,1,0,1,,,,priority_gambling_review,Contains gambling-related keyword,3,blingwin.me,,,,,False,,,False
slotnite.com,0,1.0,confirmed_gambling,Block List Project,single_source,slotnite.com,Block List Project,1,,,,1,12,0,1,1,0,0,3.2516291673878226,0,2792.0,1,1,1,,,,confirmed_gambling,Already confirmed by gambling blocklist/manual research,99,slotnite.com,,,,,False,1,external gambling verification,False
902bahisnow.com,1,,needs_review,,,,,0,,,,0,15,3,1,1,0,0,3.773557262275186,0,0.0,0,0,0,,,,needs_manual_review,No gambling-list match and no Tranco match,5,902bahisnow.com,,,,,False,,,False
pin77.com,0,1.0,confirmed_gambling,Block List Project,single_source,pin77.com,Block List Project,1,,,,0,13,2,2,2,0,0,3.026986833359288,0,2135.0,1,0,1,,,,confirmed_gambling,Already confirmed by gambling blocklist/manual research,99,pin77.com,,,,,False,1,external gambling verification,False
bwin6996.com,1,,priority_review,,,,,0,,,,1,12,4,1,1,0,0,3.2516291673878226,0,0.0,0,0,0,,,,priority_gambling_review,Contains gambling-related keyword,3,bwin6996.com,,,,,False,,,False
j8992.com,1,1.0,confirmed_gambling,Block List Project,single_source,j8992.com,Block List Project,1,,,,0,9,4,1,1,0,0,2.94770277922009,0,20.0,1,0,1,,,,confirmed_gambling,Already confirmed by gambling blocklist/manual research,99,j8992.com,,,,,False,1,external gambling verification,False
amusnet.es,0,,needs_review,,,,,0,,,,0,10,0,1,1,0,0,2.9219280948873623,0,0.0,0,1,1,,,,needs_manual_review,No gambling-list match and no Tranco match,5,amusnet.es,,,,,False,,,False
slot-bonus-777.buzz,1,,priority_review,,,,,0,,,,1,19,3,3,1,1,0,3.3660913291191923,0,0.0,0,0,0,,,,priority_gambling_review,Contains gambling-related keyword,3,slot-bonus-777.buzz,,,,,False,,,False
pickmeupbingo.com,0,,needs_review,,,,,0,,,,0,17,0,1,1,0,0,3.4992275471326924,0,7492.0,1,1,1,,,,needs_manual_review,No gambling-list match and no Tranco match,5,pickmeupbingo.com,,,,,False,,,False
lakilucky.com,0,,needs_review,,,,,0,,,,0,13,0,1,1,0,0,3.238901256602631,0,774.0,1,1,1,,,,needs_manual_review,No gambling-list match and no Tranco match,5,lakilucky.com,,,,,False,,,False
460.com,1,1.0,confirmed_gambling,Block List Project,single_source,460.com,Block List Project,1,,,,0,7,3,1,1,0,0,2.807354922057604,0,10201.0,1,1,1,751861.0,460.com,exact,confirmed_gambling,Already confirmed by gambling blocklist/manual research,99,460.com,,,,,False,1,external gambling verification,False
hipspin.com,0,,needs_review,,,,,0,,,,0,11,0,1,1,0,0,3.095795255000934,0,3046.0,1,1,1,,,,needs_manual_review,No gambling-list match and no Tranco match,5,hipspin.com,,,,,False,,,False
cfg600.com,1,,needs_review,,,,,0,,,,0,10,3,1,1,0,0,2.9219280948873623,0,0.0,0,0,0,,,,needs_manual_review,No gambling-list match and no Tranco match,5,cfg600.com,,,,,False,,,False
inplay.powerplay.ph,0,1.0,confirmed_gambling,Block List Project,single_source,powerplay.ph,Block List Project,1,,,,0,19,0,2,2,0,0,3.4058222502856905,0,0.0,0,1,1,,,,confirmed_gambling,Already confirmed by gambling blocklist/manual research,99,inplay.powerplay.ph,,,,,False,1,external gambling verification,False
jackpotcitycasino-uk.uk,1,,priority_review,,,,,0,,,,1,23,0,2,1,1,0,3.675310868912364,0,156.0,1,1,1,,,,priority_gambling_review,Contains gambling-related keyword,3,jackpotcitycasino-uk.uk,,,,,False,,,False
fezzogaming.com,1,,needs_review,,,,,0,,,,0,15,0,1,1,0,0,3.373557262275185,0,0.0,0,0,1,,,,needs_manual_review,No gambling-list match and no Tranco match,5,fezzogaming.com,,,,,False,,,False
slotsmagic.com,0,1.0,confirmed_gambling,Block List Project,single_source,slotsmagic.com,Block List Project,1,,,,1,14,0,1,1,0,0,3.235926350629033,0,8371.0,1,1,1,497205.0,slotsmagic.com,exact,confirmed_gambling,Already confirmed by gambling blocklist/manual research,99,slotsmagic.com,,,,,False,1,external gambling verification,False
red.mgame.com,0,,needs_review,,,,,0,,,,0,13,0,2,2,0,0,3.026986833359288,0,9650.0,1,0,1,197018.0,mgame.com,parent_domain,weak_benign_candidate,Appears in Tranco Top 1M,4,red.mgame.com,,uncertain,manual research,Specific subdomain remains unresolved,False,,,False
casivera.pro,1,,needs_review,,,,,0,,,,0,12,0,1,1,0,0,3.2516291673878226,0,0.0,0,0,1,,,,needs_manual_review,No gambling-list match and no Tranco match,5,casivera.pro,,,,,False,,,False
betdaq.com,0,1.0,confirmed_gambling,"Block List Project, UT1 Gambling",multi_source,betdaq.com,"Block List Project, UT1 Gambling",2,,,,1,10,0,1,1,0,0,3.321928094887362,0,9388.0,1,1,1,188373.0,betdaq.com,exact,confirmed_gambling,Already confirmed by gambling blocklist/manual research,99,betdaq.com,,,,,False,1,external gambling verification,False
bet-account-777.xyz,1,,priority_review,,,,,0,,,,1,19,3,3,1,1,0,3.6818808028034025,1,0.0,0,0,0,,,,priority_gambling_review,Contains gambling-related keyword,3,bet-account-777.xyz,,,,,False,,,False
gamezone.ph,0,1.0,confirmed_gambling,Block List Project,single_source,gamezone.ph,Block List Project,1,,,,0,11,0,1,1,0,0,3.277613436819116,0,0.0,0,1,1,216181.0,gamezone.ph,exact,confirmed_gambling,Already confirmed by gambling blocklist/manual research,99,gamezone.ph,,,,,False,1,external gambling verification,False
spgames.ph,0,,needs_review,,,,,0,,,,0,10,0,1,1,0,0,2.9219280948873623,0,0.0,0,0,1,,,,needs_manual_review,No gambling-list match and no Tranco match,5,spgames.ph,,,,,False,,,False
buenas.pro,0,1.0,confirmed_gambling,Block List Project,single_source,buenas.pro,Block List Project,1,,,,0,10,0,1,1,0,0,3.321928094887362,0,0.0,0,1,1,,,,confirmed_gambling,Already confirmed by gambling blocklist/manual research,99,buenas.pro,,,,,False,1,external gambling verification,False
aw33bd.com,1,,needs_review,,,,,0,,,,0,10,2,1,1,0,0,3.1219280948873624,0,1191.0,1,0,1,,,,needs_manual_review,No gambling-list match and no Tranco match,5,aw33bd.com,,,,,False,,,False
idnplaypoker,1,,needs_review,,,,,0,,,,0,12,0,0,0,0,0,3.4182958340544896,0,0.0,0,0,0,,,,needs_manual_review,No gambling-list match and no Tranco match,5,idnplaypoker,,,,,False,,,False
pinkribbonbingo.com,0,,needs_review,,,,,0,,,,0,19,0,1,1,0,0,3.246898565619697,0,5815.0,1,1,1,,,,needs_manual_review,No gambling-list match and no Tranco match,5,pinkribbonbingo.com,,,,,False,,,False
cashwin,1,,priority_review,,,,,0,,,,1,7,0,0,0,0,0,2.807354922057604,0,0.0,0,0,0,,,,priority_gambling_review,Contains gambling-related keyword,3,cashwin,,,,,False,,,False
casinoburada204.com,1,,priority_review,,,,,0,,,,1,19,3,1,1,0,0,3.787143960698139,0,516.0,1,0,1,,,,priority_gambling_review,Contains gambling-related keyword,3,casinoburada204.com,,,,,False,,,False
casivera66.com,1,,needs_review,,,,,0,,,,0,14,2,1,1,0,0,3.378783493486176,0,0.0,0,0,1,,,,needs_manual_review,No gambling-list match and no Tranco match,5,casivera66.com,,,,,False,,,False
birinicibet2.com,1,,priority_review,,,,,0,,,,1,16,1,1,1,0,0,3.25,0,0.0,0,0,0,,,,priority_gambling_review,Contains gambling-related keyword,3,birinicibet2.com,,,,,False,,,False
rgp.egamescasino.ph,0,1.0,confirmed_gambling,Block List Project,single_source,egamescasino.ph,Block List Project,1,,,,1,19,0,2,2,0,0,3.616348566075165,0,0.0,0,1,1,747344.0,egamescasino.ph,parent_domain,confirmed_gambling,Already confirmed by gambling blocklist/manual research,99,rgp.egamescasino.ph,,,,,False,1,external gambling verification,False
747.live,1,1.0,confirmed_gambling,Block List Project,single_source,747.live,Block List Project,1,,,,0,8,3,1,1,0,0,2.75,0,0.0,0,1,1,22197.0,747.live,exact,confirmed_gambling,Already confirmed by gambling blocklist/manual research,99,747.live,,,,,False,1,external gambling verification,False
sportybetbalanceadderx.weebly.com,1,,priority_review,,,,,0,,,,1,33,0,2,2,0,0,3.9195633472747033,0,7319.0,1,0,0,344.0,weebly.com,parent_domain,priority_gambling_review,Contains gambling-related keyword,3,sportybetbalanceadderx.weebly.com,,,,,False,,,False
nopeampi.com,0,1.0,confirmed_gambling,"Block List Project, UT1 Gambling",multi_source,nopeampi.com,"Block List Project, UT1 Gambling",2,,,,0,12,0,1,1,0,0,3.084962500721156,0,3071.0,1,1,1,732420.0,nopeampi.com,exact,confirmed_gambling,Already confirmed by gambling blocklist/manual research,99,nopeampi.com,,,,,False,1,external gambling verification,False
explosionbet.com,1,,priority_review,,,,,0,,,,1,16,0,1,1,0,0,3.577819531114783,0,0.0,0,0,0,,,,priority_gambling_review,Contains gambling-related keyword,3,explosionbet.com,,,,,False,,,False
betsson.co.uk,0,,priority_review,,,,,0,,,,1,13,0,2,2,0,0,3.238901256602631,0,6454.0,1,1,1,,,,priority_gambling_review,Contains gambling-related keyword,3,betsson.co.uk,,,,,False,,,False
pushbet.co.uk,0,1.0,confirmed_gambling,Block List Project,single_source,pushbet.co.uk,Block List Project,1,,,,1,13,0,2,2,0,0,3.3927474104487847,0,2155.0,1,1,1,,,,confirmed_gambling,Already confirmed by gambling blocklist/manual research,99,pushbet.co.uk,,,,,False,1,external gambling verification,False
youplayfortuna.com,1,,needs_review,,,,,0,,,,0,18,0,1,1,0,0,3.5724312513221195,0,0.0,0,0,0,,,,needs_manual_review,No gambling-list match and no Tranco match,5,youplayfortuna.com,,,,,False,,,False
electricspins.com,0,1.0,confirmed_gambling,Block List Project,single_source,electricspins.com,Block List Project,1,,,,0,17,0,1,1,0,0,3.4548223999466057,0,2844.0,1,1,1,,,,confirmed_gambling,Already confirmed by gambling blocklist/manual research,99,electricspins.com,,,,,False,1,external gambling verification,False
24grandcasino.com,1,,priority_review,,,,,0,,,,1,17,2,1,1,0,0,3.616874605956222,0,4589.0,1,0,1,,,,priority_gambling_review,Contains gambling-related keyword,3,24grandcasino.com,,,,,False,,,False
skycasino.com,0,1.0,confirmed_gambling,"Block List Project, UT1 Gambling",multi_source,skycasino.com,"Block List Project, UT1 Gambling",2,,,,1,13,0,1,1,0,0,3.238901256602631,0,10803.0,1,0,1,89444.0,skycasino.com,exact,confirmed_gambling,Already confirmed by gambling blocklist/manual research,99,skycasino.com,,,,,False,1,external gambling verification,False
harbibahis.com,1,,needs_review,,,,,0,,,,0,14,0,1,1,0,0,3.235926350629033,0,2887.0,1,0,1,,,,needs_manual_review,No gambling-list match and no Tranco match,5,harbibahis.com,,,,,False,,,False
essbahis.com,1,,needs_review,,,,,0,,,,0,12,0,1,1,0,0,3.188721875540867,0,1344.0,1,0,1,,,,needs_manual_review,No gambling-list match and no Tranco match,5,essbahis.com,,,,,False,,,False
sportybetadder581spo.weebly.com,1,,priority_review,,,,,0,,,,1,31,3,2,2,0,0,4.026619294188054,0,7319.0,1,1,1,344.0,weebly.com,parent_domain,priority_gambling_review,Contains gambling-related keyword,3,sportybetadder581spo.weebly.com,,,,,False,,,False
jadedsportsbet.com,0,,priority_review,,,,,0,,,,1,18,0,1,1,0,0,3.614369445886757,0,0.0,0,0,0,,,,priority_gambling_review,Contains gambling-related keyword,3,jadedsportsbet.com,,,,,False,,,False
download.pin77.com,0,1.0,confirmed_gambling,Block List Project,single_source,pin77.com,Block List Project,1,,,,0,18,2,2,2,0,0,3.4613201402110083,0,2135.0,1,1,1,,,,confirmed_gambling,Already confirmed by gambling blocklist/manual research,99,download.pin77.com,,,,,False,1,external gambling verification,False
vavadacnv.com,1,,needs_review,,,,,0,,,,0,13,0,1,1,0,0,2.815072410115944,0,0.0,0,0,0,,,,needs_manual_review,No gambling-list match and no Tranco match,5,vavadacnv.com,,,,,False,,,False
747.casino,1,,priority_review,,,,,0,,,,1,10,3,1,1,0,0,3.1219280948873624,0,0.0,0,0,1,,,,priority_gambling_review,Contains gambling-related keyword,3,747.casino,,,,,False,,,False
slot-login-777.buzz,1,,priority_review,,,,,0,,,,1,19,3,3,1,1,0,3.5766176449086657,0,0.0,0,0,0,,,,priority_gambling_review,Contains gambling-related keyword,3,slot-login-777.buzz,,,,,False,,,False
endorphina.com,0,,needs_review,,,,,0,,,,0,14,0,1,1,0,0,3.521640636343318,0,4609.0,1,0,1,210784.0,endorphina.com,exact,weak_benign_candidate,Appears in Tranco Top 1M,4,endorphina.com,1.0,verified,official website,B2B online slot and casino game provider,False,1,manual verification,False
bestbetss2u.com,1,,priority_review,,,,,0,,,,1,15,1,1,1,0,0,3.1898980954642875,0,0.0,0,0,1,,,,priority_gambling_review,Contains gambling-related keyword,3,bestbetss2u.com,,,,,False,,,False
sportybet-nig-bookingcode.weebly.com,1,,priority_review,,,,,0,,,,1,36,0,4,2,1,0,4.048688113203416,0,7319.0,1,0,0,344.0,weebly.com,parent_domain,priority_gambling_review,Contains gambling-related keyword,3,sportybet-nig-bookingcode.weebly.com,,,,,False,,,False
bet33.in,1,,priority_review,,,,,0,,,,1,8,2,1,1,0,0,2.75,0,1507.0,1,1,1,,,,priority_gambling_review,Contains gambling-related keyword,3,bet33.in,,,,,False,,,False
god55m6.org,1,,needs_review,,,,,0,,,,0,11,3,1,1,0,0,2.913977073182752,0,1457.0,1,1,1,,,,needs_manual_review,No gambling-list match and no Tranco match,5,god55m6.org,,,,,False,,,False
borgataonline.com,0,1.0,confirmed_gambling,"Block List Project, UT1 Gambling",multi_source,borgataonline.com,"Block List Project, UT1 Gambling",2,,,,0,17,0,1,1,0,0,3.572469458770135,0,9398.0,1,1,1,145171.0,borgataonline.com,exact,confirmed_gambling,Already confirmed by gambling blocklist/manual research,99,borgataonline.com,,,,,False,1,external gambling verification,False
play.monopolycasino.com,0,1.0,confirmed_gambling,Block List Project,single_source,monopolycasino.com,Block List Project,1,,,,1,23,0,2,2,0,0,3.323142804994543,0,9944.0,1,0,1,295540.0,monopolycasino.com,parent_domain,confirmed_gambling,Already confirmed by gambling blocklist/manual research,99,play.monopolycasino.com,,,,,False,1,external gambling verification,False
amgaminggroup.com,0,,needs_review,,,,,0,,,,0,17,0,1,1,0,0,3.29277019393699,0,1553.0,1,1,1,,,,needs_manual_review,No gambling-list match and no Tranco match,5,amgaminggroup.com,,,,,False,,,False
apuestarey.com,0,1.0,confirmed_gambling,"Block List Project, UT1 Gambling",multi_source,apuestarey.com,"Block List Project, UT1 Gambling",2,,,,0,14,0,1,1,0,0,3.521640636343318,0,1270.0,1,1,1,,,,confirmed_gambling,Already confirmed by gambling blocklist/manual research,99,apuestarey.com,,,,,False,1,external gambling verification,False
betacular.live,1,,priority_review,,,,,0,,,,1,14,0,1,1,0,0,3.378783493486176,0,0.0,0,1,1,92163.0,betacular.live,exact,priority_gambling_review,Contains gambling-related keyword,3,betacular.live,,,,,False,,,False
1-xbet.in,1,,priority_review,,,,,0,,,,1,9,1,2,1,1,0,3.169925001442312,0,1870.0,1,0,1,,,,priority_gambling_review,Contains gambling-related keyword,3,1-xbet.in,,,,,False,,,False
nordicautomaten.com,0,,needs_review,,,,,0,,,,0,19,0,1,1,0,0,3.471354487013929,0,4661.0,1,1,1,,,,needs_manual_review,No gambling-list match and no Tranco match,5,nordicautomaten.com,,,,,False,,,False
rekabet.eu,1,,priority_review,,,,,0,,,,1,10,0,1,1,0,0,2.8464393446710154,0,0.0,0,0,0,,,,priority_gambling_review,Contains gambling-related keyword,3,rekabet.eu,,,,,False,,,False
vulkan-365.cc,1,,needs_review,,,,,0,,,,0,13,3,2,1,1,0,3.546593564294939,0,287.0,1,0,0,,,,needs_manual_review,No gambling-list match and no Tranco match,5,vulkan-365.cc,,,,,False,,,False
spintime.ph,0,1.0,confirmed_gambling,Block List Project,single_source,spintime.ph,Block List Project,1,,,,0,11,0,1,1,0,0,3.095795255000934,0,0.0,0,0,1,,,,confirmed_gambling,Already confirmed by gambling blocklist/manual research,99,spintime.ph,,,,,False,1,external gambling verification,False
sportybetreedembonus04.weebly.com,1,,priority_review,,,,,0,,,,1,33,2,2,2,0,0,3.9225895736416696,0,7319.0,1,0,0,344.0,weebly.com,parent_domain,priority_gambling_review,Contains gambling-related keyword,3,sportybetreedembonus04.weebly.com,,,,,False,,,False
ibet1x2.com,1,,priority_review,,,,,0,,,,1,11,2,1,1,0,0,3.4594316186372973,0,0.0,0,0,0,,,,priority_gambling_review,Contains gambling-related keyword,3,ibet1x2.com,,,,,False,,,False
ph.747.live,0,1.0,confirmed_gambling,Block List Project,single_source,747.live,Block List Project,1,,,,0,11,3,2,2,0,0,3.095795255000934,0,0.0,0,1,1,22197.0,747.live,parent_domain,confirmed_gambling,Already confirmed by gambling blocklist/manual research,99,ph.747.live,,,,,False,1,external gambling verification,False
lucksports.biz,1,,needs_review,,,,,0,,,,0,14,0,1,1,0,0,3.664497779200461,0,0.0,0,0,0,,,,needs_manual_review,No gambling-list match and no Tranco match,5,lucksports.biz,,,,,False,,,False
winpanalo.com,0,1.0,confirmed_gambling,Block List Project,single_source,winpanalo.com,Block List Project,1,,,,1,13,0,1,1,0,0,3.238901256602631,0,458.0,1,0,0,,,,confirmed_gambling,Already confirmed by gambling blocklist/manual research,99,winpanalo.com,,,,,False,1,external gambling verification,False
bet368.in,1,,priority_review,,,,,0,,,,1,9,3,1,1,0,0,3.169925001442312,0,0.0,0,0,0,,,,priority_gambling_review,Contains gambling-related keyword,3,bet368.in,,,,,False,,,False
bosswd777,1,,priority_review,,,,,0,,,,1,9,3,0,0,0,0,2.4193819456463714,0,0.0,0,0,0,,,,priority_gambling_review,Contains gambling-related keyword,3,bosswd777,,,,,False,,,False
poker-bonus-888.site,1,,needs_review,,,,,0,,,,0,20,3,3,1,1,0,3.684183719779189,1,0.0,0,0,0,,,,needs_manual_review,No gambling-list match and no Tranco match,5,poker-bonus-888.site,,,,,False,,,False
bet-bonus-365.live,1,,priority_review,,,,,0,,,,1,18,3,3,1,1,0,3.836591668108978,0,0.0,0,0,0,,,,priority_gambling_review,Contains gambling-related keyword,3,bet-bonus-365.live,,,,,False,,,False
betmarlo539.com,1,,priority_review,,,,,0,,,,1,15,3,1,1,0,0,3.640223928941852,0,0.0,0,0,1,,,,priority_gambling_review,Contains gambling-related keyword,3,betmarlo539.com,,,,,False,,,False
supercasino.com,0,1.0,confirmed_gambling,"Block List Project, UT1 Gambling",multi_source,supercasino.com,"Block List Project, UT1 Gambling",2,,,,1,15,0,1,1,0,0,3.506890595608519,0,8195.0,1,1,1,421070.0,supercasino.com,exact,confirmed_gambling,Already confirmed by gambling blocklist/manual research,99,supercasino.com,,,,,False,1,external gambling verification,False
vulcanplay.one,1,,needs_review,,,,,0,,,,0,14,0,1,1,0,0,3.378783493486176,0,604.0,1,0,1,,,,needs_manual_review,No gambling-list match and no Tranco match,5,vulcanplay.one,,,,,False,,,False
dafabet,1,,priority_review,,,,,0,,,,1,7,0,0,0,0,0,2.521640636343318,0,0.0,0,0,0,,,,priority_gambling_review,Contains gambling-related keyword,3,dafabet,,,,,False,,,False
betmgm.co.uk,0,1.0,confirmed_gambling,Block List Project,single_source,betmgm.co.uk,Block List Project,1,,,,1,12,0,2,2,0,0,3.2516291673878226,0,1081.0,1,0,1,49757.0,betmgm.co.uk,exact,confirmed_gambling,Already confirmed by gambling blocklist/manual research,99,betmgm.co.uk,,,,,False,1,external gambling verification,False
citybingo.com,0,1.0,confirmed_gambling,"Block List Project, UT1 Gambling",multi_source,citybingo.com,"Block List Project, UT1 Gambling",2,,,,0,13,0,1,1,0,0,3.238901256602631,0,9185.0,1,1,1,,,,confirmed_gambling,Already confirmed by gambling blocklist/manual research,99,citybingo.com,,,,,False,1,external gambling verification,False
klikfifa.com,1,1.0,confirmed_gambling,Block List Project,single_source,klikfifa.com,Block List Project,1,,,,0,12,0,1,1,0,0,3.084962500721156,0,4948.0,1,0,1,,,,confirmed_gambling,Already confirmed by gambling blocklist/manual research,99,klikfifa.com,,,,,False,1,external gambling verification,False
tombola.com,0,1.0,confirmed_gambling,Block List Project,single_source,tombola.com,Block List Project,1,,,,0,11,0,1,1,0,0,2.8453509366224368,0,10666.0,1,1,1,315094.0,tombola.com,exact,confirmed_gambling,Already confirmed by gambling blocklist/manual research,99,tombola.com,,,,,False,1,external gambling verification,False
kodabet.com,0,,priority_review,,,,,0,,,,1,11,0,1,1,0,0,3.277613436819116,0,415.0,1,1,1,,,,priority_gambling_review,Contains gambling-related keyword,3,kodabet.com,,,,,False,,,False
footballtycoon.org,1,,needs_review,,,,,0,,,,0,18,0,1,1,0,0,3.3027227528624894,0,0.0,0,0,0,,,,needs_manual_review,No gambling-list match and no Tranco match,5,footballtycoon.org,,,,,False,,,False
casinowinner.io,1,1.0,confirmed_gambling,"Block List Project, UT1 Gambling",multi_source,casinowinner.io,"Block List Project, UT1 Gambling",2,,,,1,15,0,1,1,0,0,3.139572261986723,0,655.0,1,0,0,,,,confirmed_gambling,Already confirmed by gambling blocklist/manual research,99,casinowinner.io,,,,,False,1,external gambling verification,False
bybet.ph,0,,priority_review,,,,,0,,,,1,8,0,1,1,0,0,2.75,0,0.0,0,1,1,,,,priority_gambling_review,Contains gambling-related keyword,3,bybet.ph,,,,,False,,,False
shbazi30.com,1,,needs_review,,,,,0,,,,0,12,2,1,1,0,0,3.584962500721156,0,0.0,0,0,0,,,,needs_manual_review,No gambling-list match and no Tranco match,5,shbazi30.com,,,,,False,,,False
