domain,label,verified_label,verification_status,verification_source,confirmation_strength,blocklist_match,matched_sources,source_count,manual_verified_label,manual_review_status,manual_notes,has_gambling_keyword,url_length,digit_count,special_char_count,dot_count,has_hyphen,is_ip,entropy,suspicious_tld,domain_age_days,has_domain_info,ssl_valid,dns_resolves,tranco_rank,tranco_match,tranco_match_type,benign_candidate_status,benign_candidate_reason,review_priority,original_domain_before_merge,review_verified_label,review_status_manual,review_verification_method,review_notes,label_conflict,final_verified_label,final_label_source,duplicate_label_conflict
sulobet.ph,0,1.0,confirmed_gambling,Block List Project,single_source,sulobet.ph,Block List Project,1,,,,1,10,0,1,1,0,0,3.321928094887362,0,0.0,0,1,1,,,,confirmed_gambling,Already confirmed by gambling blocklist/manual research,99,sulobet.ph,,,,,False,1,external gambling verification,False
casino.jackpocket.com,1,1.0,confirmed_gambling,"Block List Project, Manual research",multi_source,casino.jackpocket.com,"Block List Project, Manual research",2,,,,1,21,0,2,2,0,0,3.499227541723357,0,5052.0,1,1,1,105433.0,jackpocket.com,parent_domain,confirmed_gambling,Already confirmed by gambling blocklist/manual research,99,casino.jackpocket.com,,,,,False,1,external gambling verification,False
xoplay.ph,0,1.0,confirmed_gambling,Block List Project,single_source,xoplay.ph,Block List Project,1,,,,0,9,0,1,1,0,0,2.94770277922009,0,0.0,0,1,1,,,,confirmed_gambling,Already confirmed by gambling blocklist/manual research,99,xoplay.ph,,,,,False,1,external gambling verification,False
bet88.com,1,1.0,confirmed_gambling,Manual research,single_source,bet88.com,Manual research,1,,,,1,9,2,1,1,0,0,2.94770277922009,0,9856.0,1,0,0,,,,confirmed_gambling,Already confirmed by gambling blocklist/manual research,99,bet88.com,,,,,False,1,external gambling verification,False
epicwinvip.club,1,1.0,confirmed_gambling,Block List Project,single_source,epicwinvip.club,Block List Project,1,,,,1,15,0,1,1,0,0,3.323231428797621,1,2109.0,1,1,1,,,,confirmed_gambling,Already confirmed by gambling blocklist/manual research,99,epicwinvip.club,,,,,False,1,external gambling verification,False
slotmojo.com,1,1.0,confirmed_gambling,"Block List Project, Manual research",multi_source,slotmojo.com,"Block List Project, Manual research",2,,,,1,12,0,1,1,0,0,2.7516291673878226,0,733.0,1,1,1,,,,confirmed_gambling,Already confirmed by gambling blocklist/manual research,99,slotmojo.com,,,,,False,1,external gambling verification,False
sailorbingo.com,1,1.0,confirmed_gambling,Manual research,single_source,sailorbingo.com,Manual research,1,,,,0,15,0,1,1,0,0,3.456564762130954,0,3693.0,1,1,1,,,,confirmed_gambling,Already confirmed by gambling blocklist/manual research,99,sailorbingo.com,,,,,False,1,external gambling verification,False
gamefun.ph,0,1.0,confirmed_gambling,Block List Project,single_source,gamefun.ph,Block List Project,1,,,,0,10,0,1,1,0,0,3.321928094887362,0,0.0,0,1,1,,,,confirmed_gambling,Already confirmed by gambling blocklist/manual research,99,gamefun.ph,,,,,False,1,external gambling verification,False
bahisnow.com,1,1.0,confirmed_gambling,Block List Project,single_source,bahisnow.com,Block List Project,1,,,,0,12,0,1,1,0,0,3.4182958340544896,0,3511.0,1,0,1,,,,confirmed_gambling,Already confirmed by gambling blocklist/manual research,99,bahisnow.com,,,,,False,1,external gambling verification,False
24pokies3.com,1,1.0,confirmed_gambling,Block List Project,single_source,24pokies3.com,Block List Project,1,,,,0,13,3,1,1,0,0,3.546593564294939,0,554.0,1,1,1,,,,confirmed_gambling,Already confirmed by gambling blocklist/manual research,99,24pokies3.com,,,,,False,1,external gambling verification,False
regalwins.com,0,1.0,confirmed_gambling,"Block List Project, UT1 Gambling",multi_source,regalwins.com,"Block List Project, UT1 Gambling",2,,,,1,13,0,1,1,0,0,3.7004397181410926,0,3357.0,1,1,1,876583.0,regalwins.com,exact,confirmed_gambling,Already confirmed by gambling blocklist/manual research,99,regalwins.com,,,,,False,1,external gambling verification,False
inplay.ph,0,1.0,confirmed_gambling,Block List Project,single_source,inplay.ph,Block List Project,1,,,,0,9,0,1,1,0,0,2.94770277922009,0,0.0,0,1,1,856290.0,inplay.ph,exact,confirmed_gambling,Already confirmed by gambling blocklist/manual research,99,inplay.ph,,,,,False,1,external gambling verification,False
ww88.com,1,1.0,confirmed_gambling,Block List Project,single_source,ww88.com,Block List Project,1,,,,0,8,2,1,1,0,0,2.5,0,7874.0,1,0,0,,,,confirmed_gambling,Already confirmed by gambling blocklist/manual research,99,ww88.com,,,,,False,1,external gambling verification,False
rainbowspins.com,0,1.0,confirmed_gambling,Block List Project,single_source,rainbowspins.com,Block List Project,1,,,,0,16,0,1,1,0,0,3.5,0,2123.0,1,1,1,584356.0,rainbowspins.com,exact,confirmed_gambling,Already confirmed by gambling blocklist/manual research,99,rainbowspins.com,,,,,False,1,external gambling verification,False
mu9.com,1,1.0,confirmed_gambling,Block List Project,single_source,mu9.com,Block List Project,1,,,,0,7,1,1,1,0,0,2.521640636343318,0,8330.0,1,1,1,,,,confirmed_gambling,Already confirmed by gambling blocklist/manual research,99,mu9.com,,,,,False,1,external gambling verification,False
jackpotjoy.com,0,1.0,confirmed_gambling,Block List Project,single_source,jackpotjoy.com,Block List Project,1,,,,1,14,0,1,1,0,0,3.1820058147602133,0,9017.0,1,0,1,59063.0,jackpotjoy.com,exact,confirmed_gambling,Already confirmed by gambling blocklist/manual research,99,jackpotjoy.com,,,,,False,1,external gambling verification,False
casinoper.com,1,1.0,confirmed_gambling,"Block List Project, UT1 Gambling",multi_source,casinoper.com,"Block List Project, UT1 Gambling",2,,,,1,13,0,1,1,0,0,3.3927474104487847,0,2138.0,1,0,1,,,,confirmed_gambling,Already confirmed by gambling blocklist/manual research,99,casinoper.com,,,,,False,1,external gambling verification,False
inplay.betway.com,0,1.0,confirmed_gambling,"Block List Project, UT1 Gambling",multi_source,betway.com,"Block List Project, UT1 Gambling",2,,,,1,17,0,2,2,0,0,3.7345216647797512,0,8734.0,1,0,1,15985.0,betway.com,parent_domain,confirmed_gambling,Already confirmed by gambling blocklist/manual research,99,inplay.betway.com,,,,,False,1,external gambling verification,False
24pokies4.com,1,1.0,confirmed_gambling,Block List Project,single_source,24pokies4.com,Block List Project,1,,,,0,13,3,1,1,0,0,3.3927474104487847,0,182.0,1,1,1,,,,confirmed_gambling,Already confirmed by gambling blocklist/manual research,99,24pokies4.com,,,,,False,1,external gambling verification,False
eeze.com,0,,needs_review,,,,,0,,,,0,8,0,1,1,0,0,2.4056390622295662,0,8310.0,1,1,1,562493.0,eeze.com,exact,weak_benign_candidate,Appears in Tranco Top 1M,4,eeze.com,1.0,verified,official website,Live casino and slot provider,False,1,manual verification,False
casino-1xbet.com,1,1.0,confirmed_gambling,Block List Project,single_source,casino-1xbet.com,Block List Project,1,,,,1,16,1,2,1,1,0,3.75,0,1524.0,1,0,1,,,,confirmed_gambling,Already confirmed by gambling blocklist/manual research,99,casino-1xbet.com,,,,,False,1,external gambling verification,False
bigbunny.ph,0,1.0,confirmed_gambling,Block List Project,single_source,bigbunny.ph,Block List Project,1,,,,0,11,0,1,1,0,0,3.095795255000934,0,0.0,0,1,1,81304.0,bigbunny.ph,exact,confirmed_gambling,Already confirmed by gambling blocklist/manual research,99,bigbunny.ph,,,,,False,1,external gambling verification,False
789.com,0,1.0,confirmed_gambling,Block List Project,single_source,789.com,Block List Project,1,,,,0,7,3,1,1,0,0,2.807354922057604,0,10914.0,1,1,1,,,,confirmed_gambling,Already confirmed by gambling blocklist/manual research,99,789.com,,,,,False,1,external gambling verification,False
522bet.com,1,1.0,confirmed_gambling,Block List Project,single_source,522bet.com,Block List Project,1,,,,1,10,3,1,1,0,0,3.1219280948873624,0,2964.0,1,1,1,752107.0,522bet.com,exact,confirmed_gambling,Already confirmed by gambling blocklist/manual research,99,522bet.com,,,,,False,1,external gambling verification,False
spinnalot.com,0,1.0,confirmed_gambling,Block List Project,single_source,spinnalot.com,Block List Project,1,,,,0,13,0,1,1,0,0,3.3927474104487847,0,1761.0,1,0,1,,,,confirmed_gambling,Already confirmed by gambling blocklist/manual research,99,spinnalot.com,,,,,False,1,external gambling verification,False
casino-ra.com,1,1.0,confirmed_gambling,Block List Project,single_source,casino-ra.com,Block List Project,1,,,,1,13,0,2,1,1,0,3.238901256602631,0,4369.0,1,1,1,,,,confirmed_gambling,Already confirmed by gambling blocklist/manual research,99,casino-ra.com,,,,,False,1,external gambling verification,False
videoslots.com,0,1.0,confirmed_gambling,"Block List Project, UT1 Gambling",multi_source,videoslots.com,"Block List Project, UT1 Gambling",2,,,,1,14,0,1,1,0,0,3.3248629576173565,0,9956.0,1,1,1,48038.0,videoslots.com,exact,confirmed_gambling,Already confirmed by gambling blocklist/manual research,99,videoslots.com,,,,,False,1,external gambling verification,False
bppoker.ph,0,1.0,confirmed_gambling,Block List Project,single_source,bppoker.ph,Block List Project,1,,,,0,10,0,1,1,0,0,2.8464393446710154,0,0.0,0,0,0,,,,confirmed_gambling,Already confirmed by gambling blocklist/manual research,99,bppoker.ph,,,,,False,1,external gambling verification,False
gentlemanjim.bet,0,1.0,confirmed_gambling,"Block List Project, UT1 Gambling",multi_source,gentlemanjim.bet,"Block List Project, UT1 Gambling",2,,,,1,16,0,1,1,0,0,3.327819531114783,0,0.0,0,0,1,,,,confirmed_gambling,Already confirmed by gambling blocklist/manual research,99,gentlemanjim.bet,,,,,False,1,external gambling verification,False
w88br.com,1,1.0,confirmed_gambling,Block List Project,single_source,w88br.com,Block List Project,1,,,,0,9,2,1,1,0,0,2.94770277922009,0,1424.0,1,1,1,,,,confirmed_gambling,Already confirmed by gambling blocklist/manual research,99,w88br.com,,,,,False,1,external gambling verification,False
arenaplus.ph,0,1.0,confirmed_gambling,Block List Project,single_source,arenaplus.ph,Block List Project,1,,,,0,12,0,1,1,0,0,3.2516291673878226,0,0.0,0,1,1,9543.0,arenaplus.ph,exact,confirmed_gambling,Already confirmed by gambling blocklist/manual research,99,arenaplus.ph,,,,,False,1,external gambling verification,False
thescore.bet,0,1.0,confirmed_gambling,"Block List Project, UT1 Gambling",multi_source,thescore.bet,"Block List Project, UT1 Gambling",2,,,,1,12,0,1,1,0,0,3.0220552088742005,0,0.0,0,1,1,33347.0,thescore.bet,exact,confirmed_gambling,Already confirmed by gambling blocklist/manual research,99,thescore.bet,,,,,False,1,external gambling verification,False
ww88uu.vip,1,1.0,confirmed_gambling,Block List Project,single_source,ww88uu.vip,Block List Project,1,,,,0,10,2,1,1,0,0,2.721928094887362,0,124.0,1,1,1,,,,confirmed_gambling,Already confirmed by gambling blocklist/manual research,99,ww88uu.vip,,,,,False,1,external gambling verification,False
bppoker.live,0,1.0,confirmed_gambling,Block List Project,single_source,bppoker.live,Block List Project,1,,,,0,12,0,1,1,0,0,3.2516291673878226,0,0.0,0,0,0,,,,confirmed_gambling,Already confirmed by gambling blocklist/manual research,99,bppoker.live,,,,,False,1,external gambling verification,False
24pokies.com,1,1.0,confirmed_gambling,Block List Project,single_source,24pokies.com,Block List Project,1,,,,0,12,2,1,1,0,0,3.4182958340544896,0,3403.0,1,1,1,,,,confirmed_gambling,Already confirmed by gambling blocklist/manual research,99,24pokies.com,,,,,False,1,external gambling verification,False
fastwin.ph,0,1.0,confirmed_gambling,Block List Project,single_source,fastwin.ph,Block List Project,1,,,,1,10,0,1,1,0,0,3.321928094887362,0,0.0,0,1,1,,,,confirmed_gambling,Already confirmed by gambling blocklist/manual research,99,fastwin.ph,,,,,False,1,external gambling verification,False
gameph.com,0,1.0,confirmed_gambling,Block List Project,single_source,gameph.com,Block List Project,1,,,,0,10,0,1,1,0,0,3.1219280948873624,0,6667.0,1,0,1,,,,confirmed_gambling,Already confirmed by gambling blocklist/manual research,99,gameph.com,,,,,False,1,external gambling verification,False
haha777.world,1,1.0,confirmed_gambling,Block List Project,single_source,haha777.world,Block List Project,1,,,,1,13,3,1,1,0,0,3.026986833359288,0,0.0,0,0,1,,,,confirmed_gambling,Already confirmed by gambling blocklist/manual research,99,haha777.world,,,,,False,1,external gambling verification,False
suomikasino.com,0,1.0,confirmed_gambling,"Block List Project, UT1 Gambling",multi_source,suomikasino.com,"Block List Project, UT1 Gambling",2,,,,0,15,0,1,1,0,0,3.1898980954642875,0,6438.0,1,1,1,886256.0,suomikasino.com,exact,confirmed_gambling,Already confirmed by gambling blocklist/manual research,99,suomikasino.com,,,,,False,1,external gambling verification,False
betfair.com,0,1.0,confirmed_gambling,"Block List Project, UT1 Gambling",multi_source,betfair.com,"Block List Project, UT1 Gambling",2,,,,1,11,0,1,1,0,0,3.4594316186372973,0,9523.0,1,0,1,7853.0,betfair.com,exact,confirmed_gambling,Already confirmed by gambling blocklist/manual research,99,betfair.com,,,,,False,1,external gambling verification,False
partycasino.com,0,1.0,confirmed_gambling,"Block List Project, UT1 Gambling",multi_source,partycasino.com,"Block List Project, UT1 Gambling",2,,,,1,15,0,1,1,0,0,3.506890595608519,0,10210.0,1,1,1,30523.0,partycasino.com,exact,confirmed_gambling,Already confirmed by gambling blocklist/manual research,99,partycasino.com,,,,,False,1,external gambling verification,False
24pokies1.com,1,1.0,confirmed_gambling,Block List Project,single_source,24pokies1.com,Block List Project,1,,,,0,13,3,1,1,0,0,3.546593564294939,0,604.0,1,0,0,,,,confirmed_gambling,Already confirmed by gambling blocklist/manual research,99,24pokies1.com,,,,,False,1,external gambling verification,False
luckymate.co.uk,0,1.0,confirmed_gambling,"Block List Project, UT1 Gambling",multi_source,luckymate.co.uk,"Block List Project, UT1 Gambling",2,,,,0,15,0,2,2,0,0,3.373557262275185,0,1024.0,1,0,1,,,,confirmed_gambling,Already confirmed by gambling blocklist/manual research,99,luckymate.co.uk,,,,,False,1,external gambling verification,False
buzzbingo.com,0,1.0,confirmed_gambling,Block List Project,single_source,buzzbingo.com,Block List Project,1,,,,0,13,0,1,1,0,0,3.238901256602631,0,9520.0,1,0,1,62888.0,buzzbingo.com,exact,confirmed_gambling,Already confirmed by gambling blocklist/manual research,99,buzzbingo.com,,,,,False,1,external gambling verification,False
bet-at-home.de,0,1.0,confirmed_gambling,"Block List Project, UT1 Gambling",multi_source,bet-at-home.de,"Block List Project, UT1 Gambling",2,,,,1,14,0,3,1,1,0,3.1820058147602133,0,0.0,0,1,1,148396.0,bet-at-home.de,exact,confirmed_gambling,Already confirmed by gambling blocklist/manual research,99,bet-at-home.de,,,,,False,1,external gambling verification,False
nj.betmgm.com,0,1.0,confirmed_gambling,"Block List Project, UT1 Gambling",multi_source,betmgm.com,"Block List Project, UT1 Gambling",2,,,,1,13,0,2,2,0,0,3.180832987205441,0,8655.0,1,0,1,10694.0,betmgm.com,parent_domain,confirmed_gambling,Already confirmed by gambling blocklist/manual research,99,nj.betmgm.com,,,,,False,1,external gambling verification,False
buenas.plus,0,1.0,confirmed_gambling,Block List Project,single_source,buenas.plus,Block List Project,1,,,,0,11,0,1,1,0,0,3.095795255000934,0,0.0,0,1,1,,,,confirmed_gambling,Already confirmed by gambling blocklist/manual research,99,buenas.plus,,,,,False,1,external gambling verification,False
playtime.ph,0,1.0,confirmed_gambling,Block List Project,single_source,playtime.ph,Block List Project,1,,,,0,11,0,1,1,0,0,3.277613436819116,0,0.0,0,1,1,17806.0,playtime.ph,exact,confirmed_gambling,Already confirmed by gambling blocklist/manual research,99,playtime.ph,,,,,False,1,external gambling verification,False
sportsplus.ph,0,1.0,confirmed_gambling,Block List Project,single_source,sportsplus.ph,Block List Project,1,,,,0,13,0,1,1,0,0,2.9689185639620974,0,0.0,0,1,1,23253.0,sportsplus.ph,exact,confirmed_gambling,Already confirmed by gambling blocklist/manual research,99,sportsplus.ph,,,,,False,1,external gambling verification,False
sbobet.com,1,1.0,confirmed_gambling,"Block List Project, UT1 Gambling",multi_source,sbobet.com,"Block List Project, UT1 Gambling",2,,,,1,10,0,1,1,0,0,2.9219280948873623,0,8233.0,1,0,1,35640.0,sbobet.com,exact,confirmed_gambling,Already confirmed by gambling blocklist/manual research,99,sbobet.com,,,,,False,1,external gambling verification,False
eplay.egamescasino.ph,0,1.0,confirmed_gambling,Block List Project,single_source,egamescasino.ph,Block List Project,1,,,,1,21,0,2,2,0,0,3.6537567082870015,0,0.0,0,0,0,747344.0,egamescasino.ph,parent_domain,confirmed_gambling,Already confirmed by gambling blocklist/manual research,99,eplay.egamescasino.ph,,,,,False,1,external gambling verification,False
sportingbet.com,0,1.0,confirmed_gambling,"Block List Project, UT1 Gambling",multi_source,sportingbet.com,"Block List Project, UT1 Gambling",2,,,,1,15,0,1,1,0,0,3.640223928941852,0,10446.0,1,1,1,26728.0,sportingbet.com,exact,confirmed_gambling,Already confirmed by gambling blocklist/manual research,99,sportingbet.com,,,,,False,1,external gambling verification,False
skybingo.com,0,1.0,confirmed_gambling,Block List Project,single_source,skybingo.com,Block List Project,1,,,,0,12,0,1,1,0,0,3.4182958340544896,0,9582.0,1,1,1,84895.0,skybingo.com,exact,confirmed_gambling,Already confirmed by gambling blocklist/manual research,99,skybingo.com,,,,,False,1,external gambling verification,False
casinoin.ie,0,1.0,confirmed_gambling,"Block List Project, UT1 Gambling",multi_source,casinoin.ie,"Block List Project, UT1 Gambling",2,,,,1,11,0,1,1,0,0,2.8453509366224368,0,1170.0,1,1,1,,,,confirmed_gambling,Already confirmed by gambling blocklist/manual research,99,casinoin.ie,,,,,False,1,external gambling verification,False
sin88.club,1,1.0,confirmed_gambling,Block List Project,single_source,sin88.club,Block List Project,1,,,,0,10,2,1,1,0,0,3.1219280948873624,1,2360.0,1,1,1,,,,confirmed_gambling,Already confirmed by gambling blocklist/manual research,99,sin88.club,,,,,False,1,external gambling verification,False
ibet.com,0,1.0,confirmed_gambling,Block List Project,single_source,ibet.com,Block List Project,1,,,,1,8,0,1,1,0,0,3.0,0,10387.0,1,0,1,271654.0,ibet.com,exact,confirmed_gambling,Already confirmed by gambling blocklist/manual research,99,ibet.com,,,,,False,1,external gambling verification,False
karhubet.com,0,1.0,confirmed_gambling,Block List Project,single_source,karhubet.com,Block List Project,1,,,,1,12,0,1,1,0,0,3.584962500721156,0,257.0,1,1,1,,,,confirmed_gambling,Already confirmed by gambling blocklist/manual research,99,karhubet.com,,,,,False,1,external gambling verification,False
nustargame.ph,0,,needs_review,,,,,0,,,,0,13,0,1,1,0,0,3.546593564294939,0,0.0,0,0,1,75785.0,nustargame.ph,exact,medium_benign_candidate,Top 100K Tranco and no gambling keyword,2,nustargame.ph,1.0,verified,official website,Online casino and gaming website,False,1,manual verification,False
foxybingo.com,0,1.0,confirmed_gambling,Block List Project,single_source,foxybingo.com,Block List Project,1,,,,0,13,0,1,1,0,0,3.334679141051595,0,7737.0,1,0,1,56044.0,foxybingo.com,exact,confirmed_gambling,Already confirmed by gambling blocklist/manual research,99,foxybingo.com,,,,,False,1,external gambling verification,False
nustar.ph,0,,needs_review,,,,,0,,,,0,9,0,1,1,0,0,3.169925001442312,0,0.0,0,0,1,149357.0,nustar.ph,exact,weak_benign_candidate,Appears in Tranco Top 1M,4,nustar.ph,1.0,verified,official website,NUSTAR casino and gaming,False,1,manual verification,False
cpcalendars.winzir.com,0,1.0,confirmed_gambling,Block List Project,single_source,winzir.com,Block List Project,1,,,,1,22,0,2,2,0,0,3.788754913993503,0,1507.0,1,1,1,,,,confirmed_gambling,Already confirmed by gambling blocklist/manual research,99,cpcalendars.winzir.com,,,,,False,1,external gambling verification,False
tastevegas.com,0,1.0,confirmed_gambling,Block List Project,single_source,tastevegas.com,Block List Project,1,,,,0,14,0,1,1,0,0,3.235926350629033,0,6827.0,1,1,1,,,,confirmed_gambling,Already confirmed by gambling blocklist/manual research,99,tastevegas.com,,,,,False,1,external gambling verification,False
gtongits.com,0,1.0,confirmed_gambling,Block List Project,single_source,gtongits.com,Block List Project,1,,,,0,12,0,1,1,0,0,3.084962500721156,0,128.0,1,1,1,789037.0,gtongits.com,exact,confirmed_gambling,Already confirmed by gambling blocklist/manual research,99,gtongits.com,,,,,False,1,external gambling verification,False
optibet.com,0,1.0,confirmed_gambling,Block List Project,single_source,optibet.com,Block List Project,1,,,,1,11,0,1,1,0,0,3.095795255000934,0,9216.0,1,1,1,868535.0,optibet.com,exact,confirmed_gambling,Already confirmed by gambling blocklist/manual research,99,optibet.com,,,,,False,1,external gambling verification,False
bet-at-home.com,0,1.0,confirmed_gambling,"Block List Project, UT1 Gambling",multi_source,bet-at-home.com,"Block List Project, UT1 Gambling",2,,,,1,15,0,3,1,1,0,3.240223928941852,0,9686.0,1,0,1,149662.0,bet-at-home.com,exact,confirmed_gambling,Already confirmed by gambling blocklist/manual research,99,bet-at-home.com,,,,,False,1,external gambling verification,False
zetbet.com,0,1.0,confirmed_gambling,Block List Project,single_source,zetbet.com,Block List Project,1,,,,1,10,0,1,1,0,0,2.9219280948873623,0,5457.0,1,1,1,,,,confirmed_gambling,Already confirmed by gambling blocklist/manual research,99,zetbet.com,,,,,False,1,external gambling verification,False
quinnbet.com,0,1.0,confirmed_gambling,Block List Project,single_source,quinnbet.com,Block List Project,1,,,,1,12,0,1,1,0,0,3.4182958340544896,0,3264.0,1,1,1,299870.0,quinnbet.com,exact,confirmed_gambling,Already confirmed by gambling blocklist/manual research,99,quinnbet.com,,,,,False,1,external gambling verification,False
136bet.com,1,1.0,confirmed_gambling,Block List Project,single_source,136bet.com,Block List Project,1,,,,1,10,3,1,1,0,0,3.321928094887362,0,4236.0,1,1,1,601164.0,136bet.com,exact,confirmed_gambling,Already confirmed by gambling blocklist/manual research,99,136bet.com,,,,,False,1,external gambling verification,False
debet.bot,1,1.0,confirmed_gambling,Block List Project,single_source,debet.bot,Block List Project,1,,,,1,9,0,1,1,0,0,2.5032583347756456,0,0.0,0,1,1,,,,confirmed_gambling,Already confirmed by gambling blocklist/manual research,99,debet.bot,,,,,False,1,external gambling verification,False
888.com,0,1.0,confirmed_gambling,"Block List Project, UT1 Gambling",multi_source,888.com,"Block List Project, UT1 Gambling",2,,,,0,7,3,1,1,0,0,2.128085278891394,0,11112.0,1,1,1,46757.0,888.com,exact,confirmed_gambling,Already confirmed by gambling blocklist/manual research,99,888.com,,,,,False,1,external gambling verification,False
okplay.ph,0,1.0,confirmed_gambling,Block List Project,single_source,okplay.ph,Block List Project,1,,,,0,9,0,1,1,0,0,2.94770277922009,0,0.0,0,1,1,86470.0,okplay.ph,exact,confirmed_gambling,Already confirmed by gambling blocklist/manual research,99,okplay.ph,,,,,False,1,external gambling verification,False
gladiator-slot.com,1,1.0,confirmed_gambling,Block List Project,single_source,gladiator-slot.com,Block List Project,1,,,,1,18,0,2,1,1,0,3.5724312513221195,0,1872.0,1,1,1,,,,confirmed_gambling,Already confirmed by gambling blocklist/manual research,99,gladiator-slot.com,,,,,False,1,external gambling verification,False
linqapp.com,1,,needs_review,,,,,0,,,,0,11,0,1,1,0,0,3.277613436819116,0,5044.0,1,0,1,233414.0,linqapp.com,exact,weak_benign_candidate,Appears in Tranco Top 1M,4,linqapp.com,0.0,verified,official documentation,Digital business card and CRM platform,False,0,manual verification,False
stardustcasino.com,0,1.0,confirmed_gambling,Block List Project,single_source,stardustcasino.com,Block List Project,1,,,,1,18,0,1,1,0,0,3.4613201402110083,0,10552.0,1,0,1,589655.0,stardustcasino.com,exact,confirmed_gambling,Already confirmed by gambling blocklist/manual research,99,stardustcasino.com,,,,,False,1,external gambling verification,False
81bet.com,1,1.0,confirmed_gambling,Block List Project,single_source,81bet.com,Block List Project,1,,,,1,9,2,1,1,0,0,3.169925001442312,0,7115.0,1,1,1,601202.0,81bet.com,exact,confirmed_gambling,Already confirmed by gambling blocklist/manual research,99,81bet.com,,,,,False,1,external gambling verification,False
copybet.com,0,1.0,confirmed_gambling,Block List Project,single_source,copybet.com,Block List Project,1,,,,1,11,0,1,1,0,0,3.095795255000934,0,4796.0,1,1,1,394263.0,copybet.com,exact,confirmed_gambling,Already confirmed by gambling blocklist/manual research,99,copybet.com,,,,,False,1,external gambling verification,False
gperya.com,0,1.0,confirmed_gambling,Block List Project,single_source,gperya.com,Block List Project,1,,,,0,10,0,1,1,0,0,3.321928094887362,0,218.0,1,1,1,11281.0,gperya.com,exact,confirmed_gambling,Already confirmed by gambling blocklist/manual research,99,gperya.com,,,,,False,1,external gambling verification,False
okbet.com,0,1.0,confirmed_gambling,Block List Project,single_source,okbet.com,Block List Project,1,,,,1,9,0,1,1,0,0,2.94770277922009,0,8182.0,1,1,1,9115.0,okbet.com,exact,confirmed_gambling,Already confirmed by gambling blocklist/manual research,99,okbet.com,,,,,False,1,external gambling verification,False
jackpot247.com,0,1.0,confirmed_gambling,Block List Project,single_source,jackpot247.com,Block List Project,1,,,,1,14,3,1,1,0,0,3.521640636343318,0,8092.0,1,1,1,895898.0,jackpot247.com,exact,confirmed_gambling,Already confirmed by gambling blocklist/manual research,99,jackpot247.com,,,,,False,1,external gambling verification,False
buenas.life,0,1.0,confirmed_gambling,Block List Project,single_source,buenas.life,Block List Project,1,,,,0,11,0,1,1,0,0,3.277613436819116,0,0.0,0,1,1,,,,confirmed_gambling,Already confirmed by gambling blocklist/manual research,99,buenas.life,,,,,False,1,external gambling verification,False
immortalwins.com,0,1.0,confirmed_gambling,Block List Project,single_source,immortalwins.com,Block List Project,1,,,,1,16,0,1,1,0,0,3.452819531114783,0,2080.0,1,0,1,,,,confirmed_gambling,Already confirmed by gambling blocklist/manual research,99,immortalwins.com,,,,,False,1,external gambling verification,False
lakiwin.com,0,1.0,confirmed_gambling,Block List Project,single_source,lakiwin.com,Block List Project,1,,,,1,11,0,1,1,0,0,3.277613436819116,0,816.0,1,1,1,205009.0,lakiwin.com,exact,confirmed_gambling,Already confirmed by gambling blocklist/manual research,99,lakiwin.com,,,,,False,1,external gambling verification,False
betway.com,0,1.0,confirmed_gambling,"Block List Project, UT1 Gambling",multi_source,betway.com,"Block List Project, UT1 Gambling",2,,,,1,10,0,1,1,0,0,3.321928094887362,0,8734.0,1,1,1,15985.0,betway.com,exact,confirmed_gambling,Already confirmed by gambling blocklist/manual research,99,betway.com,,,,,False,1,external gambling verification,False
mohegansuncasino.com,0,1.0,confirmed_gambling,"Block List Project, UT1 Gambling",multi_source,mohegansuncasino.com,"Block List Project, UT1 Gambling",2,,,,1,20,0,1,1,0,0,3.4464393446710155,0,8132.0,1,1,1,262624.0,mohegansuncasino.com,exact,confirmed_gambling,Already confirmed by gambling blocklist/manual research,99,mohegansuncasino.com,,,,,False,1,external gambling verification,False
amusnetgaming.com,0,1.0,confirmed_gambling,Block List Project,single_source,amusnetgaming.com,Block List Project,1,,,,0,17,0,1,1,0,0,3.4548223999466057,0,4952.0,1,1,1,,,,confirmed_gambling,Already confirmed by gambling blocklist/manual research,99,amusnetgaming.com,,,,,False,1,external gambling verification,False
fruitkings.com,0,,needs_review,,,,,0,,,,0,14,0,1,1,0,0,3.664497779200461,0,7465.0,1,1,1,903173.0,fruitkings.com,exact,weak_benign_candidate,Appears in Tranco Top 1M,4,fruitkings.com,1.0,verified,official website,Real-money online casino,False,1,manual verification,False
888bingo.com,0,1.0,confirmed_gambling,"Block List Project, UT1 Gambling",multi_source,888bingo.com,"Block List Project, UT1 Gambling",2,,,,0,12,3,1,1,0,0,3.0220552088742005,0,8634.0,1,1,1,,,,confirmed_gambling,Already confirmed by gambling blocklist/manual research,99,888bingo.com,,,,,False,1,external gambling verification,False
casinomaxx.ph,0,1.0,confirmed_gambling,Block List Project,single_source,casinomaxx.ph,Block List Project,1,,,,1,13,0,1,1,0,0,3.3927474104487847,0,0.0,0,1,1,,,,confirmed_gambling,Already confirmed by gambling blocklist/manual research,99,casinomaxx.ph,,,,,False,1,external gambling verification,False
matchbook.com,0,1.0,confirmed_gambling,"Block List Project, UT1 Gambling",multi_source,matchbook.com,"Block List Project, UT1 Gambling",2,,,,0,13,0,1,1,0,0,3.026986833359288,0,11355.0,1,1,1,192700.0,matchbook.com,exact,confirmed_gambling,Already confirmed by gambling blocklist/manual research,99,matchbook.com,,,,,False,1,external gambling verification,False
casino.betway.com,0,1.0,confirmed_gambling,"Block List Project, UT1 Gambling",multi_source,betway.com,"Block List Project, UT1 Gambling",2,,,,1,17,0,2,2,0,0,3.616874605956222,0,8734.0,1,1,1,15985.0,betway.com,parent_domain,confirmed_gambling,Already confirmed by gambling blocklist/manual research,99,casino.betway.com,,,,,False,1,external gambling verification,False
postcodelottery.co.uk,0,1.0,confirmed_gambling,Block List Project,single_source,postcodelottery.co.uk,Block List Project,1,,,,0,21,0,2,2,0,0,3.499227541723357,0,8189.0,1,1,1,60248.0,postcodelottery.co.uk,exact,confirmed_gambling,Already confirmed by gambling blocklist/manual research,99,postcodelottery.co.uk,,,,,False,1,external gambling verification,False
okbet.one,0,1.0,confirmed_gambling,Block List Project,single_source,okbet.one,Block List Project,1,,,,1,9,0,1,1,0,0,2.725480556997868,0,1524.0,1,1,1,,,,confirmed_gambling,Already confirmed by gambling blocklist/manual research,99,okbet.one,,,,,False,1,external gambling verification,False
slotzy.com,0,1.0,confirmed_gambling,Block List Project,single_source,slotzy.com,Block List Project,1,,,,1,10,0,1,1,0,0,3.1219280948873624,0,7243.0,1,1,1,,,,confirmed_gambling,Already confirmed by gambling blocklist/manual research,99,slotzy.com,,,,,False,1,external gambling verification,False
nj.partycasino.com,0,1.0,confirmed_gambling,"Block List Project, UT1 Gambling",multi_source,partycasino.com,"Block List Project, UT1 Gambling",2,,,,1,18,0,2,2,0,0,3.614369445886757,0,10210.0,1,1,1,30523.0,partycasino.com,parent_domain,confirmed_gambling,Already confirmed by gambling blocklist/manual research,99,nj.partycasino.com,,,,,False,1,external gambling verification,False
canada777.com,1,1.0,confirmed_gambling,Block List Project,single_source,canada777.com,Block List Project,1,,,,1,13,3,1,1,0,0,2.815072410115944,0,2072.0,1,0,1,,,,confirmed_gambling,Already confirmed by gambling blocklist/manual research,99,canada777.com,,,,,False,1,external gambling verification,False
buenas.site,0,1.0,confirmed_gambling,Block List Project,single_source,buenas.site,Block List Project,1,,,,0,11,0,1,1,0,0,3.095795255000934,1,825.0,1,1,1,,,,confirmed_gambling,Already confirmed by gambling blocklist/manual research,99,buenas.site,,,,,False,1,external gambling verification,False
msw.ph,0,1.0,confirmed_gambling,Block List Project,single_source,msw.ph,Block List Project,1,,,,0,6,0,1,1,0,0,2.584962500721156,0,0.0,0,1,1,606297.0,msw.ph,exact,confirmed_gambling,Already confirmed by gambling blocklist/manual research,99,msw.ph,,,,,False,1,external gambling verification,False
elyucasino.com,1,1.0,confirmed_gambling,"Block List Project, UT1 Gambling",multi_source,elyucasino.com,"Block List Project, UT1 Gambling",2,,,,1,14,0,1,1,0,0,3.521640636343318,0,1332.0,1,0,1,,,,confirmed_gambling,Already confirmed by gambling blocklist/manual research,99,elyucasino.com,,,,,False,1,external gambling verification,False
juan365.com,0,1.0,confirmed_gambling,Block List Project,single_source,juan365.com,Block List Project,1,,,,0,11,3,1,1,0,0,3.4594316186372973,0,429.0,1,0,1,9595.0,juan365.com,exact,confirmed_gambling,Already confirmed by gambling blocklist/manual research,99,juan365.com,,,,,False,1,external gambling verification,False
vegas.betway.com,0,1.0,confirmed_gambling,"Block List Project, UT1 Gambling",multi_source,betway.com,"Block List Project, UT1 Gambling",2,,,,1,16,0,2,2,0,0,3.625,0,8734.0,1,1,1,15985.0,betway.com,parent_domain,confirmed_gambling,Already confirmed by gambling blocklist/manual research,99,vegas.betway.com,,,,,False,1,external gambling verification,False
ps88.com,0,1.0,confirmed_gambling,Block List Project,single_source,ps88.com,Block List Project,1,,,,0,8,2,1,1,0,0,2.75,0,4615.0,1,1,1,,,,confirmed_gambling,Already confirmed by gambling blocklist/manual research,99,ps88.com,,,,,False,1,external gambling verification,False
sg8.zone,0,1.0,confirmed_gambling,Block List Project,single_source,sg8.zone,Block List Project,1,,,,0,8,1,1,1,0,0,3.0,0,0.0,0,1,1,,,,confirmed_gambling,Already confirmed by gambling blocklist/manual research,99,sg8.zone,,,,,False,1,external gambling verification,False
buffalospins.com,0,1.0,confirmed_gambling,Block List Project,single_source,buffalospins.com,Block List Project,1,,,,0,16,0,1,1,0,0,3.625,0,1940.0,1,0,1,,,,confirmed_gambling,Already confirmed by gambling blocklist/manual research,99,buffalospins.com,,,,,False,1,external gambling verification,False
api.pin77.com,0,1.0,confirmed_gambling,Block List Project,single_source,pin77.com,Block List Project,1,,,,0,13,2,2,2,0,0,3.0850551027564768,0,2135.0,1,1,1,,,,confirmed_gambling,Already confirmed by gambling blocklist/manual research,99,api.pin77.com,,,,,False,1,external gambling verification,False
mrplay.com,0,1.0,confirmed_gambling,Block List Project,single_source,mrplay.com,Block List Project,1,,,,0,10,0,1,1,0,0,3.1219280948873624,0,6361.0,1,0,1,329541.0,mrplay.com,exact,confirmed_gambling,Already confirmed by gambling blocklist/manual research,99,mrplay.com,,,,,False,1,external gambling verification,False
pinkcasino.co.uk,0,1.0,confirmed_gambling,"Block List Project, UT1 Gambling",multi_source,pinkcasino.co.uk,"Block List Project, UT1 Gambling",2,,,,1,16,0,2,2,0,0,3.25,0,5905.0,1,1,1,282438.0,pinkcasino.co.uk,exact,confirmed_gambling,Already confirmed by gambling blocklist/manual research,99,pinkcasino.co.uk,,,,,False,1,external gambling verification,False
peachygames.com,0,1.0,confirmed_gambling,"Block List Project, UT1 Gambling",multi_source,peachygames.com,"Block List Project, UT1 Gambling",2,,,,0,15,0,1,1,0,0,3.373557262275185,0,5196.0,1,1,1,613893.0,peachygames.com,exact,confirmed_gambling,Already confirmed by gambling blocklist/manual research,99,peachygames.com,,,,,False,1,external gambling verification,False
ob9sg.com,1,1.0,confirmed_gambling,Block List Project,single_source,ob9sg.com,Block List Project,1,,,,0,9,1,1,1,0,0,2.94770277922009,0,0.0,0,0,1,,,,confirmed_gambling,Already confirmed by gambling blocklist/manual research,99,ob9sg.com,,,,,False,1,external gambling verification,False
apricot.co.im,0,1.0,confirmed_gambling,Block List Project,single_source,apricot.co.im,Block List Project,1,,,,0,13,0,2,2,0,0,3.0850551027564768,0,0.0,0,1,1,,,,confirmed_gambling,Already confirmed by gambling blocklist/manual research,99,apricot.co.im,,,,,False,1,external gambling verification,False
placebet.co.uk,0,1.0,confirmed_gambling,Block List Project,single_source,placebet.co.uk,Block List Project,1,,,,1,14,0,2,2,0,0,3.378783493486176,0,8034.0,1,1,1,,,,confirmed_gambling,Already confirmed by gambling blocklist/manual research,99,placebet.co.uk,,,,,False,1,external gambling verification,False
slotskingdom.co.uk,0,1.0,confirmed_gambling,Block List Project,single_source,slotskingdom.co.uk,Block List Project,1,,,,1,18,0,2,2,0,0,3.5724312513221195,0,3344.0,1,1,1,,,,confirmed_gambling,Already confirmed by gambling blocklist/manual research,99,slotskingdom.co.uk,,,,,False,1,external gambling verification,False
dogobet.com,1,1.0,confirmed_gambling,Block List Project,single_source,dogobet.com,Block List Project,1,,,,1,11,0,1,1,0,0,3.0271691184406184,0,2592.0,1,0,1,,,,confirmed_gambling,Already confirmed by gambling blocklist/manual research,99,dogobet.com,,,,,False,1,external gambling verification,False
okbet.link,0,1.0,confirmed_gambling,Block List Project,single_source,okbet.link,Block List Project,1,,,,1,10,0,1,1,0,0,3.1219280948873624,0,1512.0,1,1,1,,,,confirmed_gambling,Already confirmed by gambling blocklist/manual research,99,okbet.link,,,,,False,1,external gambling verification,False
maximalwins.com,1,1.0,confirmed_gambling,Block List Project,single_source,maximalwins.com,Block List Project,1,,,,1,15,0,1,1,0,0,3.323231428797621,0,2020.0,1,1,1,,,,confirmed_gambling,Already confirmed by gambling blocklist/manual research,99,maximalwins.com,,,,,False,1,external gambling verification,False
play.bingoplus.com,0,1.0,confirmed_gambling,Block List Project,single_source,bingoplus.com,Block List Project,1,,,,0,18,0,2,2,0,0,3.725480556997868,0,8407.0,1,1,1,1591.0,bingoplus.com,parent_domain,confirmed_gambling,Already confirmed by gambling blocklist/manual research,99,play.bingoplus.com,,,,,False,1,external gambling verification,False
okgames.ph,0,1.0,confirmed_gambling,Block List Project,single_source,okgames.ph,Block List Project,1,,,,0,10,0,1,1,0,0,3.321928094887362,0,0.0,0,1,1,816630.0,okgames.ph,exact,confirmed_gambling,Already confirmed by gambling blocklist/manual research,99,okgames.ph,,,,,False,1,external gambling verification,False
egamescasino.ph,0,1.0,confirmed_gambling,Block List Project,single_source,egamescasino.ph,Block List Project,1,,,,1,15,0,1,1,0,0,3.506890595608519,0,0.0,0,1,1,747344.0,egamescasino.ph,exact,confirmed_gambling,Already confirmed by gambling blocklist/manual research,99,egamescasino.ph,,,,,False,1,external gambling verification,False
24bettle.com,0,1.0,confirmed_gambling,Block List Project,single_source,24bettle.com,Block List Project,1,,,,1,12,2,1,1,0,0,3.2516291673878226,0,3929.0,1,0,1,,,,confirmed_gambling,Already confirmed by gambling blocklist/manual research,99,24bettle.com,,,,,False,1,external gambling verification,False
okbet.help,0,1.0,confirmed_gambling,Block List Project,single_source,okbet.help,Block List Project,1,,,,1,10,0,1,1,0,0,3.1219280948873624,0,1511.0,1,1,1,,,,confirmed_gambling,Already confirmed by gambling blocklist/manual research,99,okbet.help,,,,,False,1,external gambling verification,False
slotpony.com,0,1.0,confirmed_gambling,Block List Project,single_source,slotpony.com,Block List Project,1,,,,1,12,0,1,1,0,0,3.188721875540867,0,731.0,1,1,1,,,,confirmed_gambling,Already confirmed by gambling blocklist/manual research,99,slotpony.com,,,,,False,1,external gambling verification,False
mrluck.com,0,1.0,confirmed_gambling,Block List Project,single_source,mrluck.com,Block List Project,1,,,,0,10,0,1,1,0,0,2.9219280948873623,0,7742.0,1,1,1,,,,confirmed_gambling,Already confirmed by gambling blocklist/manual research,99,mrluck.com,,,,,False,1,external gambling verification,False
hpbet.com,0,1.0,confirmed_gambling,Block List Project,single_source,hpbet.com,Block List Project,1,,,,1,9,0,1,1,0,0,3.169925001442312,0,3724.0,1,0,1,,,,confirmed_gambling,Already confirmed by gambling blocklist/manual research,99,hpbet.com,,,,,False,1,external gambling verification,False
arenaplus.net,0,1.0,confirmed_gambling,Block List Project,single_source,arenaplus.net,Block List Project,1,,,,0,13,0,1,1,0,0,3.238901256602631,0,1263.0,1,1,1,869546.0,arenaplus.net,exact,confirmed_gambling,Already confirmed by gambling blocklist/manual research,99,arenaplus.net,,,,,False,1,external gambling verification,False
rrbet.com,1,1.0,confirmed_gambling,Block List Project,single_source,rrbet.com,Block List Project,1,,,,1,9,0,1,1,0,0,2.94770277922009,0,5505.0,1,1,1,828320.0,rrbet.com,exact,confirmed_gambling,Already confirmed by gambling blocklist/manual research,99,rrbet.com,,,,,False,1,external gambling verification,False
debet.moi,1,1.0,confirmed_gambling,Block List Project,single_source,debet.moi,Block List Project,1,,,,1,9,0,1,1,0,0,2.94770277922009,0,0.0,0,1,1,,,,confirmed_gambling,Already confirmed by gambling blocklist/manual research,99,debet.moi,,,,,False,1,external gambling verification,False
crazywin.ph,0,1.0,confirmed_gambling,Block List Project,single_source,crazywin.ph,Block List Project,1,,,,1,11,0,1,1,0,0,3.4594316186372973,0,0.0,0,1,1,,,,confirmed_gambling,Already confirmed by gambling blocklist/manual research,99,crazywin.ph,,,,,False,1,external gambling verification,False
dragonbet.co.uk,0,1.0,confirmed_gambling,"Block List Project, UT1 Gambling",multi_source,dragonbet.co.uk,"Block List Project, UT1 Gambling",2,,,,1,15,0,2,2,0,0,3.640223928941852,0,1840.0,1,0,1,582372.0,dragonbet.co.uk,exact,confirmed_gambling,Already confirmed by gambling blocklist/manual research,99,dragonbet.co.uk,,,,,False,1,external gambling verification,False
diamond-777.com,1,1.0,confirmed_gambling,Block List Project,single_source,diamond-777.com,Block List Project,1,,,,1,15,3,2,1,1,0,3.1898980954642875,0,1865.0,1,1,1,,,,confirmed_gambling,Already confirmed by gambling blocklist/manual research,99,diamond-777.com,,,,,False,1,external gambling verification,False
batumcasino1.com,1,1.0,confirmed_gambling,Block List Project,single_source,batumcasino1.com,Block List Project,1,,,,1,16,1,1,1,0,0,3.5,0,0.0,0,0,1,,,,confirmed_gambling,Already confirmed by gambling blocklist/manual research,99,batumcasino1.com,,,,,False,1,external gambling verification,False
luckster.com,0,1.0,confirmed_gambling,Block List Project,single_source,luckster.com,Block List Project,1,,,,0,12,0,1,1,0,0,3.4182958340544896,0,9234.0,1,1,1,,,,confirmed_gambling,Already confirmed by gambling blocklist/manual research,99,luckster.com,,,,,False,1,external gambling verification,False
888sport.com,0,1.0,confirmed_gambling,"Block List Project, UT1 Gambling",multi_source,888sport.com,"Block List Project, UT1 Gambling",2,,,,0,12,3,1,1,0,0,3.0220552088742005,0,7785.0,1,1,1,45177.0,888sport.com,exact,confirmed_gambling,Already confirmed by gambling blocklist/manual research,99,888sport.com,,,,,False,1,external gambling verification,False
aussie-bet33.com,1,1.0,confirmed_gambling,Block List Project,single_source,aussie-bet33.com,Block List Project,1,,,,1,16,2,2,1,1,0,3.625,0,87.0,1,1,1,,,,confirmed_gambling,Already confirmed by gambling blocklist/manual research,99,aussie-bet33.com,,,,,False,1,external gambling verification,False
nustarmax.com,0,1.0,confirmed_gambling,Block List Project,single_source,nustarmax.com,Block List Project,1,,,,0,13,0,1,1,0,0,3.3927474104487847,0,764.0,1,1,1,,,,confirmed_gambling,Already confirmed by gambling blocklist/manual research,99,nustarmax.com,,,,,False,1,external gambling verification,False
lucky-casino.co,1,1.0,confirmed_gambling,Block List Project,single_source,lucky-casino.co,Block List Project,1,,,,1,15,0,2,1,1,0,3.456564762130954,0,0.0,0,1,1,,,,confirmed_gambling,Already confirmed by gambling blocklist/manual research,99,lucky-casino.co,,,,,False,1,external gambling verification,False
cosmiccasino.org,1,1.0,confirmed_gambling,Block List Project,single_source,cosmiccasino.org,Block List Project,1,,,,1,16,0,1,1,0,0,3.1556390622295662,0,5148.0,1,1,1,,,,confirmed_gambling,Already confirmed by gambling blocklist/manual research,99,cosmiccasino.org,,,,,False,1,external gambling verification,False
bppoker.net,0,1.0,confirmed_gambling,Block List Project,single_source,bppoker.net,Block List Project,1,,,,0,11,0,1,1,0,0,3.095795255000934,0,793.0,1,0,0,,,,confirmed_gambling,Already confirmed by gambling blocklist/manual research,99,bppoker.net,,,,,False,1,external gambling verification,False
nj.betparx.com,0,1.0,confirmed_gambling,Block List Project,single_source,betparx.com,Block List Project,1,,,,1,14,0,2,2,0,0,3.664497779200461,0,3345.0,1,0,1,654434.0,betparx.com,parent_domain,confirmed_gambling,Already confirmed by gambling blocklist/manual research,99,nj.betparx.com,,,,,False,1,external gambling verification,False
fruits4real.com,0,1.0,confirmed_gambling,Block List Project,single_source,fruits4real.com,Block List Project,1,,,,0,15,1,1,1,0,0,3.773557262275186,0,5231.0,1,0,1,,,,confirmed_gambling,Already confirmed by gambling blocklist/manual research,99,fruits4real.com,,,,,False,1,external gambling verification,False
tombola.co.uk,0,1.0,confirmed_gambling,Block List Project,single_source,tombola.co.uk,Block List Project,1,,,,0,13,0,2,2,0,0,3.180832987205441,0,9673.0,1,1,1,57489.0,tombola.co.uk,exact,confirmed_gambling,Already confirmed by gambling blocklist/manual research,99,tombola.co.uk,,,,,False,1,external gambling verification,False
sg8.casino,0,1.0,confirmed_gambling,Block List Project,single_source,sg8.casino,Block List Project,1,,,,1,10,1,1,1,0,0,3.1219280948873624,0,0.0,0,0,1,81399.0,sg8.casino,exact,confirmed_gambling,Already confirmed by gambling blocklist/manual research,99,sg8.casino,,,,,False,1,external gambling verification,False
bppoker.app,0,1.0,confirmed_gambling,Block List Project,single_source,bppoker.app,Block List Project,1,,,,0,11,0,1,1,0,0,2.7321588913645702,0,0.0,0,0,0,,,,confirmed_gambling,Already confirmed by gambling blocklist/manual research,99,bppoker.app,,,,,False,1,external gambling verification,False
redbusbingo.com,0,1.0,confirmed_gambling,"Block List Project, UT1 Gambling",multi_source,redbusbingo.com,"Block List Project, UT1 Gambling",2,,,,0,15,0,1,1,0,0,3.640223928941852,0,7306.0,1,1,1,,,,confirmed_gambling,Already confirmed by gambling blocklist/manual research,99,redbusbingo.com,,,,,False,1,external gambling verification,False
rapidcasino.com,0,1.0,confirmed_gambling,Block List Project,single_source,rapidcasino.com,Block List Project,1,,,,1,15,0,1,1,0,0,3.373557262275185,0,8435.0,1,0,1,,,,confirmed_gambling,Already confirmed by gambling blocklist/manual research,99,rapidcasino.com,,,,,False,1,external gambling verification,False
nustaronline.vip,0,1.0,confirmed_gambling,Block List Project,single_source,nustaronline.vip,Block List Project,1,,,,0,16,0,1,1,0,0,3.577819531114783,0,563.0,1,1,1,,,,confirmed_gambling,Already confirmed by gambling blocklist/manual research,99,nustaronline.vip,,,,,False,1,external gambling verification,False
betmaster.ie,0,1.0,confirmed_gambling,Block List Project,single_source,betmaster.ie,Block List Project,1,,,,1,12,0,1,1,0,0,3.0220552088742005,0,1724.0,1,1,1,616215.0,betmaster.ie,exact,confirmed_gambling,Already confirmed by gambling blocklist/manual research,99,betmaster.ie,,,,,False,1,external gambling verification,False
bet55.com,1,1.0,confirmed_gambling,Block List Project,single_source,bet55.com,Block List Project,1,,,,1,9,2,1,1,0,0,2.94770277922009,0,405.0,1,1,1,,,,confirmed_gambling,Already confirmed by gambling blocklist/manual research,99,bet55.com,,,,,False,1,external gambling verification,False
buenas.ph,0,1.0,confirmed_gambling,Block List Project,single_source,buenas.ph,Block List Project,1,,,,0,9,0,1,1,0,0,3.169925001442312,0,0.0,0,1,1,199488.0,buenas.ph,exact,confirmed_gambling,Already confirmed by gambling blocklist/manual research,99,buenas.ph,,,,,False,1,external gambling verification,False
ggpanalo.com,0,1.0,confirmed_gambling,Block List Project,single_source,ggpanalo.com,Block List Project,1,,,,0,12,0,1,1,0,0,3.084962500721156,0,309.0,1,1,1,86242.0,ggpanalo.com,exact,confirmed_gambling,Already confirmed by gambling blocklist/manual research,99,ggpanalo.com,,,,,False,1,external gambling verification,False
okgames.com,0,1.0,confirmed_gambling,Block List Project,single_source,okgames.com,Block List Project,1,,,,0,11,0,1,1,0,0,3.095795255000934,0,8326.0,1,1,1,,,,confirmed_gambling,Already confirmed by gambling blocklist/manual research,99,okgames.com,,,,,False,1,external gambling verification,False
onbet111.com,1,1.0,confirmed_gambling,Block List Project,single_source,onbet111.com,Block List Project,1,,,,1,12,3,1,1,0,0,3.0220552088742005,0,1502.0,1,1,1,,,,confirmed_gambling,Already confirmed by gambling blocklist/manual research,99,onbet111.com,,,,,False,1,external gambling verification,False
slamz.com,0,1.0,confirmed_gambling,Block List Project,single_source,slamz.com,Block List Project,1,,,,0,9,0,1,1,0,0,2.94770277922009,0,7850.0,1,1,1,,,,confirmed_gambling,Already confirmed by gambling blocklist/manual research,99,slamz.com,,,,,False,1,external gambling verification,False
dreamjackpot.com,0,1.0,confirmed_gambling,Block List Project,single_source,dreamjackpot.com,Block List Project,1,,,,1,16,0,1,1,0,0,3.5,0,3832.0,1,0,1,571009.0,dreamjackpot.com,exact,confirmed_gambling,Already confirmed by gambling blocklist/manual research,99,dreamjackpot.com,,,,,False,1,external gambling verification,False
betscore24.com,1,1.0,confirmed_gambling,Block List Project,single_source,betscore24.com,Block List Project,1,,,,1,14,2,1,1,0,0,3.378783493486176,0,0.0,0,1,1,,,,confirmed_gambling,Already confirmed by gambling blocklist/manual research,99,betscore24.com,,,,,False,1,external gambling verification,False
rbvn08.com,1,1.0,confirmed_gambling,Block List Project,single_source,rbvn08.com,Block List Project,1,,,,0,10,2,1,1,0,0,3.321928094887362,0,1354.0,1,1,1,,,,confirmed_gambling,Already confirmed by gambling blocklist/manual research,99,rbvn08.com,,,,,False,1,external gambling verification,False
gzone.ph,0,1.0,confirmed_gambling,Block List Project,single_source,gzone.ph,Block List Project,1,,,,0,8,0,1,1,0,0,3.0,0,0.0,0,1,1,8960.0,gzone.ph,exact,confirmed_gambling,Already confirmed by gambling blocklist/manual research,99,gzone.ph,,,,,False,1,external gambling verification,False
thepokies.net,1,1.0,confirmed_gambling,Block List Project,single_source,thepokies.net,Block List Project,1,,,,0,13,0,1,1,0,0,3.180832987205441,0,1722.0,1,1,1,,,,confirmed_gambling,Already confirmed by gambling blocklist/manual research,99,thepokies.net,,,,,False,1,external gambling verification,False
rembrandtcasino.com,0,1.0,confirmed_gambling,Block List Project,single_source,rembrandtcasino.com,Block List Project,1,,,,1,19,0,1,1,0,0,3.616348566075165,0,5483.0,1,1,1,,,,confirmed_gambling,Already confirmed by gambling blocklist/manual research,99,rembrandtcasino.com,,,,,False,1,external gambling verification,False
winzir.com.ph,0,1.0,confirmed_gambling,Block List Project,single_source,winzir.com.ph,Block List Project,1,,,,1,13,0,2,2,0,0,3.3927474104487847,0,0.0,0,1,1,,,,confirmed_gambling,Already confirmed by gambling blocklist/manual research,99,winzir.com.ph,,,,,False,1,external gambling verification,False
luckyvegas.com,0,1.0,confirmed_gambling,Block List Project,single_source,luckyvegas.com,Block List Project,1,,,,0,14,0,1,1,0,0,3.664497779200461,0,10312.0,1,0,1,,,,confirmed_gambling,Already confirmed by gambling blocklist/manual research,99,luckyvegas.com,,,,,False,1,external gambling verification,False
kajotgames.com,0,1.0,confirmed_gambling,Block List Project,single_source,kajotgames.com,Block List Project,1,,,,0,14,0,1,1,0,0,3.378783493486176,0,5457.0,1,1,1,617998.0,kajotgames.com,exact,confirmed_gambling,Already confirmed by gambling blocklist/manual research,99,kajotgames.com,,,,,False,1,external gambling verification,False
redcasino.com,0,1.0,confirmed_gambling,"Block List Project, UT1 Gambling",multi_source,redcasino.com,"Block List Project, UT1 Gambling",2,,,,1,13,0,1,1,0,0,3.3927474104487847,0,9609.0,1,0,1,677306.0,redcasino.com,exact,confirmed_gambling,Already confirmed by gambling blocklist/manual research,99,redcasino.com,,,,,False,1,external gambling verification,False
casino.fanduel.com,0,1.0,confirmed_gambling,"Block List Project, UT1 Gambling",multi_source,fanduel.com,"Block List Project, UT1 Gambling",2,,,,1,18,0,2,2,0,0,3.614369445886757,0,6205.0,1,1,1,2518.0,fanduel.com,parent_domain,confirmed_gambling,Already confirmed by gambling blocklist/manual research,99,casino.fanduel.com,,,,,False,1,external gambling verification,False
richmoose.com,0,1.0,confirmed_gambling,Block List Project,single_source,richmoose.com,Block List Project,1,,,,0,13,0,1,1,0,0,3.026986833359288,0,583.0,1,1,1,,,,confirmed_gambling,Already confirmed by gambling blocklist/manual research,99,richmoose.com,,,,,False,1,external gambling verification,False
mrvegas.com,0,1.0,confirmed_gambling,Block List Project,single_source,mrvegas.com,Block List Project,1,,,,0,11,0,1,1,0,0,3.277613436819116,0,10686.0,1,1,1,65315.0,mrvegas.com,exact,confirmed_gambling,Already confirmed by gambling blocklist/manual research,99,mrvegas.com,,,,,False,1,external gambling verification,False
ghostmshop.mgame.com,0,,needs_review,,,,,0,,,,0,20,0,2,2,0,0,3.284183719779189,0,9650.0,1,1,1,197018.0,mgame.com,parent_domain,weak_benign_candidate,Appears in Tranco Top 1M,4,ghostmshop.mgame.com,0.0,verified,official website,Mgame conventional video-game web shop,False,0,manual verification,False
resortscasino.com,0,1.0,confirmed_gambling,"Block List Project, UT1 Gambling",multi_source,resortscasino.com,"Block List Project, UT1 Gambling",2,,,,1,17,0,1,1,0,0,3.29277019393699,0,9385.0,1,1,1,484289.0,resortscasino.com,exact,confirmed_gambling,Already confirmed by gambling blocklist/manual research,99,resortscasino.com,,,,,False,1,external gambling verification,False
pin77.com,0,1.0,confirmed_gambling,Block List Project,single_source,pin77.com,Block List Project,1,,,,0,9,2,1,1,0,0,2.94770277922009,0,2135.0,1,1,1,,,,confirmed_gambling,Already confirmed by gambling blocklist/manual research,99,pin77.com,,,,,False,1,external gambling verification,False
lottofy.com,0,1.0,confirmed_gambling,"Block List Project, UT1 Gambling",multi_source,lottofy.com,"Block List Project, UT1 Gambling",2,,,,0,11,0,1,1,0,0,2.8453509366224368,0,3231.0,1,0,1,486810.0,lottofy.com,exact,confirmed_gambling,Already confirmed by gambling blocklist/manual research,99,lottofy.com,,,,,False,1,external gambling verification,False
tournamentplus.com,0,1.0,confirmed_gambling,Block List Project,single_source,tournamentplus.com,Block List Project,1,,,,0,18,0,1,1,0,0,3.614369445886757,0,2957.0,1,1,1,,,,confirmed_gambling,Already confirmed by gambling blocklist/manual research,99,tournamentplus.com,,,,,False,1,external gambling verification,False
gamebookers.com,0,1.0,confirmed_gambling,"Block List Project, UT1 Gambling",multi_source,gamebookers.com,"Block List Project, UT1 Gambling",2,,,,0,15,0,1,1,0,0,3.323231428797621,0,9525.0,1,1,1,357286.0,gamebookers.com,exact,confirmed_gambling,Already confirmed by gambling blocklist/manual research,99,gamebookers.com,,,,,False,1,external gambling verification,False
spincasino.co.uk,0,1.0,confirmed_gambling,Block List Project,single_source,spincasino.co.uk,Block List Project,1,,,,1,16,0,2,2,0,0,3.25,0,6957.0,1,1,1,,,,confirmed_gambling,Already confirmed by gambling blocklist/manual research,99,spincasino.co.uk,,,,,False,1,external gambling verification,False
midnite.com,0,1.0,confirmed_gambling,Block List Project,single_source,midnite.com,Block List Project,1,,,,0,11,0,1,1,0,0,3.095795255000934,0,8222.0,1,0,1,97311.0,midnite.com,exact,confirmed_gambling,Already confirmed by gambling blocklist/manual research,99,midnite.com,,,,,False,1,external gambling verification,False
gambeta10.com,0,1.0,confirmed_gambling,Block List Project,single_source,gambeta10.com,Block List Project,1,,,,1,13,2,1,1,0,0,3.3927474104487847,0,1438.0,1,1,1,,,,confirmed_gambling,Already confirmed by gambling blocklist/manual research,99,gambeta10.com,,,,,False,1,external gambling verification,False
cardtime.ph,0,1.0,confirmed_gambling,Block List Project,single_source,cardtime.ph,Block List Project,1,,,,0,11,0,1,1,0,0,3.4594316186372973,0,0.0,0,1,1,,,,confirmed_gambling,Already confirmed by gambling blocklist/manual research,99,cardtime.ph,,,,,False,1,external gambling verification,False
webdisk.winzir.com,0,1.0,confirmed_gambling,Block List Project,single_source,winzir.com,Block List Project,1,,,,1,18,0,2,2,0,0,3.683542362433231,0,1507.0,1,1,1,,,,confirmed_gambling,Already confirmed by gambling blocklist/manual research,99,webdisk.winzir.com,,,,,False,1,external gambling verification,False
casino-super.net,1,1.0,confirmed_gambling,Block List Project,single_source,casino-super.net,Block List Project,1,,,,1,16,0,2,1,1,0,3.625,0,0.0,0,1,1,,,,confirmed_gambling,Already confirmed by gambling blocklist/manual research,99,casino-super.net,,,,,False,1,external gambling verification,False
queenplay.com,0,1.0,confirmed_gambling,Block List Project,single_source,queenplay.com,Block List Project,1,,,,0,13,0,1,1,0,0,3.546593564294939,0,5166.0,1,1,1,,,,confirmed_gambling,Already confirmed by gambling blocklist/manual research,99,queenplay.com,,,,,False,1,external gambling verification,False
vkgame11.site,1,1.0,confirmed_gambling,Block List Project,single_source,vkgame11.site,Block List Project,1,,,,0,13,2,1,1,0,0,3.3927474104487847,1,1874.0,1,1,1,,,,confirmed_gambling,Already confirmed by gambling blocklist/manual research,99,vkgame11.site,,,,,False,1,external gambling verification,False
slotsquad.com,0,1.0,confirmed_gambling,Block List Project,single_source,slotsquad.com,Block List Project,1,,,,1,13,0,1,1,0,0,3.3927474104487847,0,3623.0,1,1,1,,,,confirmed_gambling,Already confirmed by gambling blocklist/manual research,99,slotsquad.com,,,,,False,1,external gambling verification,False
888poker.com,0,1.0,confirmed_gambling,"Block List Project, UT1 Gambling",multi_source,888poker.com,"Block List Project, UT1 Gambling",2,,,,0,12,3,1,1,0,0,3.0220552088742005,0,8951.0,1,0,1,72661.0,888poker.com,exact,confirmed_gambling,Already confirmed by gambling blocklist/manual research,99,888poker.com,,,,,False,1,external gambling verification,False
888casino.com,0,1.0,confirmed_gambling,"Block List Project, UT1 Gambling",multi_source,888casino.com,"Block List Project, UT1 Gambling",2,,,,1,13,3,1,1,0,0,3.026986833359288,0,9053.0,1,0,1,29104.0,888casino.com,exact,confirmed_gambling,Already confirmed by gambling blocklist/manual research,99,888casino.com,,,,,False,1,external gambling verification,False
deskgame.com,0,1.0,confirmed_gambling,Block List Project,single_source,deskgame.com,Block List Project,1,,,,0,12,0,1,1,0,0,3.2516291673878226,0,8257.0,1,0,1,728194.0,deskgame.com,exact,confirmed_gambling,Already confirmed by gambling blocklist/manual research,99,deskgame.com,,,,,False,1,external gambling verification,False
sport.netbet.co.uk,0,1.0,confirmed_gambling,"Block List Project, UT1 Gambling",multi_source,netbet.co.uk,"Block List Project, UT1 Gambling",2,,,,1,18,0,3,3,0,0,3.4193819456463714,0,7283.0,1,0,1,76142.0,netbet.co.uk,parent_domain,confirmed_gambling,Already confirmed by gambling blocklist/manual research,99,sport.netbet.co.uk,,,,,False,1,external gambling verification,False
crystalslots.com,0,1.0,confirmed_gambling,Block List Project,single_source,crystalslots.com,Block List Project,1,,,,1,16,0,1,1,0,0,3.202819531114783,0,4138.0,1,1,1,,,,confirmed_gambling,Already confirmed by gambling blocklist/manual research,99,crystalslots.com,,,,,False,1,external gambling verification,False
bet88.ph,0,1.0,confirmed_gambling,Block List Project,single_source,bet88.ph,Block List Project,1,,,,1,8,2,1,1,0,0,2.75,0,0.0,0,1,1,8774.0,bet88.ph,exact,confirmed_gambling,Already confirmed by gambling blocklist/manual research,99,bet88.ph,,,,,False,1,external gambling verification,False
sports.betway.com,0,1.0,confirmed_gambling,"Block List Project, UT1 Gambling",multi_source,betway.com,"Block List Project, UT1 Gambling",2,,,,1,17,0,2,2,0,0,3.616874605956222,0,8734.0,1,1,1,15985.0,betway.com,parent_domain,confirmed_gambling,Already confirmed by gambling blocklist/manual research,99,sports.betway.com,,,,,False,1,external gambling verification,False
n1-bet.ng,1,1.0,confirmed_gambling,Block List Project,single_source,n1-bet.ng,Block List Project,1,,,,1,9,1,2,1,1,0,2.94770277922009,0,0.0,0,1,1,,,,confirmed_gambling,Already confirmed by gambling blocklist/manual research,99,n1-bet.ng,,,,,False,1,external gambling verification,False
hardrock.bet,0,1.0,confirmed_gambling,"Block List Project, UT1 Gambling",multi_source,hardrock.bet,"Block List Project, UT1 Gambling",2,,,,1,12,0,1,1,0,0,3.4182958340544896,0,0.0,0,0,1,83836.0,hardrock.bet,exact,confirmed_gambling,Already confirmed by gambling blocklist/manual research,99,hardrock.bet,,,,,False,1,external gambling verification,False
luckyvip.com,0,1.0,confirmed_gambling,"Block List Project, UT1 Gambling",multi_source,luckyvip.com,"Block List Project, UT1 Gambling",2,,,,0,12,0,1,1,0,0,3.4182958340544896,0,7342.0,1,0,1,,,,confirmed_gambling,Already confirmed by gambling blocklist/manual research,99,luckyvip.com,,,,,False,1,external gambling verification,False
babu88bd.com,1,1.0,confirmed_gambling,Block List Project,single_source,babu88bd.com,Block List Project,1,,,,0,12,2,1,1,0,0,3.0220552088742005,0,1390.0,1,1,1,588572.0,babu88bd.com,exact,confirmed_gambling,Already confirmed by gambling blocklist/manual research,99,babu88bd.com,,,,,False,1,external gambling verification,False
kwikky.com,0,1.0,confirmed_gambling,Block List Project,single_source,kwikky.com,Block List Project,1,,,,0,10,0,1,1,0,0,2.8464393446710154,0,5640.0,1,1,1,,,,confirmed_gambling,Already confirmed by gambling blocklist/manual research,99,kwikky.com,,,,,False,1,external gambling verification,False
bingobet.com,0,1.0,confirmed_gambling,Block List Project,single_source,bingobet.com,Block List Project,1,,,,1,12,0,1,1,0,0,3.2516291673878226,0,10857.0,1,1,1,,,,confirmed_gambling,Already confirmed by gambling blocklist/manual research,99,bingobet.com,,,,,False,1,external gambling verification,False
netbet.co.uk,0,1.0,confirmed_gambling,"Block List Project, UT1 Gambling",multi_source,netbet.co.uk,"Block List Project, UT1 Gambling",2,,,,1,12,0,2,2,0,0,3.084962500721156,0,7283.0,1,1,1,76142.0,netbet.co.uk,exact,confirmed_gambling,Already confirmed by gambling blocklist/manual research,99,netbet.co.uk,,,,,False,1,external gambling verification,False
1xbet.com,1,1.0,confirmed_gambling,"Block List Project, UT1 Gambling",multi_source,1xbet.com,"Block List Project, UT1 Gambling",2,,,,1,9,1,1,1,0,0,3.169925001442312,0,7163.0,1,0,1,7773.0,1xbet.com,exact,confirmed_gambling,Already confirmed by gambling blocklist/manual research,99,1xbet.com,,,,,False,1,external gambling verification,False
buenas.bet,0,1.0,confirmed_gambling,"Block List Project, UT1 Gambling",multi_source,buenas.bet,"Block List Project, UT1 Gambling",2,,,,1,10,0,1,1,0,0,2.9219280948873623,0,0.0,0,1,1,,,,confirmed_gambling,Already confirmed by gambling blocklist/manual research,99,buenas.bet,,,,,False,1,external gambling verification,False
skybet.com,0,1.0,confirmed_gambling,"Block List Project, UT1 Gambling",multi_source,skybet.com,"Block List Project, UT1 Gambling",2,,,,1,10,0,1,1,0,0,3.321928094887362,0,10043.0,1,1,1,13221.0,skybet.com,exact,confirmed_gambling,Already confirmed by gambling blocklist/manual research,99,skybet.com,,,,,False,1,external gambling verification,False
harrahscasino.com,0,1.0,confirmed_gambling,Block List Project,single_source,harrahscasino.com,Block List Project,1,,,,1,17,0,1,1,0,0,3.2195282822995472,0,9249.0,1,0,1,,,,confirmed_gambling,Already confirmed by gambling blocklist/manual research,99,harrahscasino.com,,,,,False,1,external gambling verification,False
24pokies2.com,1,1.0,confirmed_gambling,Block List Project,single_source,24pokies2.com,Block List Project,1,,,,0,13,3,1,1,0,0,3.3927474104487847,0,182.0,1,1,1,,,,confirmed_gambling,Already confirmed by gambling blocklist/manual research,99,24pokies2.com,,,,,False,1,external gambling verification,False
championzone.ph,0,1.0,confirmed_gambling,Block List Project,single_source,championzone.ph,Block List Project,1,,,,0,15,0,1,1,0,0,3.373557262275185,0,0.0,0,1,1,,,,confirmed_gambling,Already confirmed by gambling blocklist/manual research,99,championzone.ph,,,,,False,1,external gambling verification,False
nustargame.com,0,1.0,confirmed_gambling,Block List Project,single_source,nustargame.com,Block List Project,1,,,,0,14,0,1,1,0,0,3.521640636343318,0,563.0,1,1,1,1613.0,nustargame.com,exact,confirmed_gambling,Already confirmed by gambling blocklist/manual research,99,nustargame.com,,,,,False,1,external gambling verification,False
spinju.com,0,1.0,confirmed_gambling,Block List Project,single_source,spinju.com,Block List Project,1,,,,0,10,0,1,1,0,0,3.321928094887362,0,2417.0,1,1,1,,,,confirmed_gambling,Already confirmed by gambling blocklist/manual research,99,spinju.com,,,,,False,1,external gambling verification,False
spinsweet.com,0,1.0,confirmed_gambling,Block List Project,single_source,spinsweet.com,Block List Project,1,,,,0,13,0,1,1,0,0,3.3927474104487847,0,4303.0,1,1,1,,,,confirmed_gambling,Already confirmed by gambling blocklist/manual research,99,spinsweet.com,,,,,False,1,external gambling verification,False
neonvegas.com,0,1.0,confirmed_gambling,Block List Project,single_source,neonvegas.com,Block List Project,1,,,,0,13,0,1,1,0,0,3.238901256602631,0,8818.0,1,0,1,,,,confirmed_gambling,Already confirmed by gambling blocklist/manual research,99,neonvegas.com,,,,,False,1,external gambling verification,False
play.ballybet.com,0,1.0,confirmed_gambling,Block List Project,single_source,ballybet.com,Block List Project,1,,,,1,17,0,2,2,0,0,3.3371753411230767,0,2332.0,1,1,1,401253.0,ballybet.com,parent_domain,confirmed_gambling,Already confirmed by gambling blocklist/manual research,99,play.ballybet.com,,,,,False,1,external gambling verification,False
vegasland.com,0,1.0,confirmed_gambling,"Block List Project, UT1 Gambling",multi_source,vegasland.com,"Block List Project, UT1 Gambling",2,,,,0,13,0,1,1,0,0,3.546593564294939,0,9525.0,1,1,1,,,,confirmed_gambling,Already confirmed by gambling blocklist/manual research,99,vegasland.com,,,,,False,1,external gambling verification,False
betvictor.com,0,1.0,confirmed_gambling,"Block List Project, UT1 Gambling",multi_source,betvictor.com,"Block List Project, UT1 Gambling",2,,,,1,13,0,1,1,0,0,3.238901256602631,0,8606.0,1,0,1,50108.0,betvictor.com,exact,confirmed_gambling,Already confirmed by gambling blocklist/manual research,99,betvictor.com,,,,,False,1,external gambling verification,False
67bet.com,1,1.0,confirmed_gambling,Block List Project,single_source,67bet.com,Block List Project,1,,,,1,9,2,1,1,0,0,3.169925001442312,0,5315.0,1,1,1,601193.0,67bet.com,exact,confirmed_gambling,Already confirmed by gambling blocklist/manual research,99,67bet.com,,,,,False,1,external gambling verification,False
heyspin.com,0,1.0,confirmed_gambling,Block List Project,single_source,heyspin.com,Block List Project,1,,,,0,11,0,1,1,0,0,3.4594316186372973,0,3354.0,1,0,1,,,,confirmed_gambling,Already confirmed by gambling blocklist/manual research,99,heyspin.com,,,,,False,1,external gambling verification,False
igo.ph,0,1.0,confirmed_gambling,Block List Project,single_source,igo.ph,Block List Project,1,,,,0,6,0,1,1,0,0,2.584962500721156,0,0.0,0,1,1,,,,confirmed_gambling,Already confirmed by gambling blocklist/manual research,99,igo.ph,,,,,False,1,external gambling verification,False
whamoo.com,0,1.0,confirmed_gambling,Block List Project,single_source,whamoo.com,Block List Project,1,,,,0,10,0,1,1,0,0,2.646439344671016,0,8307.0,1,1,1,,,,confirmed_gambling,Already confirmed by gambling blocklist/manual research,99,whamoo.com,,,,,False,1,external gambling verification,False
old.747ph.live,0,1.0,confirmed_gambling,Block List Project,single_source,747ph.live,Block List Project,1,,,,0,14,3,2,2,0,0,3.378783493486176,0,0.0,0,1,1,73565.0,747ph.live,parent_domain,confirmed_gambling,Already confirmed by gambling blocklist/manual research,99,old.747ph.live,,,,,False,1,external gambling verification,False
goldennuggetcasino.com,0,1.0,confirmed_gambling,"Block List Project, UT1 Gambling",multi_source,goldennuggetcasino.com,"Block List Project, UT1 Gambling",2,,,,1,22,0,1,1,0,0,3.629219686524097,0,9924.0,1,1,1,118942.0,goldennuggetcasino.com,exact,confirmed_gambling,Already confirmed by gambling blocklist/manual research,99,goldennuggetcasino.com,,,,,False,1,external gambling verification,False
slotcrazy.com,0,1.0,confirmed_gambling,"Block List Project, UT1 Gambling",multi_source,slotcrazy.com,"Block List Project, UT1 Gambling",2,,,,1,13,0,1,1,0,0,3.3927474104487847,0,3894.0,1,0,1,,,,confirmed_gambling,Already confirmed by gambling blocklist/manual research,99,slotcrazy.com,,,,,False,1,external gambling verification,False
bc.game,1,1.0,confirmed_gambling,"Block List Project, UT1 Gambling",multi_source,bc.game,"Block List Project, UT1 Gambling",2,,,,0,7,0,1,1,0,0,2.807354922057604,0,2999.0,1,0,1,29909.0,bc.game,exact,confirmed_gambling,Already confirmed by gambling blocklist/manual research,99,bc.game,,,,,False,1,external gambling verification,False
vegas.boylesports.com,0,1.0,confirmed_gambling,"Block List Project, UT1 Gambling",multi_source,boylesports.com,"Block List Project, UT1 Gambling",2,,,,0,21,0,2,2,0,0,3.748994803525096,0,9117.0,1,0,1,34760.0,boylesports.com,parent_domain,confirmed_gambling,Already confirmed by gambling blocklist/manual research,99,vegas.boylesports.com,,,,,False,1,external gambling verification,False
bingoplus.net,0,1.0,confirmed_gambling,Block List Project,single_source,bingoplus.net,Block List Project,1,,,,0,13,0,1,1,0,0,3.546593564294939,0,1613.0,1,1,1,81317.0,bingoplus.net,exact,confirmed_gambling,Already confirmed by gambling blocklist/manual research,99,bingoplus.net,,,,,False,1,external gambling verification,False
meccabingo.com,0,1.0,confirmed_gambling,Block List Project,single_source,meccabingo.com,Block List Project,1,,,,0,14,0,1,1,0,0,3.1820058147602133,0,9935.0,1,0,1,55819.0,meccabingo.com,exact,confirmed_gambling,Already confirmed by gambling blocklist/manual research,99,meccabingo.com,,,,,False,1,external gambling verification,False
pesomax.com,0,1.0,confirmed_gambling,Block List Project,single_source,pesomax.com,Block List Project,1,,,,0,11,0,1,1,0,0,3.095795255000934,0,1588.0,1,0,1,,,,confirmed_gambling,Already confirmed by gambling blocklist/manual research,99,pesomax.com,,,,,False,1,external gambling verification,False
megafunalo.com,0,1.0,confirmed_gambling,Block List Project,single_source,megafunalo.com,Block List Project,1,,,,0,14,0,1,1,0,0,3.378783493486176,0,556.0,1,0,1,,,,confirmed_gambling,Already confirmed by gambling blocklist/manual research,99,megafunalo.com,,,,,False,1,external gambling verification,False
costabingo.com,0,1.0,confirmed_gambling,"Block List Project, UT1 Gambling",multi_source,costabingo.com,"Block List Project, UT1 Gambling",2,,,,0,14,0,1,1,0,0,3.3248629576173565,0,6501.0,1,1,1,,,,confirmed_gambling,Already confirmed by gambling blocklist/manual research,99,costabingo.com,,,,,False,1,external gambling verification,False
slotheart.com,0,1.0,confirmed_gambling,Block List Project,single_source,slotheart.com,Block List Project,1,,,,1,13,0,1,1,0,0,3.3927474104487847,0,629.0,1,1,1,,,,confirmed_gambling,Already confirmed by gambling blocklist/manual research,99,slotheart.com,,,,,False,1,external gambling verification,False
w88kub.com,1,1.0,confirmed_gambling,Block List Project,single_source,w88kub.com,Block List Project,1,,,,0,10,2,1,1,0,0,3.1219280948873624,0,4387.0,1,1,1,,,,confirmed_gambling,Already confirmed by gambling blocklist/manual research,99,w88kub.com,,,,,False,1,external gambling verification,False
tropicanacasino.com,0,1.0,confirmed_gambling,"Block List Project, UT1 Gambling",multi_source,tropicanacasino.com,"Block List Project, UT1 Gambling",2,,,,1,19,0,1,1,0,0,3.286629486786196,0,10551.0,1,0,1,235531.0,tropicanacasino.com,exact,confirmed_gambling,Already confirmed by gambling blocklist/manual research,99,tropicanacasino.com,,,,,False,1,external gambling verification,False
fastplay.ph,0,1.0,confirmed_gambling,Block List Project,single_source,fastplay.ph,Block List Project,1,,,,0,11,0,1,1,0,0,3.095795255000934,0,0.0,0,1,1,,,,confirmed_gambling,Already confirmed by gambling blocklist/manual research,99,fastplay.ph,,,,,False,1,external gambling verification,False
aztecwins.com,0,1.0,confirmed_gambling,Block List Project,single_source,aztecwins.com,Block List Project,1,,,,1,13,0,1,1,0,0,3.546593564294939,0,2584.0,1,1,1,,,,confirmed_gambling,Already confirmed by gambling blocklist/manual research,99,aztecwins.com,,,,,False,1,external gambling verification,False
bet365.com,0,1.0,confirmed_gambling,"Block List Project, UT1 Gambling",multi_source,bet365.com,"Block List Project, UT1 Gambling",2,,,,1,10,3,1,1,0,0,3.321928094887362,0,9747.0,1,0,1,4398.0,bet365.com,exact,confirmed_gambling,Already confirmed by gambling blocklist/manual research,99,bet365.com,,,,,False,1,external gambling verification,False
kingclub.com,0,1.0,confirmed_gambling,Block List Project,single_source,kingclub.com,Block List Project,1,,,,0,12,0,1,1,0,0,3.4182958340544896,0,9179.0,1,1,1,,,,confirmed_gambling,Already confirmed by gambling blocklist/manual research,99,kingclub.com,,,,,False,1,external gambling verification,False
hollywoodbets.co.uk,0,1.0,confirmed_gambling,"Block List Project, UT1 Gambling",multi_source,hollywoodbets.co.uk,"Block List Project, UT1 Gambling",2,,,,1,19,0,2,2,0,0,3.616348566075164,0,3713.0,1,1,1,312396.0,hollywoodbets.co.uk,exact,confirmed_gambling,Already confirmed by gambling blocklist/manual research,99,hollywoodbets.co.uk,,,,,False,1,external gambling verification,False
divabingo.com,0,1.0,confirmed_gambling,Block List Project,single_source,divabingo.com,Block List Project,1,,,,0,13,0,1,1,0,0,3.3927474104487847,0,5714.0,1,1,1,,,,confirmed_gambling,Already confirmed by gambling blocklist/manual research,99,divabingo.com,,,,,False,1,external gambling verification,False
filbet.com,0,1.0,confirmed_gambling,Block List Project,single_source,filbet.com,Block List Project,1,,,,1,10,0,1,1,0,0,3.321928094887362,0,3098.0,1,1,1,80536.0,filbet.com,exact,confirmed_gambling,Already confirmed by gambling blocklist/manual research,99,filbet.com,,,,,False,1,external gambling verification,False
bingoplus.ph,0,1.0,confirmed_gambling,Block List Project,single_source,bingoplus.ph,Block List Project,1,,,,0,12,0,1,1,0,0,3.4182958340544896,0,0.0,0,1,1,79675.0,bingoplus.ph,exact,confirmed_gambling,Already confirmed by gambling blocklist/manual research,99,bingoplus.ph,,,,,False,1,external gambling verification,False
okapp.chat,0,1.0,confirmed_gambling,Block List Project,single_source,okapp.chat,Block List Project,1,,,,0,10,0,1,1,0,0,2.9219280948873623,0,0.0,0,1,1,,,,confirmed_gambling,Already confirmed by gambling blocklist/manual research,99,okapp.chat,,,,,False,1,external gambling verification,False
neptuneplay.com,0,1.0,confirmed_gambling,Block List Project,single_source,neptuneplay.com,Block List Project,1,,,,0,15,0,1,1,0,0,3.506890595608519,0,2443.0,1,1,1,,,,confirmed_gambling,Already confirmed by gambling blocklist/manual research,99,neptuneplay.com,,,,,False,1,external gambling verification,False
happyplay.ph,0,1.0,confirmed_gambling,Block List Project,single_source,happyplay.ph,Block List Project,1,,,,0,12,0,1,1,0,0,2.4182958340544896,0,0.0,0,0,1,,,,confirmed_gambling,Already confirmed by gambling blocklist/manual research,99,happyplay.ph,,,,,False,1,external gambling verification,False
iplwin.com,1,1.0,confirmed_gambling,Block List Project,single_source,iplwin.com,Block List Project,1,,,,1,10,0,1,1,0,0,3.1219280948873624,0,2518.0,1,0,1,,,,confirmed_gambling,Already confirmed by gambling blocklist/manual research,99,iplwin.com,,,,,False,1,external gambling verification,False
4crownscasino.com,1,1.0,confirmed_gambling,"Block List Project, UT1 Gambling",multi_source,4crownscasino.com,"Block List Project, UT1 Gambling",2,,,,1,17,1,1,1,0,0,3.29277019393699,0,505.0,1,1,1,,,,confirmed_gambling,Already confirmed by gambling blocklist/manual research,99,4crownscasino.com,,,,,False,1,external gambling verification,False
boylesports.com,0,1.0,confirmed_gambling,"Block List Project, UT1 Gambling",multi_source,boylesports.com,"Block List Project, UT1 Gambling",2,,,,0,15,0,1,1,0,0,3.456564762130954,0,9117.0,1,0,1,34760.0,boylesports.com,exact,confirmed_gambling,Already confirmed by gambling blocklist/manual research,99,boylesports.com,,,,,False,1,external gambling verification,False
sportsplus.com.ph,0,1.0,confirmed_gambling,Block List Project,single_source,sportsplus.com.ph,Block List Project,1,,,,0,17,0,2,2,0,0,3.29277019393699,0,0.0,0,1,1,,,,confirmed_gambling,Already confirmed by gambling blocklist/manual research,99,sportsplus.com.ph,,,,,False,1,external gambling verification,False
festival.sg8.casino,0,1.0,confirmed_gambling,Block List Project,single_source,sg8.casino,Block List Project,1,,,,1,19,1,2,2,0,0,3.6818808028034025,0,0.0,0,0,1,81399.0,sg8.casino,parent_domain,confirmed_gambling,Already confirmed by gambling blocklist/manual research,99,festival.sg8.casino,,,,,False,1,external gambling verification,False
extraspel.com,0,1.0,confirmed_gambling,Block List Project,single_source,extraspel.com,Block List Project,1,,,,0,13,0,1,1,0,0,3.546593564294939,0,5602.0,1,0,0,,,,confirmed_gambling,Already confirmed by gambling blocklist/manual research,99,extraspel.com,,,,,False,1,external gambling verification,False
betmaster.eu,0,1.0,confirmed_gambling,Block List Project,single_source,betmaster.eu,Block List Project,1,,,,1,12,0,1,1,0,0,3.0220552088742005,0,0.0,0,1,1,,,,confirmed_gambling,Already confirmed by gambling blocklist/manual research,99,betmaster.eu,,,,,False,1,external gambling verification,False
scorchingslots.com,0,1.0,confirmed_gambling,Block List Project,single_source,scorchingslots.com,Block List Project,1,,,,1,18,0,1,1,0,0,3.377443751081734,0,3540.0,1,1,1,,,,confirmed_gambling,Already confirmed by gambling blocklist/manual research,99,scorchingslots.com,,,,,False,1,external gambling verification,False
20winpkr.com,1,1.0,confirmed_gambling,Block List Project,single_source,20winpkr.com,Block List Project,1,,,,1,12,2,1,1,0,0,3.584962500721156,0,951.0,1,0,1,,,,confirmed_gambling,Already confirmed by gambling blocklist/manual research,99,20winpkr.com,,,,,False,1,external gambling verification,False
70bet.com,1,1.0,confirmed_gambling,Block List Project,single_source,70bet.com,Block List Project,1,,,,1,9,2,1,1,0,0,3.169925001442312,0,4617.0,1,1,1,601197.0,70bet.com,exact,confirmed_gambling,Already confirmed by gambling blocklist/manual research,99,70bet.com,,,,,False,1,external gambling verification,False
vie.bet,0,1.0,confirmed_gambling,"Block List Project, UT1 Gambling",multi_source,vie.bet,"Block List Project, UT1 Gambling",2,,,,1,7,0,1,1,0,0,2.521640636343318,0,0.0,0,1,1,,,,confirmed_gambling,Already confirmed by gambling blocklist/manual research,99,vie.bet,,,,,False,1,external gambling verification,False
cashed.com,1,1.0,confirmed_gambling,Block List Project,single_source,cashed.com,Block List Project,1,,,,0,10,0,1,1,0,0,3.1219280948873624,0,9620.0,1,0,1,,,,confirmed_gambling,Already confirmed by gambling blocklist/manual research,99,cashed.com,,,,,False,1,external gambling verification,False
reblz.com,0,1.0,confirmed_gambling,Block List Project,single_source,reblz.com,Block List Project,1,,,,0,9,0,1,1,0,0,3.169925001442312,0,2005.0,1,1,1,,,,confirmed_gambling,Already confirmed by gambling blocklist/manual research,99,reblz.com,,,,,False,1,external gambling verification,False
lotusbook.io,1,1.0,confirmed_gambling,Block List Project,single_source,lotusbook.io,Block List Project,1,,,,0,12,0,1,1,0,0,2.9182958340544896,0,2587.0,1,1,1,,,,confirmed_gambling,Already confirmed by gambling blocklist/manual research,99,lotusbook.io,,,,,False,1,external gambling verification,False
happybingo.ph,0,1.0,confirmed_gambling,Block List Project,single_source,happybingo.ph,Block List Project,1,,,,0,13,0,1,1,0,0,3.180832987205441,0,0.0,0,1,1,739115.0,happybingo.ph,exact,confirmed_gambling,Already confirmed by gambling blocklist/manual research,99,happybingo.ph,,,,,False,1,external gambling verification,False
blingwin.com,0,1.0,confirmed_gambling,Block List Project,single_source,blingwin.com,Block List Project,1,,,,1,12,0,1,1,0,0,3.2516291673878226,0,6.0,1,0,1,,,,confirmed_gambling,Already confirmed by gambling blocklist/manual research,99,blingwin.com,,,,,False,1,external gambling verification,False
betgoodwin.co.uk,0,1.0,confirmed_gambling,Block List Project,single_source,betgoodwin.co.uk,Block List Project,1,,,,1,16,0,2,2,0,0,3.577819531114783,0,3791.0,1,0,1,280062.0,betgoodwin.co.uk,exact,confirmed_gambling,Already confirmed by gambling blocklist/manual research,99,betgoodwin.co.uk,,,,,False,1,external gambling verification,False
nj.partypoker.com,0,1.0,confirmed_gambling,"Block List Project, UT1 Gambling",multi_source,partypoker.com,"Block List Project, UT1 Gambling",2,,,,0,17,0,2,2,0,0,3.616874605956222,0,9732.0,1,0,1,19557.0,partypoker.com,parent_domain,confirmed_gambling,Already confirmed by gambling blocklist/manual research,99,nj.partypoker.com,,,,,False,1,external gambling verification,False
olaspill.com,0,1.0,confirmed_gambling,Block List Project,single_source,olaspill.com,Block List Project,1,,,,0,12,0,1,1,0,0,3.0220552088742005,0,3624.0,1,1,1,,,,confirmed_gambling,Already confirmed by gambling blocklist/manual research,99,olaspill.com,,,,,False,1,external gambling verification,False
getlucky.com,0,1.0,confirmed_gambling,Block List Project,single_source,getlucky.com,Block List Project,1,,,,0,12,0,1,1,0,0,3.4182958340544896,0,9547.0,1,1,1,636883.0,getlucky.com,exact,confirmed_gambling,Already confirmed by gambling blocklist/manual research,99,getlucky.com,,,,,False,1,external gambling verification,False
casino.boylesports.com,0,1.0,confirmed_gambling,"Block List Project, UT1 Gambling",multi_source,boylesports.com,"Block List Project, UT1 Gambling",2,,,,1,22,0,2,2,0,0,3.697845823084412,0,9117.0,1,0,1,34760.0,boylesports.com,parent_domain,confirmed_gambling,Already confirmed by gambling blocklist/manual research,99,casino.boylesports.com,,,,,False,1,external gambling verification,False
kingcasino.com,0,1.0,confirmed_gambling,"Block List Project, UT1 Gambling",multi_source,kingcasino.com,"Block List Project, UT1 Gambling",2,,,,1,14,0,1,1,0,0,3.235926350629033,0,10062.0,1,1,1,370829.0,kingcasino.com,exact,confirmed_gambling,Already confirmed by gambling blocklist/manual research,99,kingcasino.com,,,,,False,1,external gambling verification,False
mgame.com,0,,needs_review,,,,,0,,,,0,9,0,1,1,0,0,2.6416041678685938,0,9650.0,1,1,1,197018.0,mgame.com,exact,weak_benign_candidate,Appears in Tranco Top 1M,4,mgame.com,0.0,verified,official website,Conventional online gaming portal,False,0,manual verification,False
voodoodreams.com,0,1.0,confirmed_gambling,Block List Project,single_source,voodoodreams.com,Block List Project,1,,,,0,16,0,1,1,0,0,3.024397470347699,0,5580.0,1,1,1,327409.0,voodoodreams.com,exact,confirmed_gambling,Already confirmed by gambling blocklist/manual research,99,voodoodreams.com,,,,,False,1,external gambling verification,False
s5casino.ph,0,1.0,confirmed_gambling,"Block List Project, UT1 Gambling",multi_source,s5casino.ph,"Block List Project, UT1 Gambling",2,,,,1,11,1,1,1,0,0,3.277613436819116,0,0.0,0,0,1,829010.0,s5casino.ph,exact,confirmed_gambling,Already confirmed by gambling blocklist/manual research,99,s5casino.ph,,,,,False,1,external gambling verification,False
slotzo.com,0,1.0,confirmed_gambling,Block List Project,single_source,slotzo.com,Block List Project,1,,,,1,10,0,1,1,0,0,2.8464393446710154,0,3018.0,1,0,1,,,,confirmed_gambling,Already confirmed by gambling blocklist/manual research,99,slotzo.com,,,,,False,1,external gambling verification,False
casumo.com,0,1.0,confirmed_gambling,Block List Project,single_source,casumo.com,Block List Project,1,,,,0,10,0,1,1,0,0,2.721928094887362,0,5511.0,1,1,1,50757.0,casumo.com,exact,confirmed_gambling,Already confirmed by gambling blocklist/manual research,99,casumo.com,,,,,False,1,external gambling verification,False
winzir.com,0,1.0,confirmed_gambling,Block List Project,single_source,winzir.com,Block List Project,1,,,,1,10,0,1,1,0,0,3.1219280948873624,0,1507.0,1,1,1,,,,confirmed_gambling,Already confirmed by gambling blocklist/manual research,99,winzir.com,,,,,False,1,external gambling verification,False
m.hollywoodbets.co.uk,0,1.0,confirmed_gambling,"Block List Project, UT1 Gambling",multi_source,hollywoodbets.co.uk,"Block List Project, UT1 Gambling",2,,,,1,21,0,3,3,0,0,3.6897037321995474,0,3713.0,1,0,0,312396.0,hollywoodbets.co.uk,parent_domain,confirmed_gambling,Already confirmed by gambling blocklist/manual research,99,m.hollywoodbets.co.uk,,,,,False,1,external gambling verification,False
hawkgamingph.com,0,1.0,confirmed_gambling,Block List Project,single_source,hawkgamingph.com,Block List Project,1,,,,0,16,0,1,1,0,0,3.5,0,0.0,0,0,1,,,,confirmed_gambling,Already confirmed by gambling blocklist/manual research,99,hawkgamingph.com,,,,,False,1,external gambling verification,False
hippodromecasino.com,0,1.0,confirmed_gambling,"Block List Project, UT1 Gambling",multi_source,hippodromecasino.com,"Block List Project, UT1 Gambling",2,,,,1,20,0,1,1,0,0,3.521928094887363,0,7781.0,1,1,1,421648.0,hippodromecasino.com,exact,confirmed_gambling,Already confirmed by gambling blocklist/manual research,99,hippodromecasino.com,,,,,False,1,external gambling verification,False
666casino.com,0,1.0,confirmed_gambling,"Block List Project, UT1 Gambling",multi_source,666casino.com,"Block List Project, UT1 Gambling",2,,,,1,13,3,1,1,0,0,3.026986833359288,0,4856.0,1,1,1,274720.0,666casino.com,exact,confirmed_gambling,Already confirmed by gambling blocklist/manual research,99,666casino.com,,,,,False,1,external gambling verification,False
slotsanimal.com,0,1.0,confirmed_gambling,Block List Project,single_source,slotsanimal.com,Block List Project,1,,,,1,15,0,1,1,0,0,3.240223928941852,0,3021.0,1,1,1,,,,confirmed_gambling,Already confirmed by gambling blocklist/manual research,99,slotsanimal.com,,,,,False,1,external gambling verification,False
ladbrokes.com,0,1.0,confirmed_gambling,"Block List Project, UT1 Gambling",multi_source,ladbrokes.com,"Block List Project, UT1 Gambling",2,,,,0,13,0,1,1,0,0,3.546593564294939,0,10295.0,1,0,1,4816.0,ladbrokes.com,exact,confirmed_gambling,Already confirmed by gambling blocklist/manual research,99,ladbrokes.com,,,,,False,1,external gambling verification,False
caesarspalaceonline.com,0,1.0,confirmed_gambling,Block List Project,single_source,caesarspalaceonline.com,Block List Project,1,,,,0,23,0,1,1,0,0,3.4144413036949723,0,1471.0,1,0,1,235358.0,caesarspalaceonline.com,exact,confirmed_gambling,Already confirmed by gambling blocklist/manual research,99,caesarspalaceonline.com,,,,,False,1,external gambling verification,False
butterflybingo.com,0,1.0,confirmed_gambling,Block List Project,single_source,butterflybingo.com,Block List Project,1,,,,0,18,0,1,1,0,0,3.836591668108978,0,4852.0,1,1,1,,,,confirmed_gambling,Already confirmed by gambling blocklist/manual research,99,butterflybingo.com,,,,,False,1,external gambling verification,False
luckpot.ph,0,1.0,confirmed_gambling,Block List Project,single_source,luckpot.ph,Block List Project,1,,,,0,10,0,1,1,0,0,3.1219280948873624,0,0.0,0,0,1,,,,confirmed_gambling,Already confirmed by gambling blocklist/manual research,99,luckpot.ph,,,,,False,1,external gambling verification,False
okadaonlinecasino.com,0,1.0,confirmed_gambling,Block List Project,single_source,okadaonlinecasino.com,Block List Project,1,,,,1,21,0,1,1,0,0,3.3680424225727155,0,1698.0,1,1,1,816573.0,okadaonlinecasino.com,exact,confirmed_gambling,Already confirmed by gambling blocklist/manual research,99,okadaonlinecasino.com,,,,,False,1,external gambling verification,False
casiwinner.com,1,1.0,confirmed_gambling,Block List Project,single_source,casiwinner.com,Block List Project,1,,,,1,14,0,1,1,0,0,3.378783493486176,0,444.0,1,1,1,,,,confirmed_gambling,Already confirmed by gambling blocklist/manual research,99,casiwinner.com,,,,,False,1,external gambling verification,False
hacksawgaming.com,0,1.0,confirmed_gambling,"Block List Project, UT1 Gambling",multi_source,hacksawgaming.com,"Block List Project, UT1 Gambling",2,,,,0,17,0,1,1,0,0,3.4548223999466057,0,3062.0,1,0,1,33494.0,hacksawgaming.com,exact,confirmed_gambling,Already confirmed by gambling blocklist/manual research,99,hacksawgaming.com,,,,,False,1,external gambling verification,False
royale-casino.net,1,1.0,confirmed_gambling,Block List Project,single_source,royale-casino.net,Block List Project,1,,,,1,17,0,2,1,1,0,3.616874605956222,0,775.0,1,1,1,,,,confirmed_gambling,Already confirmed by gambling blocklist/manual research,99,royale-casino.net,,,,,False,1,external gambling verification,False
hippodromeonline.com,0,1.0,confirmed_gambling,Block List Project,single_source,hippodromeonline.com,Block List Project,1,,,,0,20,0,1,1,0,0,3.4219280948873627,0,5967.0,1,0,1,387583.0,hippodromeonline.com,exact,confirmed_gambling,Already confirmed by gambling blocklist/manual research,99,hippodromeonline.com,,,,,False,1,external gambling verification,False
casinoper790.com,1,1.0,confirmed_gambling,UT1 Gambling,single_source,casinoper790.com,UT1 Gambling,1,,,,1,16,3,1,1,0,0,3.75,0,0.0,0,0,1,,,,confirmed_gambling,Already confirmed by gambling blocklist/manual research,99,casinoper790.com,,,,,False,1,external gambling verification,False
pokerstars.uk,0,1.0,confirmed_gambling,Block List Project,single_source,pokerstars.uk,Block List Project,1,,,,0,13,0,1,1,0,0,3.238901256602631,0,4322.0,1,0,1,155733.0,pokerstars.uk,exact,confirmed_gambling,Already confirmed by gambling blocklist/manual research,99,pokerstars.uk,,,,,False,1,external gambling verification,False
luckyfuel.com,0,1.0,confirmed_gambling,Block List Project,single_source,luckyfuel.com,Block List Project,1,,,,0,13,0,1,1,0,0,3.238901256602631,0,2222.0,1,1,1,,,,confirmed_gambling,Already confirmed by gambling blocklist/manual research,99,luckyfuel.com,,,,,False,1,external gambling verification,False
winzir.ph,0,1.0,confirmed_gambling,Block List Project,single_source,winzir.ph,Block List Project,1,,,,1,9,0,1,1,0,0,2.94770277922009,0,0.0,0,1,1,71814.0,winzir.ph,exact,confirmed_gambling,Already confirmed by gambling blocklist/manual research,99,winzir.ph,,,,,False,1,external gambling verification,False
giantspins.com,0,1.0,confirmed_gambling,Block List Project,single_source,giantspins.com,Block List Project,1,,,,0,14,0,1,1,0,0,3.378783493486176,0,2825.0,1,1,1,,,,confirmed_gambling,Already confirmed by gambling blocklist/manual research,99,giantspins.com,,,,,False,1,external gambling verification,False
bwin.com,0,1.0,confirmed_gambling,"Block List Project, UT1 Gambling",multi_source,bwin.com,"Block List Project, UT1 Gambling",2,,,,1,8,0,1,1,0,0,3.0,0,8409.0,1,0,1,18287.0,bwin.com,exact,confirmed_gambling,Already confirmed by gambling blocklist/manual research,99,bwin.com,,,,,False,1,external gambling verification,False
smarkets.com,0,1.0,confirmed_gambling,Block List Project,single_source,smarkets.com,Block List Project,1,,,,0,12,0,1,1,0,0,3.2516291673878226,0,7510.0,1,0,1,129283.0,smarkets.com,exact,confirmed_gambling,Already confirmed by gambling blocklist/manual research,99,smarkets.com,,,,,False,1,external gambling verification,False
xlbet.com,0,1.0,confirmed_gambling,"Block List Project, UT1 Gambling",multi_source,xlbet.com,"Block List Project, UT1 Gambling",2,,,,1,9,0,1,1,0,0,3.169925001442312,0,7810.0,1,0,1,,,,confirmed_gambling,Already confirmed by gambling blocklist/manual research,99,xlbet.com,,,,,False,1,external gambling verification,False
betovis.com,1,1.0,confirmed_gambling,Block List Project,single_source,betovis.com,Block List Project,1,,,,1,11,0,1,1,0,0,3.277613436819116,0,2010.0,1,0,1,,,,confirmed_gambling,Already confirmed by gambling blocklist/manual research,99,betovis.com,,,,,False,1,external gambling verification,False
coral.co.uk,0,1.0,confirmed_gambling,"Block List Project, UT1 Gambling",multi_source,coral.co.uk,"Block List Project, UT1 Gambling",2,,,,0,11,0,2,2,0,0,2.913977073182752,0,10846.0,1,0,1,12177.0,coral.co.uk,exact,confirmed_gambling,Already confirmed by gambling blocklist/manual research,99,coral.co.uk,,,,,False,1,external gambling verification,False
solaireonline.com,0,1.0,confirmed_gambling,Block List Project,single_source,solaireonline.com,Block List Project,1,,,,0,17,0,1,1,0,0,3.3371753411230767,0,3389.0,1,1,1,505704.0,solaireonline.com,exact,confirmed_gambling,Already confirmed by gambling blocklist/manual research,99,solaireonline.com,,,,,False,1,external gambling verification,False
okbet.game,0,1.0,confirmed_gambling,Block List Project,single_source,okbet.game,Block List Project,1,,,,1,10,0,1,1,0,0,3.1219280948873624,0,1512.0,1,1,1,,,,confirmed_gambling,Already confirmed by gambling blocklist/manual research,99,okbet.game,,,,,False,1,external gambling verification,False
paddypower.com,0,1.0,confirmed_gambling,"Block List Project, UT1 Gambling",multi_source,paddypower.com,"Block List Project, UT1 Gambling",2,,,,0,14,0,1,1,0,0,3.378783493486176,0,10127.0,1,0,1,5468.0,paddypower.com,exact,confirmed_gambling,Already confirmed by gambling blocklist/manual research,99,paddypower.com,,,,,False,1,external gambling verification,False
hunkybingo.com,0,1.0,confirmed_gambling,Block List Project,single_source,hunkybingo.com,Block List Project,1,,,,0,14,0,1,1,0,0,3.521640636343318,0,4222.0,1,1,1,,,,confirmed_gambling,Already confirmed by gambling blocklist/manual research,99,hunkybingo.com,,,,,False,1,external gambling verification,False
747ph.live,0,1.0,confirmed_gambling,Block List Project,single_source,747ph.live,Block List Project,1,,,,0,10,3,1,1,0,0,3.1219280948873624,0,0.0,0,1,1,73565.0,747ph.live,exact,confirmed_gambling,Already confirmed by gambling blocklist/manual research,99,747ph.live,,,,,False,1,external gambling verification,False
inplay.88play.ph,0,1.0,confirmed_gambling,Block List Project,single_source,88play.ph,Block List Project,1,,,,0,16,2,2,2,0,0,3.077819531114783,0,0.0,0,0,0,,,,confirmed_gambling,Already confirmed by gambling blocklist/manual research,99,inplay.88play.ph,,,,,False,1,external gambling verification,False
mobile.betboro.com,0,1.0,confirmed_gambling,Block List Project,single_source,betboro.com,Block List Project,1,,,,1,18,0,2,2,0,0,3.127986806877676,0,4603.0,1,1,1,152825.0,betboro.com,parent_domain,confirmed_gambling,Already confirmed by gambling blocklist/manual research,99,mobile.betboro.com,,,,,False,1,external gambling verification,False
b-bets.com,0,1.0,confirmed_gambling,Block List Project,single_source,b-bets.com,Block List Project,1,,,,1,10,0,2,1,1,0,3.1219280948873624,0,4381.0,1,0,1,572728.0,b-bets.com,exact,confirmed_gambling,Already confirmed by gambling blocklist/manual research,99,b-bets.com,,,,,False,1,external gambling verification,False
alfobet.com,0,1.0,confirmed_gambling,"Block List Project, UT1 Gambling",multi_source,alfobet.com,"Block List Project, UT1 Gambling",2,,,,1,11,0,1,1,0,0,3.277613436819116,0,465.0,1,1,1,,,,confirmed_gambling,Already confirmed by gambling blocklist/manual research,99,alfobet.com,,,,,False,1,external gambling verification,False
grandmondial.co.uk,0,1.0,confirmed_gambling,Block List Project,single_source,grandmondial.co.uk,Block List Project,1,,,,0,18,0,2,2,0,0,3.614369445886757,0,6873.0,1,1,1,,,,confirmed_gambling,Already confirmed by gambling blocklist/manual research,99,grandmondial.co.uk,,,,,False,1,external gambling verification,False
nitrocasino.com,0,1.0,confirmed_gambling,"Block List Project, UT1 Gambling",multi_source,nitrocasino.com,"Block List Project, UT1 Gambling",2,,,,1,15,0,1,1,0,0,3.1898980954642875,0,4218.0,1,0,1,930451.0,nitrocasino.com,exact,confirmed_gambling,Already confirmed by gambling blocklist/manual research,99,nitrocasino.com,,,,,False,1,external gambling verification,False
betuk.com,0,1.0,confirmed_gambling,"Block List Project, UT1 Gambling",multi_source,betuk.com,"Block List Project, UT1 Gambling",2,,,,1,9,0,1,1,0,0,3.169925001442312,0,9368.0,1,1,1,286053.0,betuk.com,exact,confirmed_gambling,Already confirmed by gambling blocklist/manual research,99,betuk.com,,,,,False,1,external gambling verification,False
phoeniciancasino.eu,0,1.0,confirmed_gambling,Block List Project,single_source,phoeniciancasino.eu,Block List Project,1,,,,1,19,0,1,1,0,0,3.326360407952694,0,0.0,0,1,1,,,,confirmed_gambling,Already confirmed by gambling blocklist/manual research,99,phoeniciancasino.eu,,,,,False,1,external gambling verification,False
playtime.com.ph,0,1.0,confirmed_gambling,Block List Project,single_source,playtime.com.ph,Block List Project,1,,,,0,15,0,2,2,0,0,3.506890595608519,0,0.0,0,1,1,,,,confirmed_gambling,Already confirmed by gambling blocklist/manual research,99,playtime.com.ph,,,,,False,1,external gambling verification,False
ww88xx.vip,1,1.0,confirmed_gambling,Block List Project,single_source,ww88xx.vip,Block List Project,1,,,,0,10,2,1,1,0,0,2.721928094887362,0,233.0,1,1,1,,,,confirmed_gambling,Already confirmed by gambling blocklist/manual research,99,ww88xx.vip,,,,,False,1,external gambling verification,False
partypoker.com,0,1.0,confirmed_gambling,"Block List Project, UT1 Gambling",multi_source,partypoker.com,"Block List Project, UT1 Gambling",2,,,,0,14,0,1,1,0,0,3.378783493486176,0,9732.0,1,0,1,19557.0,partypoker.com,exact,confirmed_gambling,Already confirmed by gambling blocklist/manual research,99,partypoker.com,,,,,False,1,external gambling verification,False
w88.com,1,1.0,confirmed_gambling,Block List Project,single_source,w88.com,Block List Project,1,,,,0,7,2,1,1,0,0,2.521640636343318,0,8411.0,1,0,1,,,,confirmed_gambling,Already confirmed by gambling blocklist/manual research,99,w88.com,,,,,False,1,external gambling verification,False
casinojefe.com,0,1.0,confirmed_gambling,Block List Project,single_source,casinojefe.com,Block List Project,1,,,,1,14,0,1,1,0,0,3.378783493486176,0,4147.0,1,1,1,,,,confirmed_gambling,Already confirmed by gambling blocklist/manual research,99,casinojefe.com,,,,,False,1,external gambling verification,False
4crownscasino1.com,1,1.0,confirmed_gambling,Block List Project,single_source,4crownscasino1.com,Block List Project,1,,,,1,18,2,1,1,0,0,3.4193819456463714,0,0.0,0,1,1,,,,confirmed_gambling,Already confirmed by gambling blocklist/manual research,99,4crownscasino1.com,,,,,False,1,external gambling verification,False
gullybet.com,1,1.0,confirmed_gambling,Block List Project,single_source,gullybet.com,Block List Project,1,,,,1,12,0,1,1,0,0,3.4182958340544896,0,1810.0,1,0,1,,,,confirmed_gambling,Already confirmed by gambling blocklist/manual research,99,gullybet.com,,,,,False,1,external gambling verification,False
verajohncasino.com,0,1.0,confirmed_gambling,"Block List Project, UT1 Gambling",multi_source,verajohncasino.com,"Block List Project, UT1 Gambling",2,,,,1,18,0,1,1,0,0,3.5724312513221195,0,5668.0,1,0,1,,,,confirmed_gambling,Already confirmed by gambling blocklist/manual research,99,verajohncasino.com,,,,,False,1,external gambling verification,False
ptgaming.ph,0,1.0,confirmed_gambling,Block List Project,single_source,ptgaming.ph,Block List Project,1,,,,0,11,0,1,1,0,0,3.095795255000934,0,0.0,0,1,1,1648.0,ptgaming.ph,exact,confirmed_gambling,Already confirmed by gambling blocklist/manual research,99,ptgaming.ph,,,,,False,1,external gambling verification,False
affiliates.winzir.com,0,1.0,confirmed_gambling,Block List Project,single_source,winzir.com,Block List Project,1,,,,1,21,0,2,2,0,0,3.7256507561120937,0,1507.0,1,1,1,,,,confirmed_gambling,Already confirmed by gambling blocklist/manual research,99,affiliates.winzir.com,,,,,False,1,external gambling verification,False
justspin.com,0,1.0,confirmed_gambling,Block List Project,single_source,justspin.com,Block List Project,1,,,,0,12,0,1,1,0,0,3.4182958340544896,0,5572.0,1,0,1,,,,confirmed_gambling,Already confirmed by gambling blocklist/manual research,99,justspin.com,,,,,False,1,external gambling verification,False
horseshoeonlinecasino.com,0,1.0,confirmed_gambling,Block List Project,single_source,horseshoeonlinecasino.com,Block List Project,1,,,,1,25,0,1,1,0,0,3.368884070537636,0,824.0,1,1,1,,,,confirmed_gambling,Already confirmed by gambling blocklist/manual research,99,horseshoeonlinecasino.com,,,,,False,1,external gambling verification,False
luckydino.com,0,1.0,confirmed_gambling,Block List Project,single_source,luckydino.com,Block List Project,1,,,,0,13,0,1,1,0,0,3.3927474104487847,0,4555.0,1,0,1,,,,confirmed_gambling,Already confirmed by gambling blocklist/manual research,99,luckydino.com,,,,,False,1,external gambling verification,False
thelotterlab.com,1,1.0,confirmed_gambling,Block List Project,single_source,thelotterlab.com,Block List Project,1,,,,0,16,0,1,1,0,0,3.327819531114783,0,934.0,1,1,1,,,,confirmed_gambling,Already confirmed by gambling blocklist/manual research,99,thelotterlab.com,,,,,False,1,external gambling verification,False
login.747ph.live,0,1.0,confirmed_gambling,Block List Project,single_source,747ph.live,Block List Project,1,,,,0,16,3,2,2,0,0,3.5,0,0.0,0,1,1,73565.0,747ph.live,parent_domain,confirmed_gambling,Already confirmed by gambling blocklist/manual research,99,login.747ph.live,,,,,False,1,external gambling verification,False
redcross.org.uk,0,,needs_review,,,,,0,,,,0,15,0,2,2,0,0,3.1898980954642875,0,10846.0,1,1,1,34703.0,redcross.org.uk,exact,medium_benign_candidate,Top 100K Tranco and no gambling keyword,2,redcross.org.uk,0.0,verified,official website,British Red Cross humanitarian charity,False,0,manual verification,False
wsop.com,0,1.0,confirmed_gambling,Block List Project,single_source,wsop.com,Block List Project,1,,,,0,8,0,1,1,0,0,2.75,0,8375.0,1,0,1,58305.0,wsop.com,exact,confirmed_gambling,Already confirmed by gambling blocklist/manual research,99,wsop.com,,,,,False,1,external gambling verification,False
bingo.boylesports.com,0,1.0,confirmed_gambling,"Block List Project, UT1 Gambling",multi_source,boylesports.com,"Block List Project, UT1 Gambling",2,,,,0,21,0,2,2,0,0,3.7256507561120937,0,9117.0,1,0,1,34760.0,boylesports.com,parent_domain,confirmed_gambling,Already confirmed by gambling blocklist/manual research,99,bingo.boylesports.com,,,,,False,1,external gambling verification,False
bybet.com,0,1.0,confirmed_gambling,Block List Project,single_source,bybet.com,Block List Project,1,,,,1,9,0,1,1,0,0,2.94770277922009,0,4616.0,1,1,1,,,,confirmed_gambling,Already confirmed by gambling blocklist/manual research,99,bybet.com,,,,,False,1,external gambling verification,False
buenas.asia,0,1.0,confirmed_gambling,Block List Project,single_source,buenas.asia,Block List Project,1,,,,0,11,0,1,1,0,0,2.8453509366224368,0,825.0,1,1,1,,,,confirmed_gambling,Already confirmed by gambling blocklist/manual research,99,buenas.asia,,,,,False,1,external gambling verification,False
king.ph,0,1.0,confirmed_gambling,Block List Project,single_source,king.ph,Block List Project,1,,,,0,7,0,1,1,0,0,2.807354922057604,0,0.0,0,0,1,198687.0,king.ph,exact,confirmed_gambling,Already confirmed by gambling blocklist/manual research,99,king.ph,,,,,False,1,external gambling verification,False
eastbridge-sb.com,1,1.0,confirmed_gambling,Block List Project,single_source,eastbridge-sb.com,Block List Project,1,,,,0,17,0,2,1,1,0,3.7345216647797512,0,4184.0,1,0,1,,,,confirmed_gambling,Already confirmed by gambling blocklist/manual research,99,eastbridge-sb.com,,,,,False,1,external gambling verification,False
help.winzir.com,0,1.0,confirmed_gambling,Block List Project,single_source,winzir.com,Block List Project,1,,,,1,15,0,2,2,0,0,3.640223928941852,0,1507.0,1,1,1,,,,confirmed_gambling,Already confirmed by gambling blocklist/manual research,99,help.winzir.com,,,,,False,1,external gambling verification,False
api.blingwin.com,0,1.0,confirmed_gambling,Block List Project,single_source,blingwin.com,Block List Project,1,,,,1,16,0,2,2,0,0,3.452819531114783,0,6.0,1,0,1,,,,confirmed_gambling,Already confirmed by gambling blocklist/manual research,99,api.blingwin.com,,,,,False,1,external gambling verification,False
bigwin29.com,0,1.0,confirmed_gambling,Block List Project,single_source,bigwin29.com,Block List Project,1,,,,1,12,2,1,1,0,0,3.4182958340544896,0,1206.0,1,0,0,,,,confirmed_gambling,Already confirmed by gambling blocklist/manual research,99,bigwin29.com,,,,,False,1,external gambling verification,False
luckygame.ph,0,1.0,confirmed_gambling,Block List Project,single_source,luckygame.ph,Block List Project,1,,,,0,12,0,1,1,0,0,3.584962500721156,0,0.0,0,0,1,805150.0,luckygame.ph,exact,confirmed_gambling,Already confirmed by gambling blocklist/manual research,99,luckygame.ph,,,,,False,1,external gambling verification,False
mfe.bigbunny.ph,0,1.0,confirmed_gambling,Block List Project,single_source,bigbunny.ph,Block List Project,1,,,,0,15,0,2,2,0,0,3.506890595608519,0,0.0,0,0,0,81304.0,bigbunny.ph,parent_domain,confirmed_gambling,Already confirmed by gambling blocklist/manual research,99,mfe.bigbunny.ph,,,,,False,1,external gambling verification,False
raybet03.com,1,1.0,confirmed_gambling,Block List Project,single_source,raybet03.com,Block List Project,1,,,,1,12,2,1,1,0,0,3.584962500721156,0,2931.0,1,1,1,,,,confirmed_gambling,Already confirmed by gambling blocklist/manual research,99,raybet03.com,,,,,False,1,external gambling verification,False
buenas.cc,0,1.0,confirmed_gambling,Block List Project,single_source,buenas.cc,Block List Project,1,,,,0,9,0,1,1,0,0,2.94770277922009,0,825.0,1,1,1,,,,confirmed_gambling,Already confirmed by gambling blocklist/manual research,99,buenas.cc,,,,,False,1,external gambling verification,False
66cc6.com,1,1.0,confirmed_gambling,Block List Project,single_source,66cc6.com,Block List Project,1,,,,0,9,3,1,1,0,0,2.113283334294875,0,1721.0,1,0,1,,,,confirmed_gambling,Already confirmed by gambling blocklist/manual research,99,66cc6.com,,,,,False,1,external gambling verification,False
lakiplay.com,0,1.0,confirmed_gambling,Block List Project,single_source,lakiplay.com,Block List Project,1,,,,0,12,0,1,1,0,0,3.2516291673878226,0,749.0,1,0,0,,,,confirmed_gambling,Already confirmed by gambling blocklist/manual research,99,lakiplay.com,,,,,False,1,external gambling verification,False
quickspinner.com,0,1.0,confirmed_gambling,"Block List Project, UT1 Gambling",multi_source,quickspinner.com,"Block List Project, UT1 Gambling",2,,,,0,16,0,1,1,0,0,3.625,0,2307.0,1,0,1,,,,confirmed_gambling,Already confirmed by gambling blocklist/manual research,99,quickspinner.com,,,,,False,1,external gambling verification,False
big5casino.com,0,1.0,confirmed_gambling,Block List Project,single_source,big5casino.com,Block List Project,1,,,,1,14,1,1,1,0,0,3.378783493486176,0,5504.0,1,0,1,,,,confirmed_gambling,Already confirmed by gambling blocklist/manual research,99,big5casino.com,,,,,False,1,external gambling verification,False
luckybull.com,0,1.0,confirmed_gambling,Block List Project,single_source,luckybull.com,Block List Project,1,,,,0,13,0,1,1,0,0,3.026986833359288,0,3941.0,1,0,1,,,,confirmed_gambling,Already confirmed by gambling blocklist/manual research,99,luckybull.com,,,,,False,1,external gambling verification,False
comeon.com,0,1.0,confirmed_gambling,"Block List Project, UT1 Gambling",multi_source,comeon.com,"Block List Project, UT1 Gambling",2,,,,0,10,0,1,1,0,0,2.4464393446710155,0,10494.0,1,1,1,132897.0,comeon.com,exact,confirmed_gambling,Already confirmed by gambling blocklist/manual research,99,comeon.com,,,,,False,1,external gambling verification,False
pisogame.com,0,1.0,confirmed_gambling,Block List Project,single_source,pisogame.com,Block List Project,1,,,,0,12,0,1,1,0,0,3.2516291673878226,0,849.0,1,1,1,,,,confirmed_gambling,Already confirmed by gambling blocklist/manual research,99,pisogame.com,,,,,False,1,external gambling verification,False
playfrank.com,0,1.0,confirmed_gambling,Block List Project,single_source,playfrank.com,Block List Project,1,,,,0,13,0,1,1,0,0,3.546593564294939,0,4625.0,1,1,1,860139.0,playfrank.com,exact,confirmed_gambling,Already confirmed by gambling blocklist/manual research,99,playfrank.com,,,,,False,1,external gambling verification,False
kachingo.com,0,1.0,confirmed_gambling,"Block List Project, UT1 Gambling",multi_source,kachingo.com,"Block List Project, UT1 Gambling",2,,,,0,12,0,1,1,0,0,3.2516291673878226,0,7667.0,1,1,1,,,,confirmed_gambling,Already confirmed by gambling blocklist/manual research,99,kachingo.com,,,,,False,1,external gambling verification,False
pesomaxfun.com,0,1.0,confirmed_gambling,Block List Project,single_source,pesomaxfun.com,Block List Project,1,,,,0,14,0,1,1,0,0,3.521640636343318,0,223.0,1,1,1,207184.0,pesomaxfun.com,exact,confirmed_gambling,Already confirmed by gambling blocklist/manual research,99,pesomaxfun.com,,,,,False,1,external gambling verification,False
arcticcasino.com,0,1.0,confirmed_gambling,"Block List Project, UT1 Gambling",multi_source,arcticcasino.com,"Block List Project, UT1 Gambling",2,,,,1,16,0,1,1,0,0,3.125,0,5089.0,1,1,1,,,,confirmed_gambling,Already confirmed by gambling blocklist/manual research,99,arcticcasino.com,,,,,False,1,external gambling verification,False
grosvenorcasinos.com,0,1.0,confirmed_gambling,"Block List Project, UT1 Gambling",multi_source,grosvenorcasinos.com,"Block List Project, UT1 Gambling",2,,,,1,20,0,1,1,0,0,3.3841837197791893,0,8543.0,1,0,1,72032.0,grosvenorcasinos.com,exact,confirmed_gambling,Already confirmed by gambling blocklist/manual research,99,grosvenorcasinos.com,,,,,False,1,external gambling verification,False
starsports.bet,0,1.0,confirmed_gambling,"Block List Project, UT1 Gambling",multi_source,starsports.bet,"Block List Project, UT1 Gambling",2,,,,1,14,0,1,1,0,0,2.985228136034252,0,0.0,0,1,1,408567.0,starsports.bet,exact,confirmed_gambling,Already confirmed by gambling blocklist/manual research,99,starsports.bet,,,,,False,1,external gambling verification,False
dingcasino.com,0,1.0,confirmed_gambling,"Block List Project, UT1 Gambling",multi_source,dingcasino.com,"Block List Project, UT1 Gambling",2,,,,1,14,0,1,1,0,0,3.235926350629033,0,907.0,1,1,1,,,,confirmed_gambling,Already confirmed by gambling blocklist/manual research,99,dingcasino.com,,,,,False,1,external gambling verification,False
legendlink.com,0,1.0,confirmed_gambling,Block List Project,single_source,legendlink.com,Block List Project,1,,,,0,14,0,1,1,0,0,3.378783493486176,0,6983.0,1,1,1,,,,confirmed_gambling,Already confirmed by gambling blocklist/manual research,99,legendlink.com,,,,,False,1,external gambling verification,False
jackpotcitycasino.co.uk,0,1.0,confirmed_gambling,"Block List Project, UT1 Gambling",multi_source,jackpotcitycasino.co.uk,"Block List Project, UT1 Gambling",2,,,,1,23,0,2,2,0,0,3.5342190211803404,0,1198.0,1,1,1,492898.0,jackpotcitycasino.co.uk,exact,confirmed_gambling,Already confirmed by gambling blocklist/manual research,99,jackpotcitycasino.co.uk,,,,,False,1,external gambling verification,False
ggpoker.ph,0,1.0,confirmed_gambling,Block List Project,single_source,ggpoker.ph,Block List Project,1,,,,0,10,0,1,1,0,0,2.9219280948873623,0,0.0,0,1,1,,,,confirmed_gambling,Already confirmed by gambling blocklist/manual research,99,ggpoker.ph,,,,,False,1,external gambling verification,False
gamezone88.com,0,1.0,confirmed_gambling,Block List Project,single_source,gamezone88.com,Block List Project,1,,,,0,14,2,1,1,0,0,3.235926350629033,0,1907.0,1,1,1,,,,confirmed_gambling,Already confirmed by gambling blocklist/manual research,99,gamezone88.com,,,,,False,1,external gambling verification,False
ultracasino.com,0,1.0,confirmed_gambling,"Block List Project, UT1 Gambling",multi_source,ultracasino.com,"Block List Project, UT1 Gambling",2,,,,1,15,0,1,1,0,0,3.506890595608519,0,7320.0,1,0,1,972316.0,ultracasino.com,exact,confirmed_gambling,Already confirmed by gambling blocklist/manual research,99,ultracasino.com,,,,,False,1,external gambling verification,False
luckyi.com,0,1.0,confirmed_gambling,Block List Project,single_source,luckyi.com,Block List Project,1,,,,0,10,0,1,1,0,0,3.1219280948873624,0,8137.0,1,1,1,109585.0,luckyi.com,exact,confirmed_gambling,Already confirmed by gambling blocklist/manual research,99,luckyi.com,,,,,False,1,external gambling verification,False
liveroulette.com,0,1.0,confirmed_gambling,"Block List Project, UT1 Gambling",multi_source,liveroulette.com,"Block List Project, UT1 Gambling",2,,,,0,16,0,1,1,0,0,3.327819531114783,0,10149.0,1,1,1,,,,confirmed_gambling,Already confirmed by gambling blocklist/manual research,99,liveroulette.com,,,,,False,1,external gambling verification,False
casino.draftkings.com,0,1.0,confirmed_gambling,"Block List Project, UT1 Gambling",multi_source,draftkings.com,"Block List Project, UT1 Gambling",2,,,,1,21,0,2,2,0,0,3.725650756112093,0,5508.0,1,1,1,4809.0,draftkings.com,parent_domain,confirmed_gambling,Already confirmed by gambling blocklist/manual research,99,casino.draftkings.com,,,,,False,1,external gambling verification,False
galabingo.com,0,1.0,confirmed_gambling,Block List Project,single_source,galabingo.com,Block List Project,1,,,,0,13,0,1,1,0,0,3.238901256602631,0,9860.0,1,0,1,39736.0,galabingo.com,exact,confirmed_gambling,Already confirmed by gambling blocklist/manual research,99,galabingo.com,,,,,False,1,external gambling verification,False
nitrowin.com,0,1.0,confirmed_gambling,Block List Project,single_source,nitrowin.com,Block List Project,1,,,,1,12,0,1,1,0,0,3.084962500721156,0,3505.0,1,1,1,,,,confirmed_gambling,Already confirmed by gambling blocklist/manual research,99,nitrowin.com,,,,,False,1,external gambling verification,False
kordonbet.com,1,1.0,confirmed_gambling,Block List Project,single_source,kordonbet.com,Block List Project,1,,,,1,13,0,1,1,0,0,3.334679141051595,0,2087.0,1,0,1,,,,confirmed_gambling,Already confirmed by gambling blocklist/manual research,99,kordonbet.com,,,,,False,1,external gambling verification,False
regentplay.com,0,1.0,confirmed_gambling,Block List Project,single_source,regentplay.com,Block List Project,1,,,,0,14,0,1,1,0,0,3.664497779200461,0,2014.0,1,1,1,,,,confirmed_gambling,Already confirmed by gambling blocklist/manual research,99,regentplay.com,,,,,False,1,external gambling verification,False
vauhdikas.com,0,1.0,confirmed_gambling,Block List Project,single_source,vauhdikas.com,Block List Project,1,,,,0,13,0,1,1,0,0,3.546593564294939,0,912.0,1,1,1,,,,confirmed_gambling,Already confirmed by gambling blocklist/manual research,99,vauhdikas.com,,,,,False,1,external gambling verification,False
kzingdemo.com,1,1.0,confirmed_gambling,Block List Project,single_source,kzingdemo.com,Block List Project,1,,,,0,13,0,1,1,0,0,3.3927474104487847,0,2600.0,1,1,1,,,,confirmed_gambling,Already confirmed by gambling blocklist/manual research,99,kzingdemo.com,,,,,False,1,external gambling verification,False
ggbbbet.net,1,1.0,confirmed_gambling,Block List Project,single_source,ggbbbet.net,Block List Project,1,,,,1,11,0,1,1,0,0,2.481714572986073,0,1663.0,1,0,1,,,,confirmed_gambling,Already confirmed by gambling blocklist/manual research,99,ggbbbet.net,,,,,False,1,external gambling verification,False
nj.bet365.com,0,1.0,confirmed_gambling,"Block List Project, UT1 Gambling",multi_source,bet365.com,"Block List Project, UT1 Gambling",2,,,,1,13,3,2,2,0,0,3.546593564294939,0,9747.0,1,0,1,4398.0,bet365.com,parent_domain,confirmed_gambling,Already confirmed by gambling blocklist/manual research,99,nj.bet365.com,,,,,False,1,external gambling verification,False
winzir.net,0,1.0,confirmed_gambling,Block List Project,single_source,winzir.net,Block List Project,1,,,,1,10,0,1,1,0,0,2.9219280948873623,0,1507.0,1,1,1,,,,confirmed_gambling,Already confirmed by gambling blocklist/manual research,99,winzir.net,,,,,False,1,external gambling verification,False
24casino1.bet,1,1.0,confirmed_gambling,"Block List Project, UT1 Gambling",multi_source,24casino1.bet,"Block List Project, UT1 Gambling",2,,,,1,13,3,1,1,0,0,3.7004397181410926,0,0.0,0,1,1,,,,confirmed_gambling,Already confirmed by gambling blocklist/manual research,99,24casino1.bet,,,,,False,1,external gambling verification,False
kwiff.com,0,1.0,confirmed_gambling,Block List Project,single_source,kwiff.com,Block List Project,1,,,,0,9,0,1,1,0,0,2.94770277922009,0,4306.0,1,1,1,274292.0,kwiff.com,exact,confirmed_gambling,Already confirmed by gambling blocklist/manual research,99,kwiff.com,,,,,False,1,external gambling verification,False
pokerstarscasino.uk,0,1.0,confirmed_gambling,"Block List Project, UT1 Gambling",multi_source,pokerstarscasino.uk,"Block List Project, UT1 Gambling",2,,,,1,19,0,1,1,0,0,3.5766176449086657,0,4220.0,1,1,1,,,,confirmed_gambling,Already confirmed by gambling blocklist/manual research,99,pokerstarscasino.uk,,,,,False,1,external gambling verification,False
healthlottery.co.uk,0,1.0,confirmed_gambling,"Block List Project, UT1 Gambling",multi_source,healthlottery.co.uk,"Block List Project, UT1 Gambling",2,,,,0,19,0,2,2,0,0,3.471354487013929,0,6891.0,1,1,1,385135.0,healthlottery.co.uk,exact,confirmed_gambling,Already confirmed by gambling blocklist/manual research,99,healthlottery.co.uk,,,,,False,1,external gambling verification,False
sugarino.com,0,1.0,confirmed_gambling,Block List Project,single_source,sugarino.com,Block List Project,1,,,,0,12,0,1,1,0,0,3.4182958340544896,0,4370.0,1,1,1,,,,confirmed_gambling,Already confirmed by gambling blocklist/manual research,99,sugarino.com,,,,,False,1,external gambling verification,False
luckypantsbingo.com,0,1.0,confirmed_gambling,Block List Project,single_source,luckypantsbingo.com,Block List Project,1,,,,0,19,0,1,1,0,0,3.932138039759375,0,5044.0,1,0,1,386603.0,luckypantsbingo.com,exact,confirmed_gambling,Already confirmed by gambling blocklist/manual research,99,luckypantsbingo.com,,,,,False,1,external gambling verification,False
omnislots.com,0,1.0,confirmed_gambling,"Block List Project, UT1 Gambling",multi_source,omnislots.com,"Block List Project, UT1 Gambling",2,,,,1,13,0,1,1,0,0,3.026986833359288,0,4159.0,1,0,1,545490.0,omnislots.com,exact,confirmed_gambling,Already confirmed by gambling blocklist/manual research,99,omnislots.com,,,,,False,1,external gambling verification,False
bingoplus.com,0,1.0,confirmed_gambling,Block List Project,single_source,bingoplus.com,Block List Project,1,,,,0,13,0,1,1,0,0,3.546593564294939,0,8407.0,1,1,1,1591.0,bingoplus.com,exact,confirmed_gambling,Already confirmed by gambling blocklist/manual research,99,bingoplus.com,,,,,False,1,external gambling verification,False
nj.betrivers.com,0,1.0,confirmed_gambling,"Block List Project, UT1 Gambling",multi_source,betrivers.com,"Block List Project, UT1 Gambling",2,,,,1,16,0,2,2,0,0,3.625,0,2879.0,1,1,1,45626.0,betrivers.com,parent_domain,confirmed_gambling,Already confirmed by gambling blocklist/manual research,99,nj.betrivers.com,,,,,False,1,external gambling verification,False
hashlucky.io,1,1.0,confirmed_gambling,Block List Project,single_source,hashlucky.io,Block List Project,1,,,,0,12,0,1,1,0,0,3.4182958340544896,0,900.0,1,0,1,,,,confirmed_gambling,Already confirmed by gambling blocklist/manual research,99,hashlucky.io,,,,,False,1,external gambling verification,False
magicred.com,0,1.0,confirmed_gambling,"Block List Project, UT1 Gambling",multi_source,magicred.com,"Block List Project, UT1 Gambling",2,,,,0,12,0,1,1,0,0,3.2516291673878226,0,7606.0,1,1,1,529608.0,magicred.com,exact,confirmed_gambling,Already confirmed by gambling blocklist/manual research,99,magicred.com,,,,,False,1,external gambling verification,False
pirateslots.com,0,1.0,confirmed_gambling,Block List Project,single_source,pirateslots.com,Block List Project,1,,,,1,15,0,1,1,0,0,3.506890595608519,0,3513.0,1,1,1,,,,confirmed_gambling,Already confirmed by gambling blocklist/manual research,99,pirateslots.com,,,,,False,1,external gambling verification,False
peryaplay.ph,0,1.0,confirmed_gambling,Block List Project,single_source,peryaplay.ph,Block List Project,1,,,,0,12,0,1,1,0,0,2.8553885422075336,0,0.0,0,1,1,,,,confirmed_gambling,Already confirmed by gambling blocklist/manual research,99,peryaplay.ph,,,,,False,1,external gambling verification,False
kittybingo.com,0,1.0,confirmed_gambling,Block List Project,single_source,kittybingo.com,Block List Project,1,,,,0,14,0,1,1,0,0,3.378783493486176,0,6886.0,1,0,1,414130.0,kittybingo.com,exact,confirmed_gambling,Already confirmed by gambling blocklist/manual research,99,kittybingo.com,,,,,False,1,external gambling verification,False
hannliveonline.com,0,1.0,confirmed_gambling,Block List Project,single_source,hannliveonline.com,Block List Project,1,,,,0,18,0,1,1,0,0,3.281036112553424,0,772.0,1,0,1,,,,confirmed_gambling,Already confirmed by gambling blocklist/manual research,99,hannliveonline.com,,,,,False,1,external gambling verification,False
sg8.bet,0,1.0,confirmed_gambling,"Block List Project, UT1 Gambling",multi_source,sg8.bet,"Block List Project, UT1 Gambling",2,,,,1,7,1,1,1,0,0,2.807354922057604,0,0.0,0,1,1,,,,confirmed_gambling,Already confirmed by gambling blocklist/manual research,99,sg8.bet,,,,,False,1,external gambling verification,False
hawkgaming.com,0,1.0,confirmed_gambling,Block List Project,single_source,hawkgaming.com,Block List Project,1,,,,0,14,0,1,1,0,0,3.378783493486176,0,4452.0,1,0,0,,,,confirmed_gambling,Already confirmed by gambling blocklist/manual research,99,hawkgaming.com,,,,,False,1,external gambling verification,False
elbet.com,0,1.0,confirmed_gambling,Block List Project,single_source,elbet.com,Block List Project,1,,,,1,9,0,1,1,0,0,2.94770277922009,0,7820.0,1,1,1,327386.0,elbet.com,exact,confirmed_gambling,Already confirmed by gambling blocklist/manual research,99,elbet.com,,,,,False,1,external gambling verification,False
winkbingo.com,0,1.0,confirmed_gambling,Block List Project,single_source,winkbingo.com,Block List Project,1,,,,1,13,0,1,1,0,0,3.238901256602631,0,6857.0,1,0,1,314157.0,winkbingo.com,exact,confirmed_gambling,Already confirmed by gambling blocklist/manual research,99,winkbingo.com,,,,,False,1,external gambling verification,False
spinrio.com,0,1.0,confirmed_gambling,Block List Project,single_source,spinrio.com,Block List Project,1,,,,0,11,0,1,1,0,0,3.095795255000934,0,2099.0,1,1,1,,,,confirmed_gambling,Already confirmed by gambling blocklist/manual research,99,spinrio.com,,,,,False,1,external gambling verification,False
queenvegas.com,0,1.0,confirmed_gambling,Block List Project,single_source,queenvegas.com,Block List Project,1,,,,0,14,0,1,1,0,0,3.4677201004745,0,7391.0,1,0,1,,,,confirmed_gambling,Already confirmed by gambling blocklist/manual research,99,queenvegas.com,,,,,False,1,external gambling verification,False
betfred.com,0,1.0,confirmed_gambling,"Block List Project, UT1 Gambling",multi_source,betfred.com,"Block List Project, UT1 Gambling",2,,,,1,11,0,1,1,0,0,3.277613436819116,0,8451.0,1,0,1,29639.0,betfred.com,exact,confirmed_gambling,Already confirmed by gambling blocklist/manual research,99,betfred.com,,,,,False,1,external gambling verification,False
s5.com,0,1.0,confirmed_gambling,Block List Project,single_source,s5.com,Block List Project,1,,,,0,6,1,1,1,0,0,2.584962500721156,0,10721.0,1,0,1,126238.0,s5.com,exact,confirmed_gambling,Already confirmed by gambling blocklist/manual research,99,s5.com,,,,,False,1,external gambling verification,False
fairplay.ph,0,1.0,confirmed_gambling,Block List Project,single_source,fairplay.ph,Block List Project,1,,,,0,11,0,1,1,0,0,3.095795255000934,0,0.0,0,1,1,782298.0,fairplay.ph,exact,confirmed_gambling,Already confirmed by gambling blocklist/manual research,99,fairplay.ph,,,,,False,1,external gambling verification,False
casino.netbet.co.uk,0,1.0,confirmed_gambling,"Block List Project, UT1 Gambling",multi_source,netbet.co.uk,"Block List Project, UT1 Gambling",2,,,,1,19,0,3,3,0,0,3.471354487013929,0,7283.0,1,0,1,76142.0,netbet.co.uk,parent_domain,confirmed_gambling,Already confirmed by gambling blocklist/manual research,99,casino.netbet.co.uk,,,,,False,1,external gambling verification,False
plazaroyal.com,0,1.0,confirmed_gambling,Block List Project,single_source,plazaroyal.com,Block List Project,1,,,,0,14,0,1,1,0,0,3.1820058147602133,0,9943.0,1,1,1,,,,confirmed_gambling,Already confirmed by gambling blocklist/manual research,99,plazaroyal.com,,,,,False,1,external gambling verification,False
okfun.ph,0,1.0,confirmed_gambling,Block List Project,single_source,okfun.ph,Block List Project,1,,,,0,8,0,1,1,0,0,3.0,0,0.0,0,1,1,,,,confirmed_gambling,Already confirmed by gambling blocklist/manual research,99,okfun.ph,,,,,False,1,external gambling verification,False
patokbet.com,0,1.0,confirmed_gambling,Block List Project,single_source,patokbet.com,Block List Project,1,,,,1,12,0,1,1,0,0,3.2516291673878226,0,1052.0,1,1,1,,,,confirmed_gambling,Already confirmed by gambling blocklist/manual research,99,patokbet.com,,,,,False,1,external gambling verification,False
playpal77.ph,0,1.0,confirmed_gambling,Block List Project,single_source,playpal77.ph,Block List Project,1,,,,0,12,2,1,1,0,0,2.688721875540867,0,0.0,0,1,1,,,,confirmed_gambling,Already confirmed by gambling blocklist/manual research,99,playpal77.ph,,,,,False,1,external gambling verification,False
okgames.net,0,1.0,confirmed_gambling,Block List Project,single_source,okgames.net,Block List Project,1,,,,0,11,0,1,1,0,0,3.277613436819116,0,7722.0,1,1,1,,,,confirmed_gambling,Already confirmed by gambling blocklist/manual research,99,okgames.net,,,,,False,1,external gambling verification,False
1-bdmbet.com,1,1.0,confirmed_gambling,Block List Project,single_source,1-bdmbet.com,Block List Project,1,,,,1,12,1,2,1,1,0,3.2516291673878226,0,659.0,1,0,0,,,,confirmed_gambling,Already confirmed by gambling blocklist/manual research,99,1-bdmbet.com,,,,,False,1,external gambling verification,False
755bet.com,1,1.0,confirmed_gambling,Block List Project,single_source,755bet.com,Block List Project,1,,,,1,10,3,1,1,0,0,3.1219280948873624,0,3227.0,1,1,1,753316.0,755bet.com,exact,confirmed_gambling,Already confirmed by gambling blocklist/manual research,99,755bet.com,,,,,False,1,external gambling verification,False
bingoplus.online,0,1.0,confirmed_gambling,Block List Project,single_source,bingoplus.online,Block List Project,1,,,,0,16,0,1,1,0,0,3.327819531114783,1,1613.0,1,1,1,,,,confirmed_gambling,Already confirmed by gambling blocklist/manual research,99,bingoplus.online,,,,,False,1,external gambling verification,False
lottoland.co.uk,0,1.0,confirmed_gambling,Block List Project,single_source,lottoland.co.uk,Block List Project,1,,,,0,15,0,2,2,0,0,3.1898980954642875,0,4827.0,1,1,1,160656.0,lottoland.co.uk,exact,confirmed_gambling,Already confirmed by gambling blocklist/manual research,99,lottoland.co.uk,,,,,False,1,external gambling verification,False
skyvegas.com,0,1.0,confirmed_gambling,Block List Project,single_source,skyvegas.com,Block List Project,1,,,,0,12,0,1,1,0,0,3.4182958340544896,0,9175.0,1,1,1,3624.0,skyvegas.com,exact,confirmed_gambling,Already confirmed by gambling blocklist/manual research,99,skyvegas.com,,,,,False,1,external gambling verification,False
kingbet86.com,1,1.0,confirmed_gambling,Block List Project,single_source,kingbet86.com,Block List Project,1,,,,1,13,2,1,1,0,0,3.7004397181410926,0,71.0,1,0,1,,,,confirmed_gambling,Already confirmed by gambling blocklist/manual research,99,kingbet86.com,,,,,False,1,external gambling verification,False
app-domain.pin77.com,0,1.0,confirmed_gambling,Block List Project,single_source,pin77.com,Block List Project,1,,,,0,20,2,3,2,1,0,3.3841837197791893,0,2135.0,1,0,0,,,,confirmed_gambling,Already confirmed by gambling blocklist/manual research,99,app-domain.pin77.com,,,,,False,1,external gambling verification,False
jackpotcity.co.uk,0,1.0,confirmed_gambling,Block List Project,single_source,jackpotcity.co.uk,Block List Project,1,,,,1,17,0,2,2,0,0,3.3371753411230767,0,8718.0,1,1,1,,,,confirmed_gambling,Already confirmed by gambling blocklist/manual research,99,jackpotcity.co.uk,,,,,False,1,external gambling verification,False
casinosieger.com,0,1.0,confirmed_gambling,Block List Project,single_source,casinosieger.com,Block List Project,1,,,,1,16,0,1,1,0,0,3.375,0,5385.0,1,0,1,649008.0,casinosieger.com,exact,confirmed_gambling,Already confirmed by gambling blocklist/manual research,99,casinosieger.com,,,,,False,1,external gambling verification,False
gtaya.com,0,1.0,confirmed_gambling,Block List Project,single_source,gtaya.com,Block List Project,1,,,,0,9,0,1,1,0,0,2.94770277922009,0,309.0,1,1,1,216340.0,gtaya.com,exact,confirmed_gambling,Already confirmed by gambling blocklist/manual research,99,gtaya.com,,,,,False,1,external gambling verification,False
slotnite.com,0,1.0,confirmed_gambling,Block List Project,single_source,slotnite.com,Block List Project,1,,,,1,12,0,1,1,0,0,3.2516291673878226,0,2792.0,1,1,1,,,,confirmed_gambling,Already confirmed by gambling blocklist/manual research,99,slotnite.com,,,,,False,1,external gambling verification,False
j8992.com,1,1.0,confirmed_gambling,Block List Project,single_source,j8992.com,Block List Project,1,,,,0,9,4,1,1,0,0,2.94770277922009,0,20.0,1,0,1,,,,confirmed_gambling,Already confirmed by gambling blocklist/manual research,99,j8992.com,,,,,False,1,external gambling verification,False
460.com,1,1.0,confirmed_gambling,Block List Project,single_source,460.com,Block List Project,1,,,,0,7,3,1,1,0,0,2.807354922057604,0,10201.0,1,1,1,751861.0,460.com,exact,confirmed_gambling,Already confirmed by gambling blocklist/manual research,99,460.com,,,,,False,1,external gambling verification,False
inplay.powerplay.ph,0,1.0,confirmed_gambling,Block List Project,single_source,powerplay.ph,Block List Project,1,,,,0,19,0,2,2,0,0,3.4058222502856905,0,0.0,0,1,1,,,,confirmed_gambling,Already confirmed by gambling blocklist/manual research,99,inplay.powerplay.ph,,,,,False,1,external gambling verification,False
slotsmagic.com,0,1.0,confirmed_gambling,Block List Project,single_source,slotsmagic.com,Block List Project,1,,,,1,14,0,1,1,0,0,3.235926350629033,0,8371.0,1,1,1,497205.0,slotsmagic.com,exact,confirmed_gambling,Already confirmed by gambling blocklist/manual research,99,slotsmagic.com,,,,,False,1,external gambling verification,False
betdaq.com,0,1.0,confirmed_gambling,"Block List Project, UT1 Gambling",multi_source,betdaq.com,"Block List Project, UT1 Gambling",2,,,,1,10,0,1,1,0,0,3.321928094887362,0,9388.0,1,1,1,188373.0,betdaq.com,exact,confirmed_gambling,Already confirmed by gambling blocklist/manual research,99,betdaq.com,,,,,False,1,external gambling verification,False
gamezone.ph,0,1.0,confirmed_gambling,Block List Project,single_source,gamezone.ph,Block List Project,1,,,,0,11,0,1,1,0,0,3.277613436819116,0,0.0,0,1,1,216181.0,gamezone.ph,exact,confirmed_gambling,Already confirmed by gambling blocklist/manual research,99,gamezone.ph,,,,,False,1,external gambling verification,False
buenas.pro,0,1.0,confirmed_gambling,Block List Project,single_source,buenas.pro,Block List Project,1,,,,0,10,0,1,1,0,0,3.321928094887362,0,0.0,0,1,1,,,,confirmed_gambling,Already confirmed by gambling blocklist/manual research,99,buenas.pro,,,,,False,1,external gambling verification,False
rgp.egamescasino.ph,0,1.0,confirmed_gambling,Block List Project,single_source,egamescasino.ph,Block List Project,1,,,,1,19,0,2,2,0,0,3.616348566075165,0,0.0,0,1,1,747344.0,egamescasino.ph,parent_domain,confirmed_gambling,Already confirmed by gambling blocklist/manual research,99,rgp.egamescasino.ph,,,,,False,1,external gambling verification,False
747.live,1,1.0,confirmed_gambling,Block List Project,single_source,747.live,Block List Project,1,,,,0,8,3,1,1,0,0,2.75,0,0.0,0,1,1,22197.0,747.live,exact,confirmed_gambling,Already confirmed by gambling blocklist/manual research,99,747.live,,,,,False,1,external gambling verification,False
nopeampi.com,0,1.0,confirmed_gambling,"Block List Project, UT1 Gambling",multi_source,nopeampi.com,"Block List Project, UT1 Gambling",2,,,,0,12,0,1,1,0,0,3.084962500721156,0,3071.0,1,1,1,732420.0,nopeampi.com,exact,confirmed_gambling,Already confirmed by gambling blocklist/manual research,99,nopeampi.com,,,,,False,1,external gambling verification,False
pushbet.co.uk,0,1.0,confirmed_gambling,Block List Project,single_source,pushbet.co.uk,Block List Project,1,,,,1,13,0,2,2,0,0,3.3927474104487847,0,2155.0,1,1,1,,,,confirmed_gambling,Already confirmed by gambling blocklist/manual research,99,pushbet.co.uk,,,,,False,1,external gambling verification,False
electricspins.com,0,1.0,confirmed_gambling,Block List Project,single_source,electricspins.com,Block List Project,1,,,,0,17,0,1,1,0,0,3.4548223999466057,0,2844.0,1,1,1,,,,confirmed_gambling,Already confirmed by gambling blocklist/manual research,99,electricspins.com,,,,,False,1,external gambling verification,False
skycasino.com,0,1.0,confirmed_gambling,"Block List Project, UT1 Gambling",multi_source,skycasino.com,"Block List Project, UT1 Gambling",2,,,,1,13,0,1,1,0,0,3.238901256602631,0,10803.0,1,0,1,89444.0,skycasino.com,exact,confirmed_gambling,Already confirmed by gambling blocklist/manual research,99,skycasino.com,,,,,False,1,external gambling verification,False
download.pin77.com,0,1.0,confirmed_gambling,Block List Project,single_source,pin77.com,Block List Project,1,,,,0,18,2,2,2,0,0,3.4613201402110083,0,2135.0,1,1,1,,,,confirmed_gambling,Already confirmed by gambling blocklist/manual research,99,download.pin77.com,,,,,False,1,external gambling verification,False
endorphina.com,0,,needs_review,,,,,0,,,,0,14,0,1,1,0,0,3.521640636343318,0,4609.0,1,0,1,210784.0,endorphina.com,exact,weak_benign_candidate,Appears in Tranco Top 1M,4,endorphina.com,1.0,verified,official website,B2B online slot and casino game provider,False,1,manual verification,False
borgataonline.com,0,1.0,confirmed_gambling,"Block List Project, UT1 Gambling",multi_source,borgataonline.com,"Block List Project, UT1 Gambling",2,,,,0,17,0,1,1,0,0,3.572469458770135,0,9398.0,1,1,1,145171.0,borgataonline.com,exact,confirmed_gambling,Already confirmed by gambling blocklist/manual research,99,borgataonline.com,,,,,False,1,external gambling verification,False
play.monopolycasino.com,0,1.0,confirmed_gambling,Block List Project,single_source,monopolycasino.com,Block List Project,1,,,,1,23,0,2,2,0,0,3.323142804994543,0,9944.0,1,0,1,295540.0,monopolycasino.com,parent_domain,confirmed_gambling,Already confirmed by gambling blocklist/manual research,99,play.monopolycasino.com,,,,,False,1,external gambling verification,False
apuestarey.com,0,1.0,confirmed_gambling,"Block List Project, UT1 Gambling",multi_source,apuestarey.com,"Block List Project, UT1 Gambling",2,,,,0,14,0,1,1,0,0,3.521640636343318,0,1270.0,1,1,1,,,,confirmed_gambling,Already confirmed by gambling blocklist/manual research,99,apuestarey.com,,,,,False,1,external gambling verification,False
spintime.ph,0,1.0,confirmed_gambling,Block List Project,single_source,spintime.ph,Block List Project,1,,,,0,11,0,1,1,0,0,3.095795255000934,0,0.0,0,0,1,,,,confirmed_gambling,Already confirmed by gambling blocklist/manual research,99,spintime.ph,,,,,False,1,external gambling verification,False
ph.747.live,0,1.0,confirmed_gambling,Block List Project,single_source,747.live,Block List Project,1,,,,0,11,3,2,2,0,0,3.095795255000934,0,0.0,0,1,1,22197.0,747.live,parent_domain,confirmed_gambling,Already confirmed by gambling blocklist/manual research,99,ph.747.live,,,,,False,1,external gambling verification,False
winpanalo.com,0,1.0,confirmed_gambling,Block List Project,single_source,winpanalo.com,Block List Project,1,,,,1,13,0,1,1,0,0,3.238901256602631,0,458.0,1,0,0,,,,confirmed_gambling,Already confirmed by gambling blocklist/manual research,99,winpanalo.com,,,,,False,1,external gambling verification,False
supercasino.com,0,1.0,confirmed_gambling,"Block List Project, UT1 Gambling",multi_source,supercasino.com,"Block List Project, UT1 Gambling",2,,,,1,15,0,1,1,0,0,3.506890595608519,0,8195.0,1,1,1,421070.0,supercasino.com,exact,confirmed_gambling,Already confirmed by gambling blocklist/manual research,99,supercasino.com,,,,,False,1,external gambling verification,False
betmgm.co.uk,0,1.0,confirmed_gambling,Block List Project,single_source,betmgm.co.uk,Block List Project,1,,,,1,12,0,2,2,0,0,3.2516291673878226,0,1081.0,1,0,1,49757.0,betmgm.co.uk,exact,confirmed_gambling,Already confirmed by gambling blocklist/manual research,99,betmgm.co.uk,,,,,False,1,external gambling verification,False
citybingo.com,0,1.0,confirmed_gambling,"Block List Project, UT1 Gambling",multi_source,citybingo.com,"Block List Project, UT1 Gambling",2,,,,0,13,0,1,1,0,0,3.238901256602631,0,9185.0,1,1,1,,,,confirmed_gambling,Already confirmed by gambling blocklist/manual research,99,citybingo.com,,,,,False,1,external gambling verification,False
klikfifa.com,1,1.0,confirmed_gambling,Block List Project,single_source,klikfifa.com,Block List Project,1,,,,0,12,0,1,1,0,0,3.084962500721156,0,4948.0,1,0,1,,,,confirmed_gambling,Already confirmed by gambling blocklist/manual research,99,klikfifa.com,,,,,False,1,external gambling verification,False
tombola.com,0,1.0,confirmed_gambling,Block List Project,single_source,tombola.com,Block List Project,1,,,,0,11,0,1,1,0,0,2.8453509366224368,0,10666.0,1,1,1,315094.0,tombola.com,exact,confirmed_gambling,Already confirmed by gambling blocklist/manual research,99,tombola.com,,,,,False,1,external gambling verification,False
casinowinner.io,1,1.0,confirmed_gambling,"Block List Project, UT1 Gambling",multi_source,casinowinner.io,"Block List Project, UT1 Gambling",2,,,,1,15,0,1,1,0,0,3.139572261986723,0,655.0,1,0,0,,,,confirmed_gambling,Already confirmed by gambling blocklist/manual research,99,casinowinner.io,,,,,False,1,external gambling verification,False
